openbeta_id,source_name,source_type,source_grade,source_path,source_crag,latitude,longitude,namesake_count_same_country_state,nearest_namesake_id,nearest_namesake_name,nearest_namesake_path,nearest_namesake_crag,nearest_namesake_latitude,nearest_namesake_longitude,nearest_namesake_distance_km,non_generic_name,named_source_and_namesake_crags,all_namesake_crags_distinct,no_cross_level_area_alias,all_namesake_gps_present,all_namesakes_over_20km,no_exact_named_bb_candidate,non_generic_feature_name,non_placeholder_or_descriptive_name
00889779-0e77-4d54-ae34-25392cdb85d0,Bloody Mary,trad,5.8,Canada > Quebec > Laurentides > Lac Boisseau > Three Sisters' Wall,Three Sisters' Wall,46.18198,-74.81157,1,34673cea-5469-4198-b77d-c25ede39283b,Bloody Mary,Canada > Quebec > Laurentides > Val-David > L'Aiguille,L'Aiguille,46.029,-74.1959,50.421,True,True,True,True,True,True,True,True,True
0088fe3d-711a-5145-af8a-9e3e9a8e8451,Mettle Detector,trad,5.12c,United States > North Carolina > 1. Southern Mountains Region > Looking Glass Rock > South Side,South Side,35.30054,-82.79229,1,12019e9f-f7c1-580f-8dbd-3145cc6ae6cf,Mettle Detector,United States > North Carolina > 1. Southern Mountains Region > Rumbling Bald > Cereal Wall,Cereal Wall,35.44964,-82.2129,55.085,True,True,True,True,True,True,True,True,True
01404569-4687-5703-8645-7db5e2d05729,Firestorm,sport,5.7,United States > Utah > Southwest Utah > Saint George > Utah Hills,Utah Hills,37.07353,-113.81905,1,81abd2c3-ea46-5867-8199-15df4f9a1109,Firestorm,United States > Utah > Southwest Utah > Saint George > Crawdad Canyon / Veyo,Crawdad Canyon / Veyo,37.3352,-113.6875,31.342,True,True,True,True,True,True,True,True,True
015a9926-1aa3-576a-9ef6-5e9aaace1e35,Surefire,sport,5.13d,United States > Colorado > South Platte > Elevenmile Canyon > Spray Wall,Spray Wall,38.93993,-105.40626,1,e79bb0ee-7708-57a8-b4c8-dc9c3e15b3ce,Surefire,United States > Colorado > South Platte > Devil's Head > Radio Head,Radio Head,39.26976,-105.11789,44.319,True,True,True,True,True,True,True,True,True
01923148-d7b3-5415-aa37-b7f8e0690a5c,Unemployment Line,sport,5.12a,"United States > Utah > Wasatch Range > Southern Wasatch > Hinterlands, The","Hinterlands, The",40.27488,-111.62795,4,91cbe6e9-0ecd-53f6-9b41-6591d88650f0,Unemployment Line,United States > Utah > Wasatch Range > Central Wasatch > Big Cottonwood Canyon,Big Cottonwood Canyon,40.62108,-111.74946,39.845,True,True,True,True,True,True,True,True,True
0233cefd-0765-5347-8fdb-d9ab02743dfb,Solar Flare,sport,5.11d,United States > Nevada > Southern Nevada > Mormon Mountains > Wall of Misfortune,Wall of Misfortune,36.90311,-114.28458,2,8fb92c6d-f491-502b-b04d-a7819a7cf14d,Solar Flare,United States > Nevada > Southern Nevada > Red Rocks > Calico Basin,Calico Basin,36.16986,-115.42321,130.368,True,True,True,True,True,True,True,True,True
02a0f7fe-86d0-51ab-bc81-c6375afb32c0,Repo Man,trad,5.7,United States > Utah > Southeast Utah > Little Valley > Bull Canyon,Bull Canyon,38.61827,-109.67517,1,0868e19c-3a39-5905-bede-7e6ae952c2c5,Repo man,United States > Utah > Southeast Utah > Indian Creek > Public Service Wall,Public Service Wall,38.10607,-109.57106,57.673,True,True,True,True,True,True,True,True,True
02aebc73-7796-5d6a-8769-d16952b45f19,Arrowhead,boulder,V2,United States > Connecticut > CT Bouldering > Mianus Park > Entrance Outcropping,Entrance Outcropping,41.0814,-73.5949,3,2224772a-eb40-5374-871d-dd2f06a5880f,Arrowhead,United States > Connecticut > CT Bouldering > Bald Rock Basin > Bald Rock,Bald Rock,41.33905,-73.40669,32.69,True,True,True,True,True,True,True,True,True
04183e24-9971-5be1-85a5-371dbcb00d4a,Pacman,boulder,V2-3,United States > Massachusetts > North Shore > Lynn Woods > Greater Lynn Woods Area,Greater Lynn Woods Area,42.52123,-71.0016,1,d15d9ec5-ce8b-5e5f-8ce9-6781b4ffab85,Pac-Man,United States > Massachusetts > North Shore > Cape Ann > Dyke's Pond (Gloucester),Dyke's Pond (Gloucester),42.59742,-70.74926,22.337,True,True,True,True,True,True,True,True,True
051364b2-1e50-5e39-a8ea-ccecc8ab3fe2,Hanky-Panky,boulder,V1-2,United States > Virginia > Southwest Virginia (Appalachia) > High Knob Landform > HKL West,HKL West,36.91842,-82.64318,1,64070725-d38f-5fbe-85d1-25f1a643d3d5,Hanky Panky,United States > Virginia > Southwest Virginia (Appalachia) > Grayson Highlands State Park > ~M.R.N.R.A.,~M.R.N.R.A.,36.62156,-81.5111,106.101,True,True,True,True,True,True,True,True,True
0575414c-1c4a-50ba-a189-5e0d58458d01,The Groove,boulder,V7,United States > Massachusetts > North Shore > Lynn Woods > Stone Tower Area,Stone Tower Area,42.4871,-70.98254,1,540e6efc-931c-5edf-8802-235c69343ebe,The Groove,United States > Massachusetts > North Shore > Cape Ann > Cavalry Boulder Field aka Gymnasium aka Playground,Cavalry Boulder Field aka Gymnasium aka Playground,42.62123,-70.72234,26.013,True,True,True,True,True,True,True,True,True
05e95d0c-93d9-59ec-9bde-e17309fa4538,Bon Chance,trad,5.6,United States > New York > Adirondacks > G: Indian Lake Region > Crane Mountain,Crane Mountain,43.54934,-73.95144,1,ee1da92f-5e9b-54a1-b8ea-5bc705335e50,Bon Chance,United States > New York > Adirondacks > H: Southern Mountains > Good Luck Mountain,Good Luck Mountain,43.249,-74.557,59.236,True,True,True,True,True,True,True,True,True
062138d0-2785-505d-8042-392e0bcf359a,Fear of Flying,trad,5.9+,United States > California > Lake Tahoe > Highway 50 Corridor > Phantom Spires,Phantom Spires,38.78867,-120.24518,4,3eb06b2c-bcc6-502e-aecb-eb02b8044bce,Fear of Flying,"United States > California > Lake Tahoe > South Shore > Pie Shop, The","Pie Shop, The",38.87941,-120.01295,22.504,True,True,True,True,True,True,True,True,True
06379729-cf8a-54ba-a6f7-af83035c2470,Wish You Were Here,sport,5.10a/b,United States > Arizona > Central Arizona > Mingus Mountain > Roadside Crag,Roadside Crag,34.69948,-112.15881,1,f1eb9c24-8e1c-5d9a-994c-da4dabf958cb,Wish You Were Here,United States > Arizona > Central Arizona > **Phoenix Areas > Pinnacle Peak,Pinnacle Peak,33.73287,-111.86528,110.819,True,True,True,True,True,True,True,True,True
06a9755e-dbff-5a34-995d-22d182f16d6d,Tombstone,boulder,V3,United States > Virginia > Southwest Virginia (Appalachia) > Grayson Highlands State Park > Picnic Area,Picnic Area,36.62785,-81.48208,2,c61b6d09-8851-59fd-ad47-a91ac28fd251,Tombstone,United States > Virginia > Southwest Virginia (Appalachia) > Guest River Gorge > (6) Jaybird Gorge,(6) Jaybird Gorge,36.89939,-82.41867,88.726,True,True,True,True,True,True,True,True,True
06c7b0ed-762d-5312-8e61-28cf6373136b,Walk on water,sport,5.8,United States > Nevada > Southern Nevada > Mormon Mountains > Campsite Canyon,Campsite Canyon,36.9095,-114.29276,1,95dce717-5d34-5f7c-88b8-fe7b7d86b5ac,Walk on Water,United States > Nevada > Southern Nevada > Mount Charleston > Kyle Canyon,Kyle Canyon,36.25541,-115.64905,141.262,True,True,True,True,True,True,True,True,True
0868e19c-3a39-5905-bede-7e6ae952c2c5,Repo man,trad,5.11-,United States > Utah > Southeast Utah > Indian Creek > Public Service Wall,Public Service Wall,38.10607,-109.57106,1,02a0f7fe-86d0-51ab-bc81-c6375afb32c0,Repo Man,United States > Utah > Southeast Utah > Little Valley > Bull Canyon,Bull Canyon,38.61827,-109.67517,57.673,True,True,True,True,True,True,True,True,True
08f0c22b-b40f-5dc2-8b54-1a1ca3c923f1,Jelly Belly,boulder,V8-,United States > Massachusetts > North Shore > Cape Ann > Cavalry Boulder Field aka Gymnasium aka Playground,Cavalry Boulder Field aka Gymnasium aka Playground,42.6344,-70.67065,1,38f9dd05-f49c-5ea5-9be4-965a5eb4dd04,Jelly Belly,United States > Massachusetts > North Shore > Lynn Woods > Greater Lynn Woods Area,Greater Lynn Woods Area,42.49727,-70.97562,29.262,True,True,True,True,True,True,True,True,True
09c9f70c-9337-595a-b482-14a151ce1980,For Love of Mother Not,trad,5.6,United States > Colorado > Golden > North Table Mountain/Golden Cliffs > Hot Spot Area,Hot Spot Area,39.76954,-105.22012,1,3dcf3ad0-0d98-5269-901e-a04ebc40425d,For Love of Mothernot,United States > Colorado > Golden > Golden Gate Canyon SP > Mt. Thorodin,Mt. Thorodin,39.88318,-105.43165,22.045,True,True,True,True,True,True,True,True,True
0a0ab0bb-375c-57c5-a35e-40d71c391856,Bottom Feeder,boulder,V3,United States > Virginia > Southwest Virginia (Appalachia) > Atkins Bouldering > Roadside Boulders,Roadside Boulders,36.911,-81.45,2,a1faa57f-e92b-5bf0-9ddd-d6938587a849,Bottom Feeder,United States > Virginia > Southwest Virginia (Appalachia) > Grayson Highlands State Park > Boneyard Area,Boneyard Area,36.61272,-81.49442,33.402,True,True,True,True,True,True,True,True,True
0a402ba3-da64-5a54-8f5c-8ac1262dfa18,Burnt Toast,sport,5.7,"United States > Colorado > Canon City > Shelf Road > Bank, The","Bank, The",38.63157,-105.22818,2,4feabe88-7752-5c9a-929c-e833282c0cce,Burnt Toast,"United States > Colorado > San Luis Valley > Promised Land, The > Main Wall",Main Wall,37.5738,-106.31775,151.402,True,True,True,True,True,True,True,True,True
0b095eaf-01c5-5f82-aaf4-5d984212c872,Happy Hour,boulder,V3,United States > Massachusetts > North Shore > Cape Ann > Dyke's Pond (Gloucester),Dyke's Pond (Gloucester),42.61678,-70.73892,1,1b7a7f54-ba0d-5fda-8221-0cabfeb8285a,Happy Hour,United States > Massachusetts > North Shore > Lynn Woods > Greater Lynn Woods Area,Greater Lynn Woods Area,42.50997,-71.02564,26.315,True,True,True,True,True,True,True,True,True
0bf5c6d9-30cf-5355-9fa3-144ede352e5f,Bar Fly,sport,5.10b,United States > California > Lake Tahoe > I-80 Corridor > Auburn and Grass Valley,Auburn and Grass Valley,38.91902,-121.007,2,2e555c50-7e78-5cd5-8401-ecd41c92dd53,Bar Fly,United States > California > Lake Tahoe > South Shore > Luther Rock,Luther Rock,38.80522,-120.00333,87.817,True,True,True,True,True,True,True,True,True
0c636486-6cf1-5cad-bcd2-c24d8e5e0301,White Trash,sport,5.13a/b,United States > California > Sierra Eastside > Bishop Area > Pine Creek Canyon,Pine Creek Canyon,37.38521,-118.68031,5,c15f6f20-7786-5e64-b88c-56e8116a8d33,White Trash,United States > California > Yosemite National Park > Tuolumne Meadows > Drug Dome,Drug Dome,37.86461,-119.42215,84.321,True,True,True,True,True,True,True,True,True
0c971c67-4102-5c25-9e6c-8278e9ed7284,Slippery When Wet,sport,5.8,United States > Colorado > South Platte > Elevenmile Canyon > Messenger Wall,Messenger Wall,38.9344,-105.4075,3,7588a25b-3244-5511-ae1f-f193e700006d,Slippery When Wet,United States > Colorado > South Platte > Goose Creek/Molly Gulch Campground > Rainy Day Rock,Rainy Day Rock,39.18868,-105.33495,28.96,True,True,True,True,True,True,True,True,True
0deddb31-83c5-58a0-a5a8-8b58b1e8d0eb,The Hitch Hiker,boulder,V4,United States > Montana > Southwest Region > Madison River Area > Bear Trap Road Boulders,Bear Trap Road Boulders,45.59371,-111.56779,1,22bf7cac-d1de-52dc-ab31-face7daef3f1,The Hitchhiker,"United States > Montana > Southwest Region > Lower Pipestone Forest > Trailer Boulders, The","Trailer Boulders, The",45.93761,-112.26298,66.107,True,True,True,True,True,True,True,True,True
0ed9681b-996b-5e36-b4a4-a037572f01cd,Bandit,sport,5.11a,"United States > New Mexico > New Mexico, other Southern Areas > Tunnel, The > Shady Side",Shady Side,32.94557,-105.86045,1,2d4f45cd-c115-582f-aacf-9299e2386545,Bandit,"United States > New Mexico > New Mexico, other Southern Areas > Last Chance Canyon > Mad Cow Wall",Mad Cow Wall,32.2357,-104.7528,130.379,True,True,True,True,True,True,True,True,True
0edabf39-f7b1-56c3-86f2-30211862b517,The Razor,boulder,V3+,United States > Massachusetts > North Shore > Lynn Woods > Parking Lot/Fenway Area,Parking Lot/Fenway Area,42.49311,-70.97774,1,a66fdeae-ddc5-560d-857d-421bf30b60bc,The Razor,United States > Massachusetts > North Shore > Cape Ann > Dyke's Pond (Gloucester),Dyke's Pond (Gloucester),42.61289,-70.72173,24.842,True,True,True,True,True,True,True,True,True
0f3e6c8e-0d25-5f08-a636-68ee8726563e,Barracuda,sport,5.12b,United States > Arizona > Northern Arizona > Winslow- Hwy’s 87 & 99 Corridors > East Clear Creek,East Clear Creek,34.94209,-110.6632,1,19f6ee30-5088-5f55-b977-6bd18c5a70cc,Barracuda,United States > Arizona > Northern Arizona > Flagstaff Area > Mt. Elden Crags,Mt. Elden Crags,35.23893,-111.62114,93.198,True,True,True,True,True,True,True,True,True
0f5a0db3-376c-5431-8f3f-67736e05dab8,Learners Permit,sport,5.5,United States > Utah > Wasatch Range > Southern Wasatch > Rock Canyon,Rock Canyon,40.2665,-111.624,1,b611cd77-ff74-5ffe-b515-aee36b7a536c,Learner's Permit,United States > Utah > Wasatch Range > Central Wasatch > Parley's Canyon,Parley's Canyon,40.71094,-111.78952,51.364,True,True,True,True,True,True,True,True,True
0fbba3b1-e18c-5b82-b640-65700a3ae705,Black Magic,trad,5.10a,United States > California > Lake Tahoe > I-80 Corridor > Donner Summit,Donner Summit,39.32293,-120.32203,5,fea51903-2464-5ec3-81c4-bf646c7d1e6c,Black Magic,"United States > California > Lake Tahoe > South Shore > Projectile, The","Projectile, The",38.89124,-120.02585,54.381,True,True,True,True,True,True,True,True,True
0fc024e8-f4e1-58f4-8966-20e66717dc1e,Out House,boulder,V5+,United States > Virginia > Southwest Virginia (Appalachia) > Bluefield Boulders > Lower Boulders (Stone Building),Lower Boulders (Stone Building),36.65847,-81.53778,1,a9639c95-c373-5492-9086-a5197822c3d7,Out House,United States > Virginia > Southwest Virginia (Appalachia) > Guest River Gorge > (6) Jaybird Gorge,(6) Jaybird Gorge,36.90949,-82.45516,86.334,True,True,True,True,True,True,True,True,True
10955255-3d15-5b1b-a4c6-e64d08372152,Timeless,boulder,V3-,United States > Massachusetts > North Shore > Cape Ann > Dogtown,Dogtown,42.65495,-70.61915,1,605f0353-0937-51e0-ad68-ffbaf88a1a2e,Timeless,United States > Massachusetts > North Shore > Lynn Woods > Greater Lynn Woods Area,Greater Lynn Woods Area,42.49727,-70.97562,34.05,True,True,True,True,True,True,True,True,True
119eec78-2c1e-5f24-aab2-97ee661df338,Rough Seas,boulder,V5-,United States > Massachusetts > North Shore > Cape Ann > Dogtown,Dogtown,42.63599,-70.68525,1,d844e032-8709-5ed6-8fb7-3b1b652443d3,Rough Seas,United States > Massachusetts > North Shore > Lynn Woods > Greater Lynn Woods Area,Greater Lynn Woods Area,42.49727,-70.97562,28.344,True,True,True,True,True,True,True,True,True
12019e9f-f7c1-580f-8dbd-3145cc6ae6cf,Mettle Detector,trad,5.10,United States > North Carolina > 1. Southern Mountains Region > Rumbling Bald > Cereal Wall,Cereal Wall,35.44964,-82.2129,1,0088fe3d-711a-5145-af8a-9e3e9a8e8451,Mettle Detector,United States > North Carolina > 1. Southern Mountains Region > Looking Glass Rock > South Side,South Side,35.30054,-82.79229,55.085,True,True,True,True,True,True,True,True,True
1234f994-542b-5178-a32c-bb6e2d9c8c43,Carnivore,trad,5.12,United States > Utah > Southeast Utah > Indian Creek > 2nd Meat Wall,2nd Meat Wall,38.1302,-109.5862,2,2f401b79-9aef-540d-9a8a-78fbd1cea0cf,Carnivore,United States > Utah > Southeast Utah > Potash Road > Long Canyon,Long Canyon,38.54267,-109.66601,46.39,True,True,True,True,True,True,True,True,True
138d4c52-1f04-5df0-aa5b-88d5110e88b2,The Fin,boulder,V2+,United States > Massachusetts > North Shore > Lynn Woods > Bow Ridge Area,Bow Ridge Area,42.47919,-71.02714,1,b36936fa-f709-50b0-88b9-d57183bc2abb,The Fin,"United States > Massachusetts > Eastern, MA > Borderland State Park Easton > Alcove Boulder, The","Alcove Boulder, The",42.06725,-71.16233,47.137,True,True,True,True,True,True,True,True,True
16151d12-1776-514a-b666-0c371c7d5bed,Three Amigos,sport,5.8,United States > Arizona > Central Arizona > Queen Creek Canyon > Lower Devil's Canyon,Lower Devil's Canyon,33.27681,-111.02935,2,216c7fce-8d40-5515-b510-2984d9be0337,Three Amigos,United States > Arizona > Central Arizona > Christopher Creek Gorge > Confluence Wall,Confluence Wall,34.31205,-111.0664,115.164,True,True,True,True,True,True,True,True,True
170342c3-8c49-5b7a-9cd3-7c99ed3aa443,Black Magic,boulder,V5-,United States > Massachusetts > North Shore > Lynn Woods > Bikini Bottom Area,Bikini Bottom Area,42.50423,-71.00926,2,b4b671d2-54a9-5e5d-9606-fa14a0945db0,Black Magic,United States > Massachusetts > North Shore > Cape Ann > Dogtown,Dogtown,42.64588,-70.64685,33.596,True,True,True,True,True,True,True,True,True
177b5589-9bfe-52f6-b7dd-71c4fa1eacf6,Hung Jury,boulder,V6,United States > Massachusetts > North Shore > Cape Ann > Agassiz Rock Reservation,Agassiz Rock Reservation,42.59972,-70.76558,1,e05dbdfa-4d9a-537d-8c29-718528308c22,Hung Jury,United States > Massachusetts > North Shore > Lynn Woods > Greater Lynn Woods Area,Greater Lynn Woods Area,42.49123,-70.99199,22.126,True,True,True,True,True,True,True,True,True
17847c2e-46e6-5016-864d-852943812ccb,Shot in the Dark,boulder,V4-5,United States > Virginia > Southwest Virginia (Appalachia) > Harkening Hill > Stones,Stones,37.46555,-79.60949,1,4d929a18-de61-5e2b-ab09-d253e632cdea,Shot In The Dark,United States > Virginia > Southwest Virginia (Appalachia) > Grayson Highlands State Park > Listening Rock Trail,Listening Rock Trail,36.6122,-81.4912,192.085,True,True,True,True,True,True,True,True,True
17dbf112-1215-4972-ae4e-c260cac2fe0e,Chickadee,sport,5.11a,Canada > Ontario > Ontario North Bouldering and Rock > Thunder Bay Region Rock > Claghorn,Claghorn,48.90842,-88.55875,1,abdfc63c-f60a-46b8-bd94-73d0c443fbe1,Chickadee,Canada > Ontario > Ontario North Bouldering and Rock > Sudbury Area > Timberwolf,Timberwolf,46.54456,-80.93863,627.276,True,True,True,True,True,True,True,True,True
191e5ca1-2627-507a-9a6f-bac441e0094d,Caterpillar,trad,5.9,United States > California > Joshua Tree National Park > Indian Cove > Rattlesnake Canyon,Rattlesnake Canyon,34.0835,-116.1406,5,5dd13b9b-ed80-5120-95b3-5e354de67280,Caterpillar,United States > California > San Bernardino Mountains > North Slope > Juniper Flats Area,Juniper Flats Area,34.35168,-117.11451,94.383,True,True,True,True,True,True,True,True,True
194bf0b1-2156-5bf0-ac98-d76779662b88,Praying Mantis,boulder,V6+,United States > Massachusetts > North Shore > Cape Ann > Dogtown,Dogtown,42.64599,-70.67525,1,7ec00ee0-d7c6-5c65-aaea-34ef5769e18d,Praying Mantis,United States > Massachusetts > North Shore > Lynn Woods > Greater Lynn Woods Area,Greater Lynn Woods Area,42.49123,-70.99199,31.128,True,True,True,True,True,True,True,True,True
19f6ee30-5088-5f55-b977-6bd18c5a70cc,Barracuda,sport,5.12b,United States > Arizona > Northern Arizona > Flagstaff Area > Mt. Elden Crags,Mt. Elden Crags,35.23893,-111.62114,1,0f3e6c8e-0d25-5f08-a636-68ee8726563e,Barracuda,United States > Arizona > Northern Arizona > Winslow- Hwy’s 87 & 99 Corridors > East Clear Creek,East Clear Creek,34.94209,-110.6632,93.198,True,True,True,True,True,True,True,True,True
19f97660-3075-5b8d-86a7-b2ba137abb4b,Rumble Strip,sport,5.8-,United States > Utah > Wasatch Range > Southern Wasatch > Spanish Fork Canyon,Spanish Fork Canyon,40.0573,-111.5614,1,60e0c53c-03b2-563d-8da2-84e77c62360b,Rumble Strip,United States > Utah > Wasatch Range > Central Wasatch > Parley's Canyon,Parley's Canyon,40.71094,-111.78952,75.206,True,True,True,True,True,True,True,True,True
1a71d654-7f74-5d12-a907-16af1d124bc5,Loan Shark,boulder,V6+,United States > Massachusetts > North Shore > Cape Ann > Agassiz Rock Reservation,Agassiz Rock Reservation,42.55555,-70.70181,1,53f8d8a7-d391-5689-acac-b12d8995e5a3,Loanshark,United States > Massachusetts > North Shore > Lynn Woods > Stone Tower Area,Stone Tower Area,42.48601,-70.98521,24.479,True,True,True,True,True,True,True,True,True
1ab707a7-f78c-5c01-92c7-ec592807cd60,Around The World,boulder,V1-2,United States > California > San Diego County > North San Diego County > Rancho Penasquitos Canyon,Rancho Penasquitos Canyon,32.92749,-117.17738,2,6697a479-1642-5fc8-8287-08df39c12af4,Around the World,United States > California > San Diego County > San Diego County Desert Area > Culp Valley,Culp Valley,33.2162,-116.4596,74.188,True,True,True,True,True,True,True,True,True
1afb489a-463a-5305-a67b-72686c756338,Slab Happy,sport,5.6,United States > Colorado > South Platte > Elevenmile Canyon > Elevenmile Dome,Elevenmile Dome,38.94534,-105.39205,9,a0a8e195-db28-5e8e-b440-6c4c4781ab4d,Slab Happy,United States > Colorado > South Platte > Devil's Head > Devil's Gate Sector,Devil's Gate Sector,39.25648,-105.09617,42.998,True,True,True,True,True,True,True,True,True
1b7a7f54-ba0d-5fda-8221-0cabfeb8285a,Happy Hour,boulder,V6,United States > Massachusetts > North Shore > Lynn Woods > Greater Lynn Woods Area,Greater Lynn Woods Area,42.50997,-71.02564,1,0b095eaf-01c5-5f82-aaf4-5d984212c872,Happy Hour,United States > Massachusetts > North Shore > Cape Ann > Dyke's Pond (Gloucester),Dyke's Pond (Gloucester),42.61678,-70.73892,26.315,True,True,True,True,True,True,True,True,True
1ca981f2-b492-54e2-9810-4be4d4ea5954,Tree Hug,boulder,V3,United States > Virginia > Southwest Virginia (Appalachia) > High Knob Landform > HKL West,HKL West,36.91727,-82.64656,1,ab2dd16b-6218-50c3-8876-bee6b4bced76,Tree Hug,United States > Virginia > Southwest Virginia (Appalachia) > Bluefield Boulders > Main Boulder Area,Main Boulder Area,36.65847,-81.53778,102.846,True,True,True,True,True,True,True,True,True
1e3e1381-0293-5a78-b5e4-6af2fe3ce7c2,Strawberry Fields,sport,5.7+,United States > Utah > Wasatch Range > Southern Wasatch > American Fork Canyon,American Fork Canyon,40.44649,-111.68579,1,75d647f2-788c-5a19-9af3-7fed2dae9274,Strawberry Fields,United States > Utah > Wasatch Range > Southern Wasatch > Santaquin Canyon,Santaquin Canyon,39.9046,-111.7325,60.386,True,True,True,True,True,True,True,True,True
1e9f71ce-bfcc-5b27-8cd2-d46fda99d938,Scrubs,sport,5.9,United States > Arizona > Northern Arizona > Winslow- Hwy’s 87 & 99 Corridors > Powerline Crag,Powerline Crag,34.5549,-111.1952,1,4ac3bc42-7e74-53c3-b30c-6cd3606e6e8c,Scrubs,United States > Arizona > Northern Arizona > Oak Creek Canyon > Cave Springs,Cave Springs,35.00043,-111.7416,70.318,True,True,True,True,True,True,True,True,True
1eef4e65-69d3-5a10-8957-22b97bf30500,Lion's Den,trad,5.10,United States > Arizona > Central Arizona > **Phoenix Areas > Superstition Mountains,Superstition Mountains,33.41155,-111.35051,1,4bd17bb5-10fc-58b9-804c-137870db28f2,Lion's Den,United States > Arizona > Central Arizona > **Prescott Area > Granite Dells,Granite Dells,34.5924,-112.40996,163.64,True,True,True,True,True,True,True,True,True
1f25ee5b-ae28-5622-965a-966daa31ae90,Finders Keepers,trad,5.11a,United States > California > Lake Tahoe > Carson Pass Highway (88) > Calaveras Domes,Calaveras Domes,38.48491,-120.23255,3,f249863c-58f9-537e-a059-cb477ea91194,Finders Keepers,United States > California > Lake Tahoe > Highway 50 Corridor > Phantom Spires,Phantom Spires,38.78648,-120.24198,33.543,True,True,True,True,True,True,True,True,True
1f8e9686-8d6f-5f91-ba5f-eec291600512,Rite of Passage,boulder,V3,United States > Virginia > Southwest Virginia (Appalachia) > Harkening Hill > Stones,Stones,37.4548,-79.61891,2,5f743aa1-baaf-59cd-9c22-2b24531f97f0,Rite of Passage,United States > Virginia > Southwest Virginia (Appalachia) > Guest River Gorge > (3) Mile Three,(3) Mile Three,36.90338,-82.41632,255.296,True,True,True,True,True,True,True,True,True
1f950751-0dc4-55ac-9593-dba63ff2b8de,Patience,trad,5.11-,United States > Utah > Southeast Utah > Indian Creek > Public Service Wall,Public Service Wall,38.10607,-109.57106,1,bee66d10-3786-5662-bf53-037ace4bf61b,Patience,United States > Utah > Southeast Utah > River Road > Beach View,Beach View,38.66153,-109.49555,62.114,True,True,True,True,True,True,True,True,True
20dc01e8-bee3-5658-9156-35f6c1095fc5,One Move Wonder,boulder,V3,United States > New Hampshire > Merrimack Valley > Beaver Brook > Splat Boulder,Splat Boulder,42.7333,-71.6216,1,f7de71b4-f45d-5b53-a5fe-1b0ae40dc045,One Move Wonder,"United States > New Hampshire > Merrimack Valley > Manchester Area Bouldering > Dugout, The","Dugout, The",43.0389,-71.4861,35.729,True,True,True,True,True,True,True,True,True
20e162e9-0d54-58d4-ba8a-62eb078277fd,Sanctuary,boulder,V4-,United States > Massachusetts > North Shore > Cape Ann > Rockport South Woods,Rockport South Woods,42.6192,-70.634,2,95ed4f1e-b0dd-5716-84d2-be9c55c1d42d,Sanctuary,United States > Massachusetts > North Shore > Lynn Woods > Greater Lynn Woods Area,Greater Lynn Woods Area,42.49968,-70.97631,31.027,True,True,True,True,True,True,True,True,True
20ec7972-5d11-59db-8bcf-120da44f8e90,Snake Eyes,sport,5.13b,United States > Montana > Southwest Region > Gallatin Canyon > East Side,East Side,45.41629,-111.23013,1,324233cc-0750-5c01-922c-e7477f8e14d5,Snake Eyes,United States > Montana > Southwest Region > Big Belt Mountains > Hellgate Gulch,Hellgate Gulch,46.65266,-111.59481,140.33,True,True,True,True,True,True,True,True,True
216c7fce-8d40-5515-b510-2984d9be0337,Three Amigos,sport,5.11,United States > Arizona > Central Arizona > Christopher Creek Gorge > Confluence Wall,Confluence Wall,34.31205,-111.0664,2,51ce4b13-61fb-5c9e-91d3-65a3e3e9b5db,Three Amigos,United States > Arizona > Northern Arizona > Sedona Area > Sedona,Sedona,34.8661,-111.7637,88.712,True,True,True,True,True,True,True,True,True
21b2fef8-aa5e-540f-8264-d60c55dbdca2,Afterthought Arete,boulder,V2,United States > Virginia > Southwest Virginia (Appalachia) > Guest River Gorge > (6) Jaybird Gorge,(6) Jaybird Gorge,36.90948,-82.45516,1,a4fd1640-cc66-58c1-88dd-fbec7e37a112,Afterthought Arete,United States > Virginia > Southwest Virginia (Appalachia) > High Knob Landform > HKL West,HKL West,36.78702,-82.78808,32.603,True,True,True,True,True,True,True,True,True
21db1b5f-879a-5eb7-bf64-ef378b7e6b71,Shangri-La,trad,5.10a,United States > Arizona > Northern Arizona > Navajolands > Monument Valley,Monument Valley,36.93989,-110.06023,1,f4bee30b-7f19-57cf-813b-9f2884c02155,Shangri-La,United States > Arizona > Northern Arizona > Sedona Area > Sedona,Sedona,34.85796,-111.73265,276.185,True,True,True,True,True,True,True,True,True
21fef817-2bed-5c10-864c-85c8a8e030c6,Dirty Bird,sport,5.8,United States > Montana > Southwest Region > Big Belt Mountains > Avalanche Gulch,Avalanche Gulch,46.63356,-111.56334,1,8d2e45de-9c2e-5cea-9eee-6f8e9f357b1a,Dirty Bird,United States > Montana > Southwest Region > Gallatin Canyon > Stormcastle,Stormcastle,45.4611,-111.2445,132.673,True,True,True,True,True,True,True,True,True
2224772a-eb40-5374-871d-dd2f06a5880f,Arrowhead,boulder,V0,United States > Connecticut > CT Bouldering > Bald Rock Basin > Bald Rock,Bald Rock,41.33905,-73.40669,3,02aebc73-7796-5d6a-8769-d16952b45f19,Arrowhead,United States > Connecticut > CT Bouldering > Mianus Park > Entrance Outcropping,Entrance Outcropping,41.0814,-73.5949,32.69,True,True,True,True,True,True,True,True,True
224179a3-aebc-5632-adae-59c03ecfad65,Justice For All,boulder,V3,United States > Virginia > Southwest Virginia (Appalachia) > Grayson Highlands State Park > Picnic Area,Picnic Area,36.62702,-81.47885,1,b61745bc-6c9a-597e-ae70-7bd67c5bf940,Justice for All,United States > Virginia > Southwest Virginia (Appalachia) > Guest River Gorge > (2) Mile Two,(2) Mile Two,36.90032,-82.41947,89.13,True,True,True,True,True,True,True,True,True
22968b57-c0bb-530b-905b-51b85805b0f7,Lightning Bolt,trad,5.11a,United States > California > Lake Tahoe > Carson Pass Highway (88) > Calaveras Domes,Calaveras Domes,38.48742,-120.22815,2,e279e615-3849-5c70-9c23-820e01659075,Lightning Bolt,United States > California > Lake Tahoe > West Shore > Eagle Creek Canyon,Eagle Creek Canyon,38.9506,-120.1165,52.406,True,True,True,True,True,True,True,True,True
22bf7cac-d1de-52dc-ab31-face7daef3f1,The Hitchhiker,boulder,V1,"United States > Montana > Southwest Region > Lower Pipestone Forest > Trailer Boulders, The","Trailer Boulders, The",45.93761,-112.26298,1,0deddb31-83c5-58a0-a5a8-8b58b1e8d0eb,The Hitch Hiker,United States > Montana > Southwest Region > Madison River Area > Bear Trap Road Boulders,Bear Trap Road Boulders,45.59371,-111.56779,66.107,True,True,True,True,True,True,True,True,True
23063870-202c-5b43-9f91-79e0bfe9af75,Spooky,trad,5.9,"United States > California > Western Sierra > Needles / Kern River, The > Needles, The","Needles, The",36.10825,-118.48129,1,8a6169fe-11d3-5f1b-abdd-3ff8ea2fe843,Spooky,"United States > California > Western Sierra > Needles / Kern River, The > Lower Kern River Canyon",Lower Kern River Canyon,35.45777,-118.77962,77.174,True,True,True,True,True,True,True,True,True
2316a409-ad82-5680-a0c7-8b2945b83290,Mass Wasting,sport,5.13b,United States > Utah > Wasatch Range > Southern Wasatch > American Fork Canyon,American Fork Canyon,40.4462,-111.6958,1,2359e4f5-2471-5175-8bad-1c8d0b42e17c,Mass Wasting,United States > Utah > Wasatch Range > Central Wasatch > Big Cottonwood Canyon,Big Cottonwood Canyon,40.63387,-111.72201,20.985,True,True,True,True,True,True,True,True,True
2359e4f5-2471-5175-8bad-1c8d0b42e17c,Mass Wasting,sport,5.11c,United States > Utah > Wasatch Range > Central Wasatch > Big Cottonwood Canyon,Big Cottonwood Canyon,40.63387,-111.72201,1,2316a409-ad82-5680-a0c7-8b2945b83290,Mass Wasting,United States > Utah > Wasatch Range > Southern Wasatch > American Fork Canyon,American Fork Canyon,40.4462,-111.6958,20.985,True,True,True,True,True,True,True,True,True
23623f1c-7be4-573d-bb87-ace23f5a013a,Bird's Nest,boulder,V4,United States > Ohio > Southeast Ohio > Athens > Trailer Park Boulders,Trailer Park Boulders,39.34183,-82.06438,2,4530b7b3-9481-51b1-a2aa-56a6f3f7b544,Birds Nest,United States > Ohio > Southeast Ohio > Wayne National Forest > Wayne National Forest- Marietta Unit,Wayne National Forest- Marietta Unit,39.45742,-81.31805,65.403,True,True,True,True,True,True,True,True,True
250b8d15-9d39-5d02-a93b-ee3bd8cab747,Room Service,boulder,V6,United States > Massachusetts > North Shore > Lynn Woods > Greater Lynn Woods Area,Greater Lynn Woods Area,42.53151,-70.9891,1,617b23d7-afaf-5316-9aa5-c76c0a7e4af2,Room Service,United States > Massachusetts > North Shore > Cape Ann > Dogtown,Dogtown,42.62078,-70.64018,30.245,True,True,True,True,True,True,True,True,True
25261283-208b-54dd-9178-5b2b1fff502d,Broken Dreams,trad,5.9,United States > Utah > Southeast Utah > Blanding > Arch Canyon,Arch Canyon,37.5881,-109.7466,2,3cce3e48-8ef0-5e26-b42b-bdb19c330740,Broken Dreams,United States > Utah > Southeast Utah > Indian Creek > Sabbatical Wall,Sabbatical Wall,38.02086,-109.58064,50.281,True,True,True,True,True,True,True,True,True
254b921c-1b7a-5192-aa53-d7852cd42cb6,Carpet Bagger,boulder,V4-,United States > Massachusetts > North Shore > Cape Ann > Dyke's Pond (Gloucester),Dyke's Pond (Gloucester),42.60576,-70.73589,1,76c0db3f-2ffd-5f1f-9722-86cfecc164e3,Carpet Bagger,United States > Massachusetts > North Shore > Lynn Woods > Greater Lynn Woods Area,Greater Lynn Woods Area,42.49123,-70.99199,24.542,True,True,True,True,True,True,True,True,True
25599201-1b9d-5491-b198-90061f38577d,Highdive,sport,5.9,United States > Arizona > Central Arizona > Queen Creek Canyon > Atlantis,Atlantis,33.30559,-111.07749,1,40060693-c470-54f5-8c46-aa45fda9ddf9,High Dive,United States > Arizona > Central Arizona > **Phoenix Areas > South Mountain,South Mountain,33.34213,-112.07597,92.859,True,True,True,True,True,True,True,True,True
260f412d-d8dc-5964-8541-28a682f87cb6,The Vice,boulder,V3,United States > Massachusetts > North Shore > Cape Ann > Dogtown,Dogtown,42.63507,-70.6618,1,cba767c7-d6d7-5344-9167-57d909bba2b3,The Vice,United States > Massachusetts > North Shore > Lynn Woods > Weetamoo Area,Weetamoo Area,42.49728,-70.99708,31.443,True,True,True,True,True,True,True,True,True
263ef16c-1215-576a-8778-842b501739da,Love Handles,boulder,V4+,United States > Massachusetts > North Shore > Cape Ann > Dogtown,Dogtown,42.62782,-70.65778,1,70c1b958-7a7b-57e4-9781-e536eed51e85,Love Handles,United States > Massachusetts > North Shore > Lynn Woods > Greater Lynn Woods Area,Greater Lynn Woods Area,42.46729,-70.99508,32.895,True,True,True,True,True,True,True,True,True
26adf7a5-0c2c-5dea-a468-c72996c41862,Groundhog Day,boulder,V0,United States > California > Sierra Eastside > Mammoth Lakes Area > Sherwin Plateau,Sherwin Plateau,37.5915,-118.6327,2,ee04a003-ebbb-5614-a5c4-1a5ced37e49d,Groundhog Day,United States > California > Sierra Eastside > Bishop Area > Volcanic Tablelands (Happy/Sad Boulders),Volcanic Tablelands (Happy/Sad Boulders),37.4159,-118.44857,25.398,True,True,True,True,True,True,True,True,True
26c2edfb-1f81-528e-92b9-ed4af2c6e5c6,Zoo Mass,boulder,V4,United States > Massachusetts > North Shore > Lynn Woods > Greater Lynn Woods Area,Greater Lynn Woods Area,42.49123,-70.99199,1,ec9cc062-0422-5d5f-a425-af3f9a2fda98,ZooMass,United States > Massachusetts > North Shore > Cape Ann > Dogtown,Dogtown,42.63095,-70.66814,30.739,True,True,True,True,True,True,True,True,True
2767643b-45f4-59b8-918e-6e8c7d4c2336,Matrix,sport,5.9,"United States > Oregon > Southwest Oregon > Callahans, The > Rodeo and Matrix formations",Rodeo and Matrix formations,43.22537,-123.55966,1,deb885a7-0f5f-5f7f-adf0-70d41f34106d,Matrix,United States > Oregon > Southwest Oregon > Terra Nova > (10) Log Wall,(10) Log Wall,42.75706,-122.90493,74.481,True,True,True,True,True,True,True,True,True
278f1c33-ce34-56a4-b884-98b4217a0d6b,Rawhide,trad,5.10+,United States > Utah > Southeast Utah > Indian Creek > Reservoir Wall,Reservoir Wall,38.08285,-109.56278,2,8754bf95-76ac-5882-ae3d-b9c87e3407b1,Rawhide,United States > Utah > Southeast Utah > Potash Road > Long Canyon,Long Canyon,38.54492,-109.69654,52.688,True,True,True,True,True,True,True,True,True
27d3919b-9a3e-5c06-b63c-9622ad56deae,Fearless,trad,5.11+,"United States > Utah > Southeast Utah > Indian Creek > Wall, The","Wall, The",38.17139,-109.59666,1,2b1eaf57-a119-59ff-9c6d-cbe10730e62a,Fearless,United States > Utah > Southeast Utah > Tusher Canyon > Neighbor Of Putterman,Neighbor Of Putterman,38.68684,-109.76682,59.201,True,True,True,True,True,True,True,True,True
282d7f4a-3ea8-5c5e-ae64-587121fa0398,End Run,sport,5.10a,United States > Washington > Central-West Cascades & Seattle > Skykomish Valley > Index,Index,47.82545,-121.55725,1,dc9da606-1453-52e0-8cd2-9a785d2a00ca,End Run,United States > Washington > Central-West Cascades & Seattle > North Bend & Vicinity > Exit 38,Exit 38,47.43252,-121.6242,43.979,True,True,True,True,True,True,True,True,True
28da460b-32ee-55c1-9d15-f40c1ec37b05,Summer Breeze,sport,5.10d,United States > California > Lake Tahoe > I-80 Corridor > Donner Summit,Donner Summit,39.32564,-120.31425,2,29466933-bd06-5725-bbdf-4acbb19d5a4d,Summer Breeze,United States > California > Lake Tahoe > I-80 Corridor > Bowman/Emeralds,Bowman/Emeralds,39.4398,-120.6585,32.195,True,True,True,True,True,True,True,True,True
28f739e0-6a1a-521c-905f-0cba8dd47bba,Maximus,boulder,V4,United States > Massachusetts > North Shore > Cape Ann > Tompson St. Reservation,Tompson St. Reservation,42.64002,-70.71563,2,0577ccc8-515b-56e5-92e1-3e991b412aa5,Maximus,United States > Massachusetts > North Shore > Lynn Woods > Mt. Spickett/Goliath Rock Area,Mt. Spickett/Goliath Rock Area,42.49746,-70.98013,26.841,True,True,True,True,True,True,True,True,True
29466933-bd06-5725-bbdf-4acbb19d5a4d,Summer Breeze,sport,5.10b,United States > California > Lake Tahoe > I-80 Corridor > Bowman/Emeralds,Bowman/Emeralds,39.4398,-120.6585,2,28da460b-32ee-55c1-9d15-f40c1ec37b05,Summer Breeze,United States > California > Lake Tahoe > I-80 Corridor > Donner Summit,Donner Summit,39.32564,-120.31425,32.195,True,True,True,True,True,True,True,True,True
29578b1a-06b2-56a7-a09e-38f0772c98ac,On the Spectrum,boulder,V4,United States > Massachusetts > North Shore > Cape Ann > Dyke's Pond (Gloucester),Dyke's Pond (Gloucester),42.60769,-70.72435,1,7af190e5-5340-588a-8fcc-3950d0ec1a49,On the Spectrum,United States > Massachusetts > North Shore > Lynn Woods > Greater Lynn Woods Area,Greater Lynn Woods Area,42.49727,-70.97562,23.966,True,True,True,True,True,True,True,True,True
2b1eaf57-a119-59ff-9c6d-cbe10730e62a,Fearless,trad,5.8,United States > Utah > Southeast Utah > Tusher Canyon > Neighbor Of Putterman,Neighbor Of Putterman,38.68684,-109.76682,1,27d3919b-9a3e-5c06-b63c-9622ad56deae,Fearless,"United States > Utah > Southeast Utah > Indian Creek > Wall, The","Wall, The",38.17139,-109.59666,59.201,True,True,True,True,True,True,True,True,True
2c6b28fd-08bf-5162-8994-5dd38ff6b082,Black Gold,sport,5.11-,United States > Arizona > Northern Arizona > Sedona Area > Sedona,Sedona,34.8346,-111.7666,1,660ae452-8253-5de8-b302-5c3d4f143f71,Black Gold,United States > Arizona > Northern Arizona > Winslow- Hwy’s 87 & 99 Corridors > Powerline Crag,Powerline Crag,34.5549,-111.1952,60.797,True,True,True,True,True,True,True,True,True
2d047aeb-31d3-5866-89ae-1f38b996b63a,Sesame Street,sport,5.11b,United States > Utah > Wasatch Range > Southern Wasatch > American Fork Canyon,American Fork Canyon,40.44647,-111.68747,1,b8ed48f9-264b-5572-94d6-f535525a9083,Sesame Street,United States > Utah > Wasatch Range > Northern Wasatch > Ogden,Ogden,41.2375,-111.91749,90.062,True,True,True,True,True,True,True,True,True
2d18d9ae-e50f-56e7-b9d1-6a42a22bd38d,Sunny Side Up,boulder,V-easy,United States > Connecticut > CT Bouldering > Bald Rock Basin > Basin Area,Basin Area,41.34235,-73.40538,2,3a0af4e0-0316-576d-892c-f9e10e2e3007,Sunny Side Up,United States > Connecticut > CT Bouldering > Mianus Park > Green Egg Boulder,Green Egg Boulder,41.08722,-73.59333,32.434,True,True,True,True,True,True,True,True,True
2d4f45cd-c115-582f-aacf-9299e2386545,Bandit,sport,5.12d,"United States > New Mexico > New Mexico, other Southern Areas > Last Chance Canyon > Mad Cow Wall",Mad Cow Wall,32.2357,-104.7528,1,0ed9681b-996b-5e36-b4a4-a037572f01cd,Bandit,"United States > New Mexico > New Mexico, other Southern Areas > Tunnel, The > Shady Side",Shady Side,32.94557,-105.86045,130.379,True,True,True,True,True,True,True,True,True
2dd36c00-c697-5dc6-9b20-428b6d754179,Crack of Doom,trad,5.9,United States > Arizona > Central Arizona > **Prescott Area > Granite Dells,Granite Dells,34.60782,-112.42044,1,709fde5b-8c09-55de-831a-a93a85ebef2c,Crack of Doom,United States > Arizona > Central Arizona > Christopher Creek Gorge > Mordor,Mordor,34.31103,-111.06675,128.422,True,True,True,True,True,True,True,True,True
2e4fe9b0-8e3e-5b6a-92a6-e8e14b8f16b1,Tan Panel,sport,5.11b,United States > Colorado > Fort Collins > Poudre Canyon > West of Rustic,West of Rustic,40.71647,-105.73035,1,a68ee889-049a-5b19-94db-12953ac19aca,Tan Panel,United States > Colorado > Fort Collins > Poudre Canyon > Poudre Practice Rock,Poudre Practice Rock,40.69255,-105.26148,39.613,True,True,True,True,True,True,True,True,True
2e555c50-7e78-5cd5-8401-ecd41c92dd53,Bar Fly,sport,5.11c,United States > California > Lake Tahoe > South Shore > Luther Rock,Luther Rock,38.80522,-120.00333,2,0bf5c6d9-30cf-5355-9fa3-144ede352e5f,Bar Fly,United States > California > Lake Tahoe > I-80 Corridor > Auburn and Grass Valley,Auburn and Grass Valley,38.91902,-121.007,87.817,True,True,True,True,True,True,True,True,True
2f0fbd24-ca82-5f45-b4b3-b60786bc5fe1,Diatribe,boulder,V4-5,United States > Virginia > Southwest Virginia (Appalachia) > Harkening Hill > Stones,Stones,37.45483,-79.61864,1,fe11ce30-e738-53c3-a942-aaf2e7af03ed,Diatribe,United States > Virginia > Southwest Virginia (Appalachia) > Grayson Highlands State Park > Listening Rock Trail,Listening Rock Trail,36.6122,-81.4912,190.801,True,True,True,True,True,True,True,True,True
2f401b79-9aef-540d-9a8a-78fbd1cea0cf,Carnivore,trad,5.12,United States > Utah > Southeast Utah > Potash Road > Long Canyon,Long Canyon,38.54267,-109.66601,2,1234f994-542b-5178-a32c-bb6e2d9c8c43,Carnivore,United States > Utah > Southeast Utah > Indian Creek > 2nd Meat Wall,2nd Meat Wall,38.1302,-109.5862,46.39,True,True,True,True,True,True,True,True,True
30b0bc04-d1a1-5078-a83a-91b60a345c29,Catwalk,sport,5.7,United States > Arizona > Central Arizona > **Prescott Area > Granite Dells,Granite Dells,34.59326,-112.40823,1,c61e66bf-8b2b-57fa-ab44-699e1e9f2b60,Cat Walk,United States > Arizona > Central Arizona > Queen Creek Canyon > Northern Devils Canyon,Northern Devils Canyon,33.341,-111.0399,187.912,True,True,True,True,True,True,True,True,True
30d5cf3f-5cc0-5da9-a32f-c1ef4a7f082e,Impact,boulder,V7,United States > Virginia > Southwest Virginia (Appalachia) > Grayson Highlands State Park > ~M.R.N.R.A.,~M.R.N.R.A.,36.62156,-81.51111,1,9644f3c5-7879-5d17-b665-d5ebf832565d,Impact,United States > Virginia > Southwest Virginia (Appalachia) > Guest River Gorge > (6) Jaybird Gorge,(6) Jaybird Gorge,36.89942,-82.41864,86.548,True,True,True,True,True,True,True,True,True
31e81bef-479d-59eb-afce-5ea3550e79fa,Dark Matter,trad,5.9,"United States > Colorado > South Platte > Devil's Head > Watchtower, The","Watchtower, The",39.2712,-105.12093,3,a1c74a3b-276b-5397-803f-ef0d074a3a4a,Dark Matter,United States > Colorado > South Platte > Staunton State Park > Staunton Rocks,Staunton Rocks,39.51539,-105.39388,35.881,True,True,True,True,True,True,True,True,True
324233cc-0750-5c01-922c-e7477f8e14d5,Snake Eyes,sport,5.10d,United States > Montana > Southwest Region > Big Belt Mountains > Hellgate Gulch,Hellgate Gulch,46.65266,-111.59481,1,20ec7972-5d11-59db-8bcf-120da44f8e90,Snake Eyes,United States > Montana > Southwest Region > Gallatin Canyon > East Side,East Side,45.41629,-111.23013,140.33,True,True,True,True,True,True,True,True,True
33f9a6f6-ebb4-5bdb-9df7-89613c800de6,"One Shot, One Kill",boulder,V5-,United States > Massachusetts > North Shore > Cape Ann > Dyke's Pond (Gloucester),Dyke's Pond (Gloucester),42.6135,-70.7202,1,43d8ec70-413d-5d2e-8202-fd18223d7c75,One Shot-One Kill,United States > Massachusetts > North Shore > Lynn Woods > Greater Lynn Woods Area,Greater Lynn Woods Area,42.50411,-71.04614,29.336,True,True,True,True,True,True,True,True,True
34673cea-5469-4198-b77d-c25ede39283b,Bloody Mary,trad,5.11b,Canada > Quebec > Laurentides > Val-David > L'Aiguille,L'Aiguille,46.029,-74.1959,1,00889779-0e77-4d54-ae34-25392cdb85d0,Bloody Mary,Canada > Quebec > Laurentides > Lac Boisseau > Three Sisters' Wall,Three Sisters' Wall,46.18198,-74.81157,50.421,True,True,True,True,True,True,True,True,True
361df0a7-705a-5b52-a4fb-5ef3fad1dc5f,Kitten Mittens,boulder,V5,United States > Virginia > Southwest Virginia (Appalachia) > High Knob Landform > HKL West,HKL West,36.91842,-82.64315,1,b2f83f3a-9df0-5f66-b042-f81b6ad6f466,Kitten Mittens,United States > Virginia > Southwest Virginia (Appalachia) > Grayson Highlands State Park > Listening Rock Trail,Listening Rock Trail,36.62279,-81.50167,106.854,True,True,True,True,True,True,True,True,True
36ac73df-e786-5041-b7dc-2fc368a51e2e,Moonwalk,boulder,V0,United States > Colorado > Boulder > Flatirons > North,North,39.98948,-105.29028,2,7c4921f5-cb40-5bf1-97af-0e0edbcac4dd,Moon Walk,United States > Colorado > Golden > North Table Mountain/Golden Cliffs > Sea Cliffs of North Quarry,Sea Cliffs of North Quarry,39.77496,-105.2239,24.517,True,True,True,True,True,True,True,True,True
36ad914a-190b-5f68-b7bf-ab5340788d37,Rain Delay,sport,5.7,United States > Utah > Wasatch Range > Northern Wasatch > Cache Valley,Cache Valley,41.65541,-111.69454,2,1d58ce63-6c38-5069-b80b-eedfb6593595,Rain Delay,United States > Utah > Wasatch Range > Southern Wasatch > Mary Ellen's Gulch,Mary Ellen's Gulch,40.53072,-111.61742,125.227,True,True,True,True,True,True,True,True,True
37392e7d-0f9d-5673-a64b-baa2b75182cc,Android,boulder,V2+,United States > Massachusetts > North Shore > Lynn Woods > Greater Lynn Woods Area,Greater Lynn Woods Area,42.50997,-71.02564,2,91f1f6c2-3cd4-5fd2-bc7b-cab405604ea6,Android,United States > Massachusetts > North Shore > Cape Ann > Agassiz Rock Reservation,Agassiz Rock Reservation,42.55555,-70.70181,27.014,True,True,True,True,True,True,True,True,True
373efd0c-39c9-5bda-b164-0ee0daff8a97,Optical Illusion,trad,5.11,United States > Colorado > South Platte > West Creek > Thunder Ridge,Thunder Ridge,39.20094,-105.21983,1,b1c72d45-6fda-53bf-b4ef-d282e4cdeede,Optical Illusion,United States > Colorado > South Platte > Pine Area > Etive Slabs,Etive Slabs,39.41587,-105.32132,25.444,True,True,True,True,True,True,True,True,True
3803b56b-6a89-5cf7-8b96-8aa9a363c0df,Scooby Snacks,sport,5.8,United States > California > Lake Tahoe > Carson Pass Highway (88) > Upper Bear River Reservoir,Upper Bear River Reservoir,38.58711,-120.21822,1,fd5395c0-0ac9-5c8e-b053-2af02206e172,Scooby Snacks,United States > California > Lake Tahoe > I-80 Corridor > Auburn and Grass Valley,Auburn and Grass Valley,38.91564,-121.01437,78.109,True,True,True,True,True,True,True,True,True
380627ab-c5c3-5352-be52-650a91f52bd6,Grape Nuts,trad,5.8,United States > California > Sierra Eastside > Indian Wells Canyon > Breakfast Crags,Breakfast Crags,35.6864,-117.8912,2,9d391a70-7a62-5546-8cef-67666b209e6b,Grape Nuts,United States > California > Sierra Eastside > Eastern Hills > Sagehen Summit Area,Sagehen Summit Area,37.9092,-118.81529,260.495,True,True,True,True,True,True,True,True,True
383c6ff6-22af-576f-81c2-b6e15c9f577e,Patience,boulder,V2-3,United States > Ohio > Southwest Ohio > Great Seal State Park > Sand Hill,Sand Hill,39.38505,-82.92684,1,d08da03b-49a1-5f8a-9b66-8c68eda184b1,Patience,United States > Ohio > Southwest Ohio > Paint Creek State Park > Harmony Trail Area,Harmony Trail Area,39.24938,-83.3466,39.135,True,True,True,True,True,True,True,True,True
384227ec-facf-5681-88bd-f5b5d699f8bd,Endless Summer,boulder,V7,United States > Massachusetts > North Shore > Lynn Woods > Stone Tower Area,Stone Tower Area,42.4871,-70.98254,1,e5c12dd2-f168-5846-b7f7-91de108e0310,Endless Summer,United States > Massachusetts > North Shore > Cape Ann > Tompson St. Reservation,Tompson St. Reservation,42.62898,-70.71802,26.801,True,True,True,True,True,True,True,True,True
38bf7d50-3ecf-59bb-bce2-be1f902a2f8e,Slow Poke,sport,5.10d,"United States > Arizona > Central Arizona > Homestead, The > Mouse Wall, The","Mouse Wall, The",33.17497,-110.7819,2,d10f2684-3e10-52d6-b73c-6dc6686c28d0,Slow Poke,United States > Arizona > Central Arizona > Queen Creek Canyon > Lower Devil's Canyon,Lower Devil's Canyon,33.27178,-111.04223,26.501,True,True,True,True,True,True,True,True,True
38f9dd05-f49c-5ea5-9be4-965a5eb4dd04,Jelly Belly,boulder,V3-,United States > Massachusetts > North Shore > Lynn Woods > Greater Lynn Woods Area,Greater Lynn Woods Area,42.49727,-70.97562,1,08f0c22b-b40f-5dc2-8b54-1a1ca3c923f1,Jelly Belly,United States > Massachusetts > North Shore > Cape Ann > Cavalry Boulder Field aka Gymnasium aka Playground,Cavalry Boulder Field aka Gymnasium aka Playground,42.6344,-70.67065,29.262,True,True,True,True,True,True,True,True,True
39d761f7-3485-5ef4-80e9-914e16844699,Zero Dark Thirty,boulder,V5-6,United States > Virginia > Southwest Virginia (Appalachia) > Grayson Highlands State Park > Haw Orchard,Haw Orchard,36.6185,-81.48122,1,edd7eb88-d64d-5ef5-9572-21321e86fb59,Zero Dark Thirty,United States > Virginia > Southwest Virginia (Appalachia) > Guest River Gorge > (6) Jaybird Gorge,(6) Jaybird Gorge,36.90949,-82.45517,92.595,True,True,True,True,True,True,True,True,True
39e1a93c-bf16-5880-bc34-c279e94912ea,Badlands,sport,5.12a,United States > Utah > Wasatch Range > Northern Wasatch > Ogden,Ogden,41.2217,-111.9236,1,aa45b759-787a-5868-bd28-aa0212b40ad7,Badlands,United States > Utah > Wasatch Range > Central Wasatch > Little Cottonwood Canyon,Little Cottonwood Canyon,40.5741,-111.7543,73.402,True,True,True,True,True,True,True,True,True
3a0af4e0-0316-576d-892c-f9e10e2e3007,Sunny Side Up,boulder,V3+,United States > Connecticut > CT Bouldering > Mianus Park > Green Egg Boulder,Green Egg Boulder,41.08722,-73.59333,2,2d18d9ae-e50f-56e7-b9d1-6a42a22bd38d,Sunny Side Up,United States > Connecticut > CT Bouldering > Bald Rock Basin > Basin Area,Basin Area,41.34235,-73.40538,32.434,True,True,True,True,True,True,True,True,True
3a66eb35-0b55-5542-885d-5f6945b2f524,Person of Interest,boulder,V8-,United States > Massachusetts > North Shore > Lynn Woods > Greater Lynn Woods Area,Greater Lynn Woods Area,42.49123,-70.99199,1,abfb2692-bd92-5dcd-86bc-2d76f137a791,Person of Interest,United States > Massachusetts > North Shore > Cape Ann > Tompson St. Reservation,Tompson St. Reservation,42.62508,-70.7245,26.486,True,True,True,True,True,True,True,True,True
3a92aeed-6204-5282-a621-b43e001d56c4,Memory Foam,boulder,V3-,United States > Massachusetts > North Shore > Lynn Woods > Greater Lynn Woods Area,Greater Lynn Woods Area,42.48483,-70.99199,1,8667ba1d-2174-5555-b410-e3a3702568bc,Memory Foam,United States > Massachusetts > North Shore > Cape Ann > Dogtown,Dogtown,42.63095,-70.66814,31.106,True,True,True,True,True,True,True,True,True
3b48dbe0-79c9-5885-965a-d15fe41a2dad,Peephole,boulder,V6,United States > Massachusetts > North Shore > Cape Ann > Tompson St. Reservation,Tompson St. Reservation,42.62898,-70.71802,1,b3303e5c-bab1-560a-b061-419e4658b090,Peephole,United States > Massachusetts > North Shore > Lynn Woods > Mt. Spickett/Goliath Rock Area,Mt. Spickett/Goliath Rock Area,42.49607,-70.98289,26.249,True,True,True,True,True,True,True,True,True
3b78ce66-f505-540a-9759-44947b9c5ba8,Animal Crackers,boulder,V5,United States > Massachusetts > North Shore > Lynn Woods > Overlook Area,Overlook Area,42.48518,-70.98891,1,a2b4144c-681a-5169-8052-40e6a772341a,Animal Crackers,United States > Massachusetts > North Shore > Cape Ann > Ravenswood Park,Ravenswood Park,42.60391,-70.69988,27.11,True,True,True,True,True,True,True,True,True
3c97e454-90b7-52af-82ab-7eca11668e97,Sundawg,trad,5.11,United States > Utah > Southeast Utah > Potash Road > Long Canyon,Long Canyon,38.54503,-109.65515,1,48872846-7d90-5926-a553-aade8290e168,Sun Dawg,United States > Utah > Southeast Utah > Indian Creek > Vitamin D Wall,Vitamin D Wall,37.9897,-109.6245,61.808,True,True,True,True,True,True,True,True,True
3cce3e48-8ef0-5e26-b42b-bdb19c330740,Broken Dreams,trad,5.12,United States > Utah > Southeast Utah > Indian Creek > Sabbatical Wall,Sabbatical Wall,38.02086,-109.58064,2,25261283-208b-54dd-9178-5b2b1fff502d,Broken Dreams,United States > Utah > Southeast Utah > Blanding > Arch Canyon,Arch Canyon,37.5881,-109.7466,50.281,True,True,True,True,True,True,True,True,True
3d5d10b6-20ed-5e4f-923b-8aa514b65510,Roofer,sport,5.4,United States > Utah > Wasatch Range > Central Wasatch > Big Cottonwood Canyon,Big Cottonwood Canyon,40.62412,-111.76591,1,78dffdd3-f090-59f5-a2bc-90f1474bee2b,Roofer,United States > Utah > Wasatch Range > Southern Wasatch > Rock Canyon,Rock Canyon,40.2665,-111.624,41.539,True,True,True,True,True,True,True,True,True
3dc01b24-842e-5dfd-968d-936b02f3dcc2,Bull's Eye,boulder,V4+,United States > Massachusetts > North Shore > Cape Ann > Tompson St. Reservation,Tompson St. Reservation,42.6253,-70.7102,1,927597b7-b981-5030-bbda-9ddcc6e09e82,Bullseye,United States > Massachusetts > North Shore > Lynn Woods > Greater Lynn Woods Area,Greater Lynn Woods Area,42.52338,-71.01122,27.129,True,True,True,True,True,True,True,True,True
3dc1f9c0-bd8c-5a48-a2e3-27052e7fbdd0,Baked Potato,boulder,V3,United States > Massachusetts > North Shore > Lynn Woods > Stone Tower Area,Stone Tower Area,42.4871,-70.98254,1,fe5468ed-6635-5c43-8989-b6ac95e21a22,Baked Potato,United States > Massachusetts > North Shore > Cape Ann > Dyke's Pond (Gloucester),Dyke's Pond (Gloucester),42.60819,-70.72725,24.873,True,True,True,True,True,True,True,True,True
3dcf3ad0-0d98-5269-901e-a04ebc40425d,For Love of Mothernot,trad,5.9,United States > Colorado > Golden > Golden Gate Canyon SP > Mt. Thorodin,Mt. Thorodin,39.88318,-105.43165,1,09c9f70c-9337-595a-b482-14a151ce1980,For Love of Mother Not,United States > Colorado > Golden > North Table Mountain/Golden Cliffs > Hot Spot Area,Hot Spot Area,39.76954,-105.22012,22.045,True,True,True,True,True,True,True,True,True
3e596497-cded-5495-bc62-98755e936385,Easy Rider,sport,5.7,United States > California > San Diego County > South San Diego County > Mission Gorge,Mission Gorge,32.8242,-117.051,3,a0361776-e517-5bdb-b0c7-58df464c9ec4,Easy Rider,United States > California > San Diego County > South San Diego County > Eagle Peak,Eagle Peak,32.98227,-116.70788,36.538,True,True,True,True,True,True,True,True,True
3ea2c1fc-d0ce-5c3f-a691-a8289a604e0f,Labyrinth,trad,5.10a,United States > California > Joshua Tree National Park > Queen Valley Area > Queen Mountain,Queen Mountain,34.04911,-116.10324,1,4ce1a73f-a607-5cc6-be9b-232b6fc94016,Labyrinth,United States > California > Lake Tahoe > I-80 Corridor > Donner Summit,Donner Summit,39.32564,-120.31425,696.381,True,True,True,True,True,True,True,True,True
3eb06b2c-bcc6-502e-aecb-eb02b8044bce,Fear of Flying,trad,5.9,"United States > California > Lake Tahoe > South Shore > Pie Shop, The","Pie Shop, The",38.87941,-120.01295,4,062138d0-2785-505d-8042-392e0bcf359a,Fear of Flying,United States > California > Lake Tahoe > Highway 50 Corridor > Phantom Spires,Phantom Spires,38.78867,-120.24518,22.504,True,True,True,True,True,True,True,True,True
3f0fba73-6ec9-5a91-beab-44fda1a7da08,Shotgun Wedding,trad,5.11,"United States > Utah > Southeast Utah > Little Valley > Bride, The","Bride, The",38.61827,-109.67517,2,d4b7aeaa-cf11-5fa2-ba76-64382172ed47,Shotgun Wedding,United States > Utah > Southeast Utah > Indian Creek > Sabbatical Wall,Sabbatical Wall,38.02086,-109.58064,66.939,True,True,True,True,True,True,True,True,True
3f2b6766-be58-5278-995a-760d094bbeb3,Boots on the Ground,boulder,V3-,United States > Massachusetts > North Shore > Cape Ann > Rockport South Woods,Rockport South Woods,42.63226,-70.63246,1,734d6149-8506-5159-93c2-6e9f66c59bec,Boots on the Ground,United States > Massachusetts > North Shore > Lynn Woods > Greater Lynn Woods Area,Greater Lynn Woods Area,42.49123,-70.99199,33.361,True,True,True,True,True,True,True,True,True
3fb4932a-637c-5e66-8435-bc3ca87e559c,Corona,sport,5.11b/c,United States > Utah > Wasatch Range > Southern Wasatch > American Fork Canyon,American Fork Canyon,40.4452,-111.6982,1,e17ad53d-9baa-518d-833f-475dd3c5d9d3,Corona,United States > Utah > Wasatch Range > Northern Wasatch > Cache Valley,Cache Valley,41.79951,-111.63754,150.678,True,True,True,True,True,True,True,True,True
3fe410c7-a84a-5918-850c-4edc1b022570,Walk The Plank,sport,5.11a,"United States > California > Redwood Coast > Promontory > Abyss Boulder, The","Abyss Boulder, The",41.6065,-124.1051,5,e5b63696-db89-5b5f-91f6-171f0c7ef237,Walk the Plank,United States > California > Redwood Coast > Cold Springs > Split Rock,Split Rock,40.8347,-123.71783,91.729,True,True,True,True,True,True,True,True,True
40060693-c470-54f5-8c46-aa45fda9ddf9,High Dive,sport,5.11a,United States > Arizona > Central Arizona > **Phoenix Areas > South Mountain,South Mountain,33.34213,-112.07597,1,25599201-1b9d-5491-b198-90061f38577d,Highdive,United States > Arizona > Central Arizona > Queen Creek Canyon > Atlantis,Atlantis,33.30559,-111.07749,92.859,True,True,True,True,True,True,True,True,True
40c133e2-705c-5235-8116-9e6542a8db65,Trout Fishing in America,sport,5.11a,United States > California > Lake Tahoe > Highway 50 Corridor > Placerville,Placerville,38.6484,-120.70573,2,5cf4d514-e7e2-5ee4-8872-8995a9f5e7f3,Trout Fishing in America,United States > California > Lake Tahoe > Highway 50 Corridor > Loon Lake,Loon Lake,39.00606,-120.28505,53.941,True,True,True,True,True,True,True,True,True
41699422-7561-5f3f-99d6-1cba7a2ed34d,Spiral Staircase,trad,5.6,United States > Arizona > Central Arizona > **Phoenix Areas > Pinnacle Peak,Pinnacle Peak,33.72624,-111.86334,1,8e9b228d-eff5-5ce5-b66a-3d6102aa68be,Spiral Staircase,United States > Arizona > Central Arizona > **Prescott Area > Thumb Butte,Thumb Butte,34.5456,-112.4691,106.813,True,True,True,True,True,True,True,True,True
4343a1bc-67f9-54b8-ac4d-9c56572d07c3,Lost and Found,trad,5.8,United States > Arizona > Central Arizona > **Phoenix Areas > Superstition Mountains,Superstition Mountains,33.44085,-111.46265,2,e4095302-f247-5c61-bef1-bb071e0d5d1e,Lost and Found,United States > Arizona > Central Arizona > **Phoenix Areas > McDowell Mountains,McDowell Mountains,33.68552,-111.81299,42.354,True,True,True,True,True,True,True,True,True
43d8ec70-413d-5d2e-8202-fd18223d7c75,One Shot-One Kill,boulder,V7-,United States > Massachusetts > North Shore > Lynn Woods > Greater Lynn Woods Area,Greater Lynn Woods Area,42.50411,-71.04614,1,33f9a6f6-ebb4-5bdb-9df7-89613c800de6,"One Shot, One Kill",United States > Massachusetts > North Shore > Cape Ann > Dyke's Pond (Gloucester),Dyke's Pond (Gloucester),42.6135,-70.7202,29.336,True,True,True,True,True,True,True,True,True
43f0cac4-598d-5999-93f5-e76d6fd484c9,Forged from Fire,boulder,V5,United States > Massachusetts > North Shore > Cape Ann > Dogtown,Dogtown,42.63063,-70.65028,1,e4e96e87-886b-5c6b-b86c-43477deaf72f,Forged from Fire,United States > Massachusetts > North Shore > Lynn Woods > Bikini Bottom Area,Bikini Bottom Area,42.50423,-71.00926,32.585,True,True,True,True,True,True,True,True,True
44fa91ff-d510-5b65-b40a-a067477713f8,Chemical Warfare,sport,5.11c/d,United States > California > High Desert > Landers Area > Giant Rock,Giant Rock,34.33566,-116.39283,3,c2e94260-678a-5c47-8297-37ffbc8b7442,Chemical Warfare,United States > California > Joshua Tree National Park > Central Joshua Tree > Barker Dam Area,Barker Dam Area,34.03627,-116.14685,40.252,True,True,True,True,True,True,True,True,True
4530b7b3-9481-51b1-a2aa-56a6f3f7b544,Birds Nest,boulder,V3+,United States > Ohio > Southeast Ohio > Wayne National Forest > Wayne National Forest- Marietta Unit,Wayne National Forest- Marietta Unit,39.45742,-81.31805,2,23623f1c-7be4-573d-bb87-ace23f5a013a,Bird's Nest,United States > Ohio > Southeast Ohio > Athens > Trailer Park Boulders,Trailer Park Boulders,39.34183,-82.06438,65.403,True,True,True,True,True,True,True,True,True
453d00b2-241b-5d10-b7ee-5f19f2a9cc7b,Morada,sport,5.12a/b,United States > Colorado > San Luis Valley > Penitente Canyon > Penitente - Inner Canyon,Penitente - Inner Canyon,37.84519,-106.28863,1,e39b8d89-a6d7-5311-b6b5-72839da7bc3e,Morada,"United States > Colorado > San Luis Valley > Promised Land, The > Main Wall",Main Wall,37.5738,-106.31775,30.286,True,True,True,True,True,True,True,True,True
4597efa3-57a8-5a47-bc17-176cff561ddb,Chimera,sport,5.10b/c,"United States > Arizona > Central Arizona > Homestead, The > Rough Rider Zone",Rough Rider Zone,33.17393,-110.7795,1,fec16833-9a9c-506c-a47f-44afe859804d,Chimera,United States > Arizona > Central Arizona > **Phoenix Areas > Camelback Mountain,Camelback Mountain,33.5192,-111.9694,117.004,True,True,True,True,True,True,True,True,True
45c58abf-8991-520f-a495-fb103a22c674,Tsunami,sport,5.11b/c,United States > Montana > Southwest Region > Paradise Valley > Allenspur,Allenspur,45.59543,-110.55829,2,8fe24804-e8c5-5352-b221-19c7b1f6bc8c,Tsunami,United States > Montana > Southwest Region > Bear Canyon > Upper Bear Canyon,Upper Bear Canyon,45.59913,-110.90875,27.27,True,True,True,True,True,True,True,True,True
45f88354-3266-5040-9a76-94887cd62bed,Jagged Edge,trad,5.8,United States > Utah > Wasatch Range > Central Wasatch > Big Cottonwood Canyon,Big Cottonwood Canyon,40.6247,-111.7528,1,88179243-a9fc-5480-90eb-51395a42e8a7,Jagged Edge,United States > Utah > Wasatch Range > Northern Wasatch > Ogden,Ogden,41.28876,-111.9531,75.732,True,True,True,True,True,True,True,True,True
4620e359-87bc-51f8-ad58-815a508afdf1,Birds Nest,boulder,V1,United States > Ohio > Southeast Ohio > Wayne National Forest > Wayne National Forest- Ironton Unit,Wayne National Forest- Ironton Unit,38.59788,-82.63125,2,23623f1c-7be4-573d-bb87-ace23f5a013a,Bird's Nest,United States > Ohio > Southeast Ohio > Athens > Trailer Park Boulders,Trailer Park Boulders,39.34183,-82.06438,96.15,True,True,True,True,True,True,True,True,True
46305720-6c8e-54f6-a5db-44692f653870,Sisyphus,sport,5.11a,United States > Washington > Okanogan > Mazama > Goat Wall,Goat Wall,48.62285,-120.44865,1,ac40962e-630e-5ec7-a557-a4cbbba0c6b6,Sisyphus,United States > Washington > Okanogan > Burge North - Hidden Canyon (Tonasket) > Hidden Slot,Hidden Slot,48.79762,-119.24323,90.555,True,True,True,True,True,True,True,True,True
46524853-1626-5039-a295-a41bd51d40c8,Black Friday,boulder,V3,United States > Massachusetts > North Shore > Cape Ann > Cavalry Boulder Field aka Gymnasium aka Playground,Cavalry Boulder Field aka Gymnasium aka Playground,42.6344,-70.67065,1,b9913e2d-8636-560e-a7de-7bd1ef462cfd,Black Friday,United States > Massachusetts > North Shore > Lynn Woods > Greater Lynn Woods Area,Greater Lynn Woods Area,42.49727,-70.97562,29.262,True,True,True,True,True,True,True,True,True
47b2f47f-80bc-5239-9601-f14dd7630aaa,Pug Life,boulder,V3,United States > Virginia > Southwest Virginia (Appalachia) > Mill Creek > Gully A,Gully A,37.31471,-80.79878,1,c514e440-aa20-5233-b750-534890dc1b57,Pug Life,United States > Virginia > Southwest Virginia (Appalachia) > Guest River Gorge > (2) Mile Two,(2) Mile Two,36.89539,-82.40406,149.797,True,True,True,True,True,True,True,True,True
48064a7c-081a-5936-ae64-b0f6a70b69bd,Jackhammer,boulder,V4+,United States > Massachusetts > North Shore > Cape Ann > Rockport South Woods,Rockport South Woods,42.61866,-70.66959,1,663154b1-d23c-54b9-9f5d-acca5bf9e1c6,Jackhammer,United States > Massachusetts > North Shore > Lynn Woods > Greater Lynn Woods Area,Greater Lynn Woods Area,42.50764,-71.02217,31.404,True,True,True,True,True,True,True,True,True
48872846-7d90-5926-a553-aade8290e168,Sun Dawg,trad,5.11-,United States > Utah > Southeast Utah > Indian Creek > Vitamin D Wall,Vitamin D Wall,37.9897,-109.6245,1,3c97e454-90b7-52af-82ab-7eca11668e97,Sundawg,United States > Utah > Southeast Utah > Potash Road > Long Canyon,Long Canyon,38.54503,-109.65515,61.808,True,True,True,True,True,True,True,True,True
4a047e26-f4e2-5fa7-a5c9-9131b96d70cd,Specimen,boulder,V3+,United States > Massachusetts > North Shore > Cape Ann > Cavalry Boulder Field aka Gymnasium aka Playground,Cavalry Boulder Field aka Gymnasium aka Playground,42.62091,-70.72131,1,f52988ae-556c-54b6-9966-77c69975bd2d,Specimen,United States > Massachusetts > North Shore > Lynn Woods > Greater Lynn Woods Area,Greater Lynn Woods Area,42.46729,-70.99508,28.192,True,True,True,True,True,True,True,True,True
4a7f6c00-20c7-5854-b355-1fb518091d56,Surface Tension,boulder,V4+,United States > Massachusetts > North Shore > Lynn Woods > Greater Lynn Woods Area,Greater Lynn Woods Area,42.50997,-71.02564,2,52c9653a-b2ae-59ce-a457-a4ec46949840,Surface Tension,United States > Massachusetts > North Shore > Cape Ann > Haskell Pond AKA Redrock West,Haskell Pond AKA Redrock West,42.61523,-70.75019,25.415,True,True,True,True,True,True,True,True,True
4ac1a6c2-9c89-5cc8-8c4b-1ae7bf3fdb34,Storm Warning,sport,5.8+,United States > Colorado > South Platte > Elevenmile Canyon > Heaven's Gate,Heaven's Gate,38.9337,-105.3681,2,5059d406-d8a0-5d62-af65-18a8cd9dea87,Storm Warning,United States > Colorado > South Platte > Devil's Head > Chuck Norris Wall,Chuck Norris Wall,39.2605,-105.09164,43.47,True,True,True,True,True,True,True,True,True
4ac3bc42-7e74-53c3-b30c-6cd3606e6e8c,Scrubs,sport,5.11b,United States > Arizona > Northern Arizona > Oak Creek Canyon > Cave Springs,Cave Springs,35.00043,-111.7416,1,1e9f71ce-bfcc-5b27-8cd2-d46fda99d938,Scrubs,United States > Arizona > Northern Arizona > Winslow- Hwy’s 87 & 99 Corridors > Powerline Crag,Powerline Crag,34.5549,-111.1952,70.318,True,True,True,True,True,True,True,True,True
4b687e58-c6ae-56c1-a6b7-c6a435de2f7f,The Slaughter House,trad,5.10c/d,United States > Utah > Southeast Utah > Indian Creek > Tenderloins Wall,Tenderloins Wall,38.1357,-109.5812,1,902be36c-e3c1-5e87-a2f8-ca6313a2a04e,The Slaughterhouse,United States > Utah > Southeast Utah > Kane Springs Canyon > Trough Springs Wall,Trough Springs Wall,38.43379,-109.56916,33.163,True,True,True,True,True,True,True,True,True
4bd17bb5-10fc-58b9-804c-137870db28f2,Lion's Den,trad,5.8+,United States > Arizona > Central Arizona > **Prescott Area > Granite Dells,Granite Dells,34.5924,-112.40996,1,1eef4e65-69d3-5a10-8957-22b97bf30500,Lion's Den,United States > Arizona > Central Arizona > **Phoenix Areas > Superstition Mountains,Superstition Mountains,33.41155,-111.35051,163.64,True,True,True,True,True,True,True,True,True
4c3fff51-a27d-519d-8f8a-9c0eb9504277,Chimney Sweep,trad,5.6,United States > Arizona > Central Arizona > Queen Creek Canyon > Upper Devils Canyon,Upper Devils Canyon,33.30896,-111.03475,2,e558be2b-b1e4-56ff-9f07-2623565f192f,Chimney Sweep,United States > Arizona > Central Arizona > **Phoenix Areas > South Mountain,South Mountain,33.35601,-112.01209,90.948,True,True,True,True,True,True,True,True,True
4c7c0564-16d9-5ffb-9fe5-6c08fff1cf41,Cyclone,boulder,V4-,United States > Massachusetts > North Shore > Lynn Woods > Greater Lynn Woods Area,Greater Lynn Woods Area,42.48029,-70.94099,1,c7515b74-c705-55fa-86ec-38bb6407756a,Cyclone,United States > Massachusetts > North Shore > Cape Ann > Cavalry Boulder Field aka Gymnasium aka Playground,Cavalry Boulder Field aka Gymnasium aka Playground,42.6344,-70.67065,27.999,True,True,True,True,True,True,True,True,True
4d6fa310-77d9-5ffc-9664-e95548db110f,White Trash,sport,5.12b,United States > California > Sierra Eastside > Lone Pine Area > Alabama Hills,Alabama Hills,36.60384,-118.12516,5,0c636486-6cf1-5cad-bcd2-c24d8e5e0301,White Trash,United States > California > Sierra Eastside > Bishop Area > Pine Creek Canyon,Pine Creek Canyon,37.38521,-118.68031,99.898,True,True,True,True,True,True,True,True,True
4d929a18-de61-5e2b-ab09-d253e632cdea,Shot In The Dark,boulder,V0+,United States > Virginia > Southwest Virginia (Appalachia) > Grayson Highlands State Park > Listening Rock Trail,Listening Rock Trail,36.6122,-81.4912,1,17847c2e-46e6-5016-864d-852943812ccb,Shot in the Dark,United States > Virginia > Southwest Virginia (Appalachia) > Harkening Hill > Stones,Stones,37.46555,-79.60949,192.085,True,True,True,True,True,True,True,True,True
4db0ad6d-7551-59d7-be4d-6e5e7ecbaeb4,Root Canal,sport,5.11a,United States > Montana > Northwest Region > Blackleaf Canyon > Dentist Area,Dentist Area,48.00717,-112.71189,1,622b81eb-5feb-5b22-baba-740a97fab09f,Root Canal,United States > Montana > Northwest Region > Kootenai Canyon > Identity Wall,Identity Wall,46.53796,-114.15877,196.475,True,True,True,True,True,True,True,True,True
4f7c4073-933b-585e-b156-bff0804ac4f8,Reunion,trad,5.8,United States > Arizona > Central Arizona > **Phoenix Areas > Pinnacle Peak,Pinnacle Peak,33.72802,-111.86367,1,66b05f79-1ee9-52d7-a393-d7fea7aaa237,Reunion,United States > Arizona > Central Arizona > **Prescott Area > Granite Mountain,Granite Mountain,34.62908,-112.56665,119.249,True,True,True,True,True,True,True,True,True
5059d406-d8a0-5d62-af65-18a8cd9dea87,Storm Warning,sport,5.10c,United States > Colorado > South Platte > Devil's Head > Chuck Norris Wall,Chuck Norris Wall,39.2605,-105.09164,2,4ac1a6c2-9c89-5cc8-8c4b-1ae7bf3fdb34,Storm Warning,United States > Colorado > South Platte > Elevenmile Canyon > Heaven's Gate,Heaven's Gate,38.9337,-105.3681,43.47,True,True,True,True,True,True,True,True,True
51ce4b13-61fb-5c9e-91d3-65a3e3e9b5db,Three Amigos,trad,5.10-,United States > Arizona > Northern Arizona > Sedona Area > Sedona,Sedona,34.8661,-111.7637,2,216c7fce-8d40-5515-b510-2984d9be0337,Three Amigos,United States > Arizona > Central Arizona > Christopher Creek Gorge > Confluence Wall,Confluence Wall,34.31205,-111.0664,88.712,True,True,True,True,True,True,True,True,True
5217e7c2-0833-50f4-b13c-ac9623d50372,Poop Deck,boulder,V5,United States > California > San Diego County > San Diego County Desert Area > Culp Valley,Culp Valley,33.22302,-116.45582,2,6db936b5-e83b-52c4-b4b8-5059d5a684c6,Poop Deck,United States > California > San Diego County > North San Diego County > Lake Ramona,Lake Ramona,33.01205,-116.94636,51.356,True,True,True,True,True,True,True,True,True
53f8d8a7-d391-5689-acac-b12d8995e5a3,Loanshark,boulder,V1,United States > Massachusetts > North Shore > Lynn Woods > Stone Tower Area,Stone Tower Area,42.48601,-70.98521,1,1a71d654-7f74-5d12-a907-16af1d124bc5,Loan Shark,United States > Massachusetts > North Shore > Cape Ann > Agassiz Rock Reservation,Agassiz Rock Reservation,42.55555,-70.70181,24.479,True,True,True,True,True,True,True,True,True
540e6efc-931c-5edf-8802-235c69343ebe,The Groove,boulder,V4+,United States > Massachusetts > North Shore > Cape Ann > Cavalry Boulder Field aka Gymnasium aka Playground,Cavalry Boulder Field aka Gymnasium aka Playground,42.62123,-70.72234,1,0575414c-1c4a-50ba-a189-5e0d58458d01,The Groove,United States > Massachusetts > North Shore > Lynn Woods > Stone Tower Area,Stone Tower Area,42.4871,-70.98254,26.013,True,True,True,True,True,True,True,True,True
54119e8a-f6ed-5ddf-9143-a24b7824bd5f,Star Fish,boulder,V3+,United States > Virginia > Southwest Virginia (Appalachia) > Grayson Highlands State Park > Boneyard Area,Boneyard Area,36.61272,-81.49442,1,c3915736-64c9-5924-a233-e20c59648859,Starfish,United States > Virginia > Southwest Virginia (Appalachia) > Guest River Gorge > (6) Jaybird Gorge,(6) Jaybird Gorge,36.90948,-82.45516,91.726,True,True,True,True,True,True,True,True,True
542421e9-0360-5e7c-9088-7ec2d7a915cd,Sidewinder,trad,5.10,United States > Arizona > Central Arizona > **Phoenix Areas > Superstition Mountains,Superstition Mountains,33.43761,-111.45433,7,689ab4ec-8cf8-5a76-bb37-1de6451717c0,Sidewinder,United States > Arizona > Central Arizona > Queen Creek Canyon > Lower Devil's Canyon,Lower Devil's Canyon,33.27066,-111.04595,42.229,True,True,True,True,True,True,True,True,True
57a6fc5c-2ce7-5abc-ba31-ca8ae6fa8260,The Rail,boulder,V2+,United States > Massachusetts > North Shore > Cape Ann > Ravenswood Park,Ravenswood Park,42.60369,-70.69209,2,dfab7d40-a4d2-54bc-ae3b-92f3a7080403,The Rail,United States > Massachusetts > North Shore > Lynn Woods > Stone Tower Area,Stone Tower Area,42.49103,-70.98673,27.194,True,True,True,True,True,True,True,True,True
57b39855-f9ac-53b7-9221-7555356ac2d9,Strange Brew,trad,5.8,United States > California > Western Sierra > Fresno Dome (Wamello) Area > Upper Willow Creek Wall area,Upper Willow Creek Wall area,37.44453,-119.53511,2,a5e96f80-9948-5d63-803b-002fa1e02b98,Strange Brew,United States > California > Sierra Eastside > Mammoth Lakes Area > Rock Creek,Rock Creek,37.49933,-118.71912,72.268,True,True,True,True,True,True,True,True,True
57ef07ff-0379-55f3-a27b-331dd7d2618a,Jam Session,trad,5.10b,United States > California > Lake Tahoe > I-80 Corridor > Donner Summit,Donner Summit,39.31615,-120.31908,2,6b9cabf6-d81d-5db5-b2f5-899a9b5dc0d4,Jam Session,United States > California > Lake Tahoe > Highway 50 Corridor > Echo Summit,Echo Summit,38.84593,-120.05746,56.954,True,True,True,True,True,True,True,True,True
58a044eb-658c-5818-b8bc-7f680760a95d,The Overlook,trad,5.10-,United States > Utah > Southeast Utah > Moab Rim Area > Hidden Valley,Hidden Valley,38.53223,-109.52521,1,9360374c-7680-5c05-aaf5-f9bd3ea2a39c,The Overlook,United States > Utah > Southeast Utah > Indian Creek > Reservoir Wall,Reservoir Wall,38.08285,-109.56278,50.076,True,True,True,True,True,True,True,True,True
58e40973-6af4-5f7c-9703-6c87f32c2143,Unfinished Business,boulder,V6-,United States > Massachusetts > North Shore > Lynn Woods > Greater Lynn Woods Area,Greater Lynn Woods Area,42.49727,-70.97562,1,7e0a9f62-eb37-5fac-a328-480bf67f9882,Unfinished Business,United States > Massachusetts > North Shore > Cape Ann > Dogtown,Dogtown,42.63093,-70.66928,29.16,True,True,True,True,True,True,True,True,True
59c3c5c8-755d-57d1-96d5-e24c596e4c7e,Mutation,sport,5.10d,United States > Utah > Wasatch Range > Northern Wasatch > Cache Valley,Cache Valley,41.78063,-111.64374,1,69ff93c9-bc35-5d73-953f-e83b282bcaca,Mutation,United States > Utah > Wasatch Range > Central Wasatch > Parley's Canyon,Parley's Canyon,40.71014,-111.79345,119.689,True,True,True,True,True,True,True,True,True
59cab3d2-298a-5118-8a65-d63901ef848c,Ghetto Blast,trad,5.11-,United States > California > Northeast California > Lassen Area > Lassen National Park,Lassen National Park,40.48251,-121.50915,1,6d410ba3-7ca3-5302-a0d6-7eac0fbb9ce3,Ghetto Blast,United States > California > Northeast California > Susanville Area > Pigeon Cliff,Pigeon Cliff,40.42155,-120.67468,70.932,True,True,True,True,True,True,True,True,True
59e7a49e-9785-4d70-b4c6-3ae42bdfaca7,Pop Corn,trad,5.10a,Canada > Quebec > Laurentides > Montagne d'Argent > 15 - M & M,15 - M & M,46.12577,-74.678,1,67399442-9ffc-461c-9a8e-94c0a8799453,Pop Corn,Canada > Quebec > Laurentides > Weir > Mur de l'Ouest,Mur de l'Ouest,45.9463,-74.53016,22.989,True,True,True,True,True,True,True,True,True
59ef7735-e250-56ae-9b66-aee4dba20979,Stem Cell,sport,5.10+,United States > Alaska > Anchorage & South Central Alaska > Valdez Area Rock > 43 mile crag,43 mile crag,61.24252,-145.34501,1,5d140553-e9a1-5381-93a1-33fead31a331,Stem Cell,United States > Alaska > Anchorage & South Central Alaska > Wookie Wall/Weiner Lake > Weiner Lake Routes,Weiner Lake Routes,61.8172,-148.17242,162.909,True,True,True,True,True,True,True,True,True
5a31e31f-846c-5f08-b6f4-03ad3350f1fb,Monkey Business,trad,5.10a,United States > California > Lake Tahoe > West Shore > Eagle Creek Canyon,Eagle Creek Canyon,38.9504,-120.136,4,622bf81f-2fde-56b8-b660-fe447e184160,Monkey Business,United States > California > Lake Tahoe > I-80 Corridor > Rainbow,Rainbow,39.30547,-120.51562,51.294,True,True,True,True,True,True,True,True,True
5a93c0d1-9cf4-562f-95a8-8ca79bab3d2c,Maverick,trad,5.9,"United States > Utah > Southeast Utah > Onion Creek > Hindu, The","Hindu, The",38.70514,-109.31518,1,aa5425a0-5d11-59ce-ab43-6179e138a037,Maverick,United States > Utah > Southeast Utah > Indian Creek > Pistol Whipped,Pistol Whipped,38.00828,-109.58715,81.035,True,True,True,True,True,True,True,True,True
5bbc824e-88b9-565e-923e-e1e11a4bf98d,Ginger Ale,boulder,V3-,United States > Massachusetts > North Shore > Cape Ann > Dogtown,Dogtown,42.63095,-70.66814,1,64abdb47-52d4-5d4c-902f-70b2a536be45,Ginger Ale,United States > Massachusetts > North Shore > Lynn Woods > Bow Ridge Area,Bow Ridge Area,42.50822,-71.00967,31.12,True,True,True,True,True,True,True,True,True
5c59e69c-d555-503d-8d69-26eb7fbb4a69,Mavrick,boulder,V1,United States > Virginia > Southwest Virginia (Appalachia) > High Knob Landform > HKL West,HKL West,36.78794,-82.7874,1,68752af2-b426-556d-a821-41eeca324b09,Mavrick,United States > Virginia > Southwest Virginia (Appalachia) > Grayson Highlands State Park > Haw Orchard,Haw Orchard,36.6235,-81.47622,118.308,True,True,True,True,True,True,True,True,True
5c6bcfe7-9569-50fb-aa79-1aee7daae531,Sidewinder,trad,5.11a/b,United States > Arizona > Central Arizona > **Phoenix Areas > Pinnacle Peak,Pinnacle Peak,33.72624,-111.86334,7,34bff6f8-1b2a-5c9e-be61-110956f7d0e6,Sidewinder,United States > Arizona > Central Arizona > **Phoenix Areas > South Mountain,South Mountain,33.35118,-112.00091,43.61,True,True,True,True,True,True,True,True,True
5cf4d514-e7e2-5ee4-8872-8995a9f5e7f3,Trout Fishing in America,sport,5.10b,United States > California > Lake Tahoe > Highway 50 Corridor > Loon Lake,Loon Lake,39.00606,-120.28505,2,40c133e2-705c-5235-8116-9e6542a8db65,Trout Fishing in America,United States > California > Lake Tahoe > Highway 50 Corridor > Placerville,Placerville,38.6484,-120.70573,53.941,True,True,True,True,True,True,True,True,True
5d140553-e9a1-5381-93a1-33fead31a331,Stem Cell,sport,5.11d,United States > Alaska > Anchorage & South Central Alaska > Wookie Wall/Weiner Lake > Weiner Lake Routes,Weiner Lake Routes,61.8172,-148.17242,1,59ef7735-e250-56ae-9b66-aee4dba20979,Stem Cell,United States > Alaska > Anchorage & South Central Alaska > Valdez Area Rock > 43 mile crag,43 mile crag,61.24252,-145.34501,162.909,True,True,True,True,True,True,True,True,True
5d438535-3d4c-5202-bfa5-45c447827572,Crimp Fest,boulder,V4,"United States > Massachusetts > Eastern, MA > Quincy Quarries > Q Wall",Q Wall,42.244,-71.0346,2,c2d4e246-fd7b-5891-9e85-84a429322814,Crimp Fest,"United States > Massachusetts > Eastern, MA > Whipple Hill Conservation Area > Pond Boulder",Pond Boulder,42.44123,-71.18016,24.982,True,True,True,True,True,True,True,True,True
5fc5ff23-49e0-5ca4-8a22-498bc8ea737b,Cowpunks,sport,5.12b/c,United States > Arizona > Southern Arizona > Mount Lemmon (Santa Catalina Mountains) > Mount Lemmon (Catalina Highway),Mount Lemmon (Catalina Highway),32.3751,-110.70681,1,cfd348e0-0200-5116-aa1f-1433366c01f7,Cowpunks,"United States > Arizona > Southern Arizona > Biscuit, The > Cowpunks",Cowpunks,31.70829,-110.49471,76.794,True,True,True,True,True,True,True,True,True
5fddd03b-cdbf-5750-b6a4-cb8eea672a6b,Microburst,sport,5.10a,United States > Arizona > Central Arizona > Queen Creek Canyon > Old Tunnel Area,Old Tunnel Area,33.30342,-111.08201,1,b7a97d76-4cfa-5d69-a722-58562bf51a66,Micro Burst,"United States > Arizona > Central Arizona > Homestead, The > Tufa City",Tufa City,33.17567,-110.78048,31.435,True,True,True,True,True,True,True,True,True
60222f09-cd6f-5be6-a1cb-5f01cb0d9e08,Edges to Ledges,boulder,V4,United States > Virginia > Southwest Virginia (Appalachia) > Harkening Hill > Stones,Stones,37.4548,-79.61891,1,bc631a33-daa5-515c-a77b-11a803de8f10,Edges to Ledges,United States > Virginia > Southwest Virginia (Appalachia) > Grayson Highlands State Park > Haw Orchard,Haw Orchard,36.6235,-81.47622,188.993,True,True,True,True,True,True,True,True,True
6023630c-8e69-5f0a-be50-ee79c4bfa0bd,Grain Alcohol,boulder,V6,United States > Massachusetts > North Shore > Lynn Woods > Greater Lynn Woods Area,Greater Lynn Woods Area,42.51775,-71.02631,1,edc24dad-91ca-5acf-ade6-ea03d488ba35,Grain Alcohol,United States > Massachusetts > North Shore > Cape Ann > Agassiz Rock Reservation,Agassiz Rock Reservation,42.55555,-70.70181,26.918,True,True,True,True,True,True,True,True,True
605f0353-0937-51e0-ad68-ffbaf88a1a2e,Timeless,boulder,V6,United States > Massachusetts > North Shore > Lynn Woods > Greater Lynn Woods Area,Greater Lynn Woods Area,42.49727,-70.97562,1,10955255-3d15-5b1b-a4c6-e64d08372152,Timeless,United States > Massachusetts > North Shore > Cape Ann > Dogtown,Dogtown,42.65495,-70.61915,34.05,True,True,True,True,True,True,True,True,True
607dab0d-cd6d-5702-9f91-480fdc95c13a,Black Hole,boulder,V5-6,United States > Massachusetts > North Shore > Lynn Woods > Greater Lynn Woods Area,Greater Lynn Woods Area,42.46729,-70.99508,2,dcceb27e-f63e-5a2e-9308-8f06dd362586,Blackhole,United States > Massachusetts > North Shore > Cape Ann > Rockport South Woods,Rockport South Woods,42.59318,-70.64277,32.084,True,True,True,True,True,True,True,True,True
60e0c53c-03b2-563d-8da2-84e77c62360b,Rumble Strip,sport,5.9,United States > Utah > Wasatch Range > Central Wasatch > Parley's Canyon,Parley's Canyon,40.71094,-111.78952,1,19f97660-3075-5b8d-86a7-b2ba137abb4b,Rumble Strip,United States > Utah > Wasatch Range > Southern Wasatch > Spanish Fork Canyon,Spanish Fork Canyon,40.0573,-111.5614,75.206,True,True,True,True,True,True,True,True,True
617b23d7-afaf-5316-9aa5-c76c0a7e4af2,Room Service,boulder,V4,United States > Massachusetts > North Shore > Cape Ann > Dogtown,Dogtown,42.62078,-70.64018,1,250b8d15-9d39-5d02-a93b-ee3bd8cab747,Room Service,United States > Massachusetts > North Shore > Lynn Woods > Greater Lynn Woods Area,Greater Lynn Woods Area,42.53151,-70.9891,30.245,True,True,True,True,True,True,True,True,True
6226f84f-1522-5bde-9782-08b08a523d95,Mr. Clean,boulder,V5-,United States > Massachusetts > North Shore > Cape Ann > Dogtown,Dogtown,42.63349,-70.65956,2,1fae4a8b-8032-5265-970f-13ca83dc432f,Mr. Clean,United States > Massachusetts > North Shore > Lynn Woods > Weetamoo Area,Weetamoo Area,42.49844,-70.99363,31.209,True,True,True,True,True,True,True,True,True
622b81eb-5feb-5b22-baba-740a97fab09f,Root Canal,sport,5.11c,United States > Montana > Northwest Region > Kootenai Canyon > Identity Wall,Identity Wall,46.53796,-114.15877,1,4db0ad6d-7551-59d7-be4d-6e5e7ecbaeb4,Root Canal,United States > Montana > Northwest Region > Blackleaf Canyon > Dentist Area,Dentist Area,48.00717,-112.71189,196.475,True,True,True,True,True,True,True,True,True
622bf81f-2fde-56b8-b660-fe447e184160,Monkey Business,trad,5.12c,United States > California > Lake Tahoe > I-80 Corridor > Rainbow,Rainbow,39.30547,-120.51562,4,5a31e31f-846c-5f08-b6f4-03ad3350f1fb,Monkey Business,United States > California > Lake Tahoe > West Shore > Eagle Creek Canyon,Eagle Creek Canyon,38.9504,-120.136,51.294,True,True,True,True,True,True,True,True,True
640350b2-f710-5e6c-ba4e-63f0945476a3,Axis of Evil,sport,5.13b/c,United States > California > Los Angeles Basin > Santa Monica Mountains > Echo Cliffs,Echo Cliffs,34.1116,-118.9264,1,c45edd76-51ec-5b0a-b354-03f25ff9e6b5,Axis of Evil,United States > California > Los Angeles Basin > Santa Monica Mountains > Tick Rock,Tick Rock,34.06576,-118.55979,34.143,True,True,True,True,True,True,True,True,True
64070725-d38f-5fbe-85d1-25f1a643d3d5,Hanky Panky,boulder,V3-4,United States > Virginia > Southwest Virginia (Appalachia) > Grayson Highlands State Park > ~M.R.N.R.A.,~M.R.N.R.A.,36.62156,-81.5111,1,051364b2-1e50-5e39-a8ea-ccecc8ab3fe2,Hanky-Panky,United States > Virginia > Southwest Virginia (Appalachia) > High Knob Landform > HKL West,HKL West,36.91842,-82.64318,106.101,True,True,True,True,True,True,True,True,True
64081fbf-8fff-45f3-9c9d-e9ffe4056a72,Menhir,trad,5.4,Canada > Quebec > Laurentides > Val-David > Les Fesses,Les Fesses,46.02679,-74.18505,1,b5413b6a-d606-4b06-8050-9641d3785db4,Menhir,Canada > Quebec > Laurentides > Julien-Labedan > Right of pond,Right of pond,46.16929,-74.4275,24.506,True,True,True,True,True,True,True,True,True
643ea6a4-8c5f-584b-a0b8-bcb5f09b1b80,Black Lung,sport,5.12b/c,United States > Virginia > Southwest Virginia (Appalachia) > Guest River Gorge > (3) Mile Three,(3) Mile Three,36.90262,-82.39906,1,67692676-e578-5ac9-b0cf-2d80d73695ae,Black Lung,United States > Virginia > Southwest Virginia (Appalachia) > Breaks Interstate Park > Pool Point,Pool Point,37.29476,-82.32583,44.085,True,True,True,True,True,True,True,True,True
64abdb47-52d4-5d4c-902f-70b2a536be45,Ginger Ale,boulder,V3,United States > Massachusetts > North Shore > Lynn Woods > Bow Ridge Area,Bow Ridge Area,42.50822,-71.00967,1,5bbc824e-88b9-565e-923e-e1e11a4bf98d,Ginger Ale,United States > Massachusetts > North Shore > Cape Ann > Dogtown,Dogtown,42.63095,-70.66814,31.12,True,True,True,True,True,True,True,True,True
660ae452-8253-5de8-b302-5c3d4f143f71,Black Gold,sport,5.8,United States > Arizona > Northern Arizona > Winslow- Hwy’s 87 & 99 Corridors > Powerline Crag,Powerline Crag,34.5549,-111.1952,1,2c6b28fd-08bf-5162-8994-5dd38ff6b082,Black Gold,United States > Arizona > Northern Arizona > Sedona Area > Sedona,Sedona,34.8346,-111.7666,60.797,True,True,True,True,True,True,True,True,True
663154b1-d23c-54b9-9f5d-acca5bf9e1c6,Jackhammer,boulder,V3-4,United States > Massachusetts > North Shore > Lynn Woods > Greater Lynn Woods Area,Greater Lynn Woods Area,42.50764,-71.02217,1,48064a7c-081a-5936-ae64-b0f6a70b69bd,Jackhammer,United States > Massachusetts > North Shore > Cape Ann > Rockport South Woods,Rockport South Woods,42.61866,-70.66959,31.404,True,True,True,True,True,True,True,True,True
6697a479-1642-5fc8-8287-08df39c12af4,Around the World,boulder,V3+,United States > California > San Diego County > San Diego County Desert Area > Culp Valley,Culp Valley,33.2162,-116.4596,2,1ab707a7-f78c-5c01-92c7-ec592807cd60,Around The World,United States > California > San Diego County > North San Diego County > Rancho Penasquitos Canyon,Rancho Penasquitos Canyon,32.92749,-117.17738,74.188,True,True,True,True,True,True,True,True,True
66b05f79-1ee9-52d7-a393-d7fea7aaa237,Reunion,trad,5.10-,United States > Arizona > Central Arizona > **Prescott Area > Granite Mountain,Granite Mountain,34.62908,-112.56665,1,4f7c4073-933b-585e-b156-bff0804ac4f8,Reunion,United States > Arizona > Central Arizona > **Phoenix Areas > Pinnacle Peak,Pinnacle Peak,33.72802,-111.86367,119.249,True,True,True,True,True,True,True,True,True
67399442-9ffc-461c-9a8e-94c0a8799453,Pop Corn,trad,5.8+,Canada > Quebec > Laurentides > Weir > Mur de l'Ouest,Mur de l'Ouest,45.9463,-74.53016,1,59e7a49e-9785-4d70-b4c6-3ae42bdfaca7,Pop Corn,Canada > Quebec > Laurentides > Montagne d'Argent > 15 - M & M,15 - M & M,46.12577,-74.678,22.989,True,True,True,True,True,True,True,True,True
67406f85-845c-558d-8d4c-463fb684094e,Descent,boulder,V0,United States > California > Sierra Eastside > Mammoth Lakes Area > Sherwin Plateau,Sherwin Plateau,37.56532,-118.62613,1,a74a2f49-638c-51f7-a9e9-f1c4ab8b7810,Descent,United States > California > Sierra Eastside > Bishop Area > Druid Stones,Druid Stones,37.3072,-118.43735,33.19,True,True,True,True,True,True,True,True,True
67692676-e578-5ac9-b0cf-2d80d73695ae,Black Lung,sport,5.11c,United States > Virginia > Southwest Virginia (Appalachia) > Breaks Interstate Park > Pool Point,Pool Point,37.29476,-82.32583,1,643ea6a4-8c5f-584b-a0b8-bcb5f09b1b80,Black Lung,United States > Virginia > Southwest Virginia (Appalachia) > Guest River Gorge > (3) Mile Three,(3) Mile Three,36.90262,-82.39906,44.085,True,True,True,True,True,True,True,True,True
67c85e18-980f-5bc7-ac87-a1815517bd53,Wild Thing,sport,5.12a,"United States > Arizona > Southern Arizona > Dry Canyon, The > 6 - Swallow Wall",6 - Swallow Wall,31.7862,-110.40666,1,dd73f620-ce90-596a-a94f-1d28071bf001,Wild Thing,United States > Arizona > Southern Arizona > Mount Lemmon (Santa Catalina Mountains) > Mount Lemmon (Catalina Highway),Mount Lemmon (Catalina Highway),32.36712,-110.71485,70.822,True,True,True,True,True,True,True,True,True
680c40c4-3721-54e0-9ea7-0a35c4ce44af,Gripped,boulder,V6,United States > Massachusetts > North Shore > Cape Ann > Tompson St. Reservation,Tompson St. Reservation,42.64002,-70.71563,2,1151c99f-14da-546b-b36c-dbd0135e50c7,Gripped,United States > Massachusetts > North Shore > Lynn Woods > Greater Lynn Woods Area,Greater Lynn Woods Area,42.49968,-70.97631,26.443,True,True,True,True,True,True,True,True,True
68752af2-b426-556d-a821-41eeca324b09,Mavrick,boulder,V4-5,United States > Virginia > Southwest Virginia (Appalachia) > Grayson Highlands State Park > Haw Orchard,Haw Orchard,36.6235,-81.47622,1,5c59e69c-d555-503d-8d69-26eb7fbb4a69,Mavrick,United States > Virginia > Southwest Virginia (Appalachia) > High Knob Landform > HKL West,HKL West,36.78794,-82.7874,118.308,True,True,True,True,True,True,True,True,True
689ab4ec-8cf8-5a76-bb37-1de6451717c0,Sidewinder,trad,5.10+,United States > Arizona > Central Arizona > Queen Creek Canyon > Lower Devil's Canyon,Lower Devil's Canyon,33.27066,-111.04595,7,42b9b265-293f-5188-acb3-63f635ac7873,Sidewinder,"United States > Arizona > Central Arizona > Homestead, The > Tufa City",Tufa City,33.17567,-110.78048,26.858,True,True,True,True,True,True,True,True,True
69ff93c9-bc35-5d73-953f-e83b282bcaca,Mutation,sport,5.9,United States > Utah > Wasatch Range > Central Wasatch > Parley's Canyon,Parley's Canyon,40.71014,-111.79345,1,59c3c5c8-755d-57d1-96d5-e24c596e4c7e,Mutation,United States > Utah > Wasatch Range > Northern Wasatch > Cache Valley,Cache Valley,41.78063,-111.64374,119.689,True,True,True,True,True,True,True,True,True
6a5f9382-84e5-5dac-b7a3-406c86c58a7e,Crystal Staircase,sport,5.7,"United States > Colorado > Estes Park Valley > Big Thompson Canyon > Monastery, The","Monastery, The",40.45293,-105.369,2,fec32600-0eed-5499-859d-4e702b2025e1,Crystal Staircase,"United States > Colorado > Estes Park Valley > CO Hwy 7 & Tributaries > Crags, The","Crags, The",40.30276,-105.52423,21.254,True,True,True,True,True,True,True,True,True
6a9e1978-9bc3-569b-a90c-f6c2f270e08f,Worth The Squeeze,boulder,V3,United States > Virginia > Southwest Virginia (Appalachia) > Grayson Highlands State Park > ~M.R.N.R.A.,~M.R.N.R.A.,36.6122,-81.4912,1,f6f01b2b-53b3-524a-8f03-f2e8e07ad5ae,Worth the Squeeze,United States > Virginia > Southwest Virginia (Appalachia) > Cascades Bouldering > Contrast Area,Contrast Area,37.35931,-80.58918,115.413,True,True,True,True,True,True,True,True,True
6aae0f77-724a-5a0a-842f-ad3d60fa78a7,Deep Thought,boulder,V3,United States > Virginia > Southwest Virginia (Appalachia) > High Knob Landform > HKL East,HKL East,36.9097,-82.6302,1,fbb3e852-3f93-5ed8-b5a7-5f0e96a037d6,Deep Thought,United States > Virginia > Southwest Virginia (Appalachia) > Mill Creek > Waterfall Area,Waterfall Area,37.30277,-80.79409,168.587,True,True,True,True,True,True,True,True,True
6b1ff29f-9765-56e5-9f4e-303eebba664c,*The Shining,boulder,V8,United States > Virginia > Southwest Virginia (Appalachia) > Guest River Gorge > (6) Jaybird Gorge,(6) Jaybird Gorge,36.89937,-82.4186,1,ab448754-9f15-5532-83f9-bd9abba33e59,The Shining,United States > Virginia > Southwest Virginia (Appalachia) > Grayson Highlands State Park > Picnic Area,Picnic Area,36.6122,-81.4912,88.576,True,True,True,True,True,True,True,True,True
6b421774-48e6-5fae-bed0-2ae23e5bc181,The Vanishing,boulder,V6,United States > Virginia > Southwest Virginia (Appalachia) > Guest River Gorge > (4) Mile Four,(4) Mile Four,36.89934,-82.41897,1,7bd484d3-b758-5458-8372-7d3002139160,.The Vanishing,United States > Virginia > Southwest Virginia (Appalachia) > High Knob Landform > HKL West,HKL West,36.91842,-82.64318,20.047,True,True,True,True,True,True,True,True,True
6b7a4fac-0c20-5f86-9ad8-5e78c45eef33,Journey,boulder,V6-,United States > Massachusetts > North Shore > Cape Ann > Tompson St. Reservation,Tompson St. Reservation,42.64082,-70.71555,1,dbf66f77-541a-5d40-8289-2d4515a19f24,Journey,United States > Massachusetts > North Shore > Lynn Woods > Greater Lynn Woods Area,Greater Lynn Woods Area,42.49123,-70.99199,28.093,True,True,True,True,True,True,True,True,True
6b9cabf6-d81d-5db5-b2f5-899a9b5dc0d4,Jam Session,trad,5.10a,United States > California > Lake Tahoe > Highway 50 Corridor > Echo Summit,Echo Summit,38.84593,-120.05746,2,57ef07ff-0379-55f3-a27b-331dd7d2618a,Jam Session,United States > California > Lake Tahoe > I-80 Corridor > Donner Summit,Donner Summit,39.31615,-120.31908,56.954,True,True,True,True,True,True,True,True,True
6ceff6bd-f0a4-5ab6-9e3b-0b541de59cd3,Ballot Box,boulder,V4-,United States > Massachusetts > North Shore > Lynn Woods > Greater Lynn Woods Area,Greater Lynn Woods Area,42.50229,-70.97717,1,7f13ff23-968c-57f4-bd72-9839513dbc93,Ballot Box,United States > Massachusetts > North Shore > Cape Ann > Dyke's Pond (Gloucester),Dyke's Pond (Gloucester),42.6135,-70.7202,24.411,True,True,True,True,True,True,True,True,True
6d2506c7-84e3-5554-ac37-cb9e5e29d00d,Cyclops,boulder,V1,United States > Arizona > Southern Arizona > Mount Lemmon (Santa Catalina Mountains) > Mount Lemmon (Catalina Highway),Mount Lemmon (Catalina Highway),32.33746,-110.69046,1,cd227609-d058-502f-b503-7f0ea8f38d42,Cyclops,United States > Arizona > Southern Arizona > Cochise Stronghold > East Stronghold,East Stronghold,31.94324,-109.96814,80.912,True,True,True,True,True,True,True,True,True
6d410ba3-7ca3-5302-a0d6-7eac0fbb9ce3,Ghetto Blast,trad,5.10b,United States > California > Northeast California > Susanville Area > Pigeon Cliff,Pigeon Cliff,40.42155,-120.67468,1,59cab3d2-298a-5118-8a65-d63901ef848c,Ghetto Blast,United States > California > Northeast California > Lassen Area > Lassen National Park,Lassen National Park,40.48251,-121.50915,70.932,True,True,True,True,True,True,True,True,True
6d55fa0c-f951-5b1e-805c-603b9ab0a9b3,Scaredy Cat,trad,5.7,United States > New York > Adirondacks > J: Cranberry Lake > Cat Mountain,Cat Mountain,44.0992,-74.8663,1,99d071ae-86ff-5691-b728-ccd83de1df05,Scaredy Cat,United States > New York > Adirondacks > G: Indian Lake Region > Crane Mountain,Crane Mountain,43.5431,-73.95414,95.806,True,True,True,True,True,True,True,True,True
6db936b5-e83b-52c4-b4b8-5059d5a684c6,Poop Deck,boulder,V5-6,United States > California > San Diego County > North San Diego County > Lake Ramona,Lake Ramona,33.01205,-116.94636,2,5217e7c2-0833-50f4-b13c-ac9623d50372,Poop Deck,United States > California > San Diego County > San Diego County Desert Area > Culp Valley,Culp Valley,33.22302,-116.45582,51.356,True,True,True,True,True,True,True,True,True
6ddc059e-42f9-5a9a-aefa-75b82e559f78,Space Invaders,sport,5.12a,"United States > California > Lake Tahoe > South Shore > Pie Shop, The","Pie Shop, The",38.8828,-120.01717,2,da148664-ac5d-5934-86e7-f3a16bc05944,Space Invaders,United States > California > Lake Tahoe > I-80 Corridor > Donner Summit,Donner Summit,39.32485,-120.31463,55.452,True,True,True,True,True,True,True,True,True
6eb9363d-e442-57af-8bb7-65a7a8533091,Off the Grid,boulder,V4+,United States > Massachusetts > North Shore > Cape Ann > Dyke's Pond (Gloucester),Dyke's Pond (Gloucester),42.6129,-70.72168,1,9984fd32-56a5-53d3-97db-0882d21e6925,Off the Grid,United States > Massachusetts > North Shore > Lynn Woods > Greater Lynn Woods Area,Greater Lynn Woods Area,42.49727,-70.97562,24.453,True,True,True,True,True,True,True,True,True
6ffe5a27-7ada-57d5-b6ab-80c69807d0d9,Root Canal,boulder,V3-4,United States > Connecticut > CT Bouldering > Hurd Park > Molar Rock,Molar Rock,41.50836,-72.54211,1,90b7ed73-eafd-547e-b334-19aa319c8665,Root Canal,United States > Connecticut > CT Bouldering > Mianus Park > Tooth Boulder,Tooth Boulder,41.09724,-73.59073,98.805,True,True,True,True,True,True,True,True,True
70415dc9-bb8e-55e5-af26-6d5972fff429,The Sting,trad,5.11+,United States > Utah > Southeast Utah > Indian Creek > Fringe Walls,Fringe Walls,38.0258,-109.54,1,decba5e0-38bd-5da7-9a72-d78da599115b,The Sting,United States > Utah > Wasatch Range > Central Wasatch > Bell's Canyon,Bell's Canyon,40.56333,-111.77125,341.264,True,True,True,True,True,True,True,True,True
705c0550-9442-541a-b01a-f09649c0b374,Entrance Arête,boulder,V1,United States > Pennsylvania > South Central PA > Whiskey Springs > Entrance Area,Entrance Area,40.09608,-77.13207,1,722ed832-6daf-5f37-9b53-506da355bd80,Entrance Arete,"United States > Pennsylvania > South Central PA > Governor Stable > Cave, The","Cave, The",40.12896,-76.69668,37.205,True,True,True,True,True,True,True,True,True
709fde5b-8c09-55de-831a-a93a85ebef2c,Crack of Doom,trad,5.10a,United States > Arizona > Central Arizona > Christopher Creek Gorge > Mordor,Mordor,34.31103,-111.06675,1,2dd36c00-c697-5dc6-9b20-428b6d754179,Crack of Doom,United States > Arizona > Central Arizona > **Prescott Area > Granite Dells,Granite Dells,34.60782,-112.42044,128.422,True,True,True,True,True,True,True,True,True
70c1b958-7a7b-57e4-9781-e536eed51e85,Love Handles,boulder,V6,United States > Massachusetts > North Shore > Lynn Woods > Greater Lynn Woods Area,Greater Lynn Woods Area,42.46729,-70.99508,1,263ef16c-1215-576a-8778-842b501739da,Love Handles,United States > Massachusetts > North Shore > Cape Ann > Dogtown,Dogtown,42.62782,-70.65778,32.895,True,True,True,True,True,True,True,True,True
71d3db5a-9ce4-5080-8b35-24e381a8217b,Shady Character,sport,5.9,United States > Colorado > South Platte > Dog Rocks > Black Dog Rock,Black Dog Rock,39.08638,-105.405,4,e25e77e2-c7ec-5da4-9e3e-01e7c0e3e179,Shady Character,"United States > Colorado > South Platte > Devil's Head > Arena, The","Arena, The",39.25709,-105.10258,32.248,True,True,True,True,True,True,True,True,True
722ed832-6daf-5f37-9b53-506da355bd80,Entrance Arete,boulder,V2,"United States > Pennsylvania > South Central PA > Governor Stable > Cave, The","Cave, The",40.12896,-76.69668,1,705c0550-9442-541a-b01a-f09649c0b374,Entrance Arête,United States > Pennsylvania > South Central PA > Whiskey Springs > Entrance Area,Entrance Area,40.09608,-77.13207,37.205,True,True,True,True,True,True,True,True,True
7279d7ec-efb4-5c0d-b9a6-4e34273bdab9,Moral Compass,boulder,V4+,United States > Massachusetts > North Shore > Lynn Woods > Greater Lynn Woods Area,Greater Lynn Woods Area,42.50997,-71.02564,2,0feb6ee2-3abf-5ceb-9507-afae6f458a38,Moral Compass,United States > Massachusetts > North Shore > Cape Ann > Wyman Hill (AKA Crooked Lane),Wyman Hill (AKA Crooked Lane),42.6188,-70.6668,31.782,True,True,True,True,True,True,True,True,True
734d6149-8506-5159-93c2-6e9f66c59bec,Boots on the Ground,boulder,V4,United States > Massachusetts > North Shore > Lynn Woods > Greater Lynn Woods Area,Greater Lynn Woods Area,42.49123,-70.99199,1,3f2b6766-be58-5278-995a-760d094bbeb3,Boots on the Ground,United States > Massachusetts > North Shore > Cape Ann > Rockport South Woods,Rockport South Woods,42.63226,-70.63246,33.361,True,True,True,True,True,True,True,True,True
74016128-8e49-5386-86f1-1fd37165b35f,The Exorcist,boulder,V4+,United States > Massachusetts > North Shore > Lynn Woods > Greater Lynn Woods Area,Greater Lynn Woods Area,42.49123,-70.99199,1,e7017a06-ff0b-508f-987b-1cc5b949432e,The Exorcist,United States > Massachusetts > North Shore > Cape Ann > Dyke's Pond (Gloucester),Dyke's Pond (Gloucester),42.61503,-70.72428,25.891,True,True,True,True,True,True,True,True,True
74e4b5d7-be22-5a47-b136-ab3774d1a768,Rain Delay,sport,5.10d,United States > Utah > Wasatch Range > Southern Wasatch > Hobble Creek Canyon,Hobble Creek Canyon,40.1716,-111.471,2,1d58ce63-6c38-5069-b80b-eedfb6593595,Rain Delay,United States > Utah > Wasatch Range > Southern Wasatch > Mary Ellen's Gulch,Mary Ellen's Gulch,40.53072,-111.61742,41.816,True,True,True,True,True,True,True,True,True
754bbcf2-2209-5510-a77d-676a3712b798,Blockbuster,sport,5.12a,"United States > Virginia > Southwest Virginia (Appalachia) > Breaks Interstate Park > Pavilion, The","Pavilion, The",37.28999,-82.31077,1,8c46ad7b-3657-5c80-8cf7-3c5435b86594,BlockBuster,United States > Virginia > Southwest Virginia (Appalachia) > Guest River Gorge > (2) Mile Two,(2) Mile Two,36.89936,-82.4181,44.467,True,True,True,True,True,True,True,True,True
75693d88-777f-5bc9-a0ed-3a0f27415c52,Wood Booger,boulder,V1-2,United States > Virginia > Southwest Virginia (Appalachia) > Cascades Bouldering > Pyramid Area,Pyramid Area,37.35505,-80.59643,1,fd79f937-c9ae-58ac-aa2d-d872617a88d8,Wood Booger,United States > Virginia > Southwest Virginia (Appalachia) > High Knob Landform > HKL East,HKL East,36.90524,-82.63237,187.288,True,True,True,True,True,True,True,True,True
7588a25b-3244-5511-ae1f-f193e700006d,Slippery When Wet,sport,5.7,United States > Colorado > South Platte > Goose Creek/Molly Gulch Campground > Rainy Day Rock,Rainy Day Rock,39.18868,-105.33495,3,f364a987-069f-5103-99b1-eac8ddc1d235,Slippery When Wet,United States > Colorado > South Platte > Pine Area > Bucksnort Slab,Bucksnort Slab,39.42133,-105.31936,25.904,True,True,True,True,True,True,True,True,True
75d647f2-788c-5a19-9af3-7fed2dae9274,Strawberry Fields,sport,5.7,United States > Utah > Wasatch Range > Southern Wasatch > Santaquin Canyon,Santaquin Canyon,39.9046,-111.7325,1,1e3e1381-0293-5a78-b5e4-6af2fe3ce7c2,Strawberry Fields,United States > Utah > Wasatch Range > Southern Wasatch > American Fork Canyon,American Fork Canyon,40.44649,-111.68579,60.386,True,True,True,True,True,True,True,True,True
76c0db3f-2ffd-5f1f-9722-86cfecc164e3,Carpet Bagger,boulder,V4,United States > Massachusetts > North Shore > Lynn Woods > Greater Lynn Woods Area,Greater Lynn Woods Area,42.49123,-70.99199,1,254b921c-1b7a-5192-aa53-d7852cd42cb6,Carpet Bagger,United States > Massachusetts > North Shore > Cape Ann > Dyke's Pond (Gloucester),Dyke's Pond (Gloucester),42.60576,-70.73589,24.542,True,True,True,True,True,True,True,True,True
76c56838-237f-5474-aa0b-967cd7db1ce9,Purple Haze,trad,5.9,United States > California > Lake Tahoe > I-80 Corridor > Indian Springs,Indian Springs,39.32822,-120.56531,3,ec0b6f76-7746-57b0-91b5-beea338c0492,Purple Haze,United States > California > Lake Tahoe > Highway 50 Corridor > Lover's Leap,Lover's Leap,38.80006,-120.13522,69.483,True,True,True,True,True,True,True,True,True
77066386-5b6f-5b65-a8e2-aa2006208ce7,Last Call,trad,5.10d,United States > Utah > Wasatch Range > Central Wasatch > Big Cottonwood Canyon,Big Cottonwood Canyon,40.6193,-111.789,1,cc161913-1086-5be0-ac4d-367f0e417ddf,Last Call,United States > Utah > Wasatch Range > Southern Wasatch > Rock Canyon,Rock Canyon,40.2656,-111.6217,41.8,True,True,True,True,True,True,True,True,True
78dffdd3-f090-59f5-a2bc-90f1474bee2b,Roofer,sport,5.12a,United States > Utah > Wasatch Range > Southern Wasatch > Rock Canyon,Rock Canyon,40.2665,-111.624,1,3d5d10b6-20ed-5e4f-923b-8aa514b65510,Roofer,United States > Utah > Wasatch Range > Central Wasatch > Big Cottonwood Canyon,Big Cottonwood Canyon,40.62412,-111.76591,41.539,True,True,True,True,True,True,True,True,True
7af190e5-5340-588a-8fcc-3950d0ec1a49,On the Spectrum,boulder,V4-,United States > Massachusetts > North Shore > Lynn Woods > Greater Lynn Woods Area,Greater Lynn Woods Area,42.49727,-70.97562,1,29578b1a-06b2-56a7-a09e-38f0772c98ac,On the Spectrum,United States > Massachusetts > North Shore > Cape Ann > Dyke's Pond (Gloucester),Dyke's Pond (Gloucester),42.60769,-70.72435,23.966,True,True,True,True,True,True,True,True,True
7bd484d3-b758-5458-8372-7d3002139160,.The Vanishing,boulder,V6,United States > Virginia > Southwest Virginia (Appalachia) > High Knob Landform > HKL West,HKL West,36.91842,-82.64318,1,6b421774-48e6-5fae-bed0-2ae23e5bc181,The Vanishing,United States > Virginia > Southwest Virginia (Appalachia) > Guest River Gorge > (4) Mile Four,(4) Mile Four,36.89934,-82.41897,20.047,True,True,True,True,True,True,True,True,True
7bf523c3-b763-560c-a65d-cf565f9a5f1c,Crossroads,trad,5.10d,United States > California > Western Sierra > Squarenail > Main Wall Right,Main Wall Right,37.03685,-119.40718,3,bbca0dba-c489-5c46-858b-31dc1f3eef91,Crossroads,United States > California > Western Sierra > Fresno Dome (Wamello) Area > Fresno Dome,Fresno Dome,37.45412,-119.53783,47.818,True,True,True,True,True,True,True,True,True
7d715d1c-6389-5e73-a6c1-8ad649171156,Pushing the Envelope,boulder,V6,United States > Massachusetts > North Shore > Cape Ann > Dyke's Pond (Gloucester),Dyke's Pond (Gloucester),42.6135,-70.7202,1,bc5b703b-b271-5167-980c-8facf0f603da,Pushing the Envelope,United States > Massachusetts > North Shore > Lynn Woods > Greater Lynn Woods Area,Greater Lynn Woods Area,42.50229,-70.97717,24.411,True,True,True,True,True,True,True,True,True
7e0a9f62-eb37-5fac-a328-480bf67f9882,Unfinished Business,boulder,V4-,United States > Massachusetts > North Shore > Cape Ann > Dogtown,Dogtown,42.63093,-70.66928,1,58e40973-6af4-5f7c-9703-6c87f32c2143,Unfinished Business,United States > Massachusetts > North Shore > Lynn Woods > Greater Lynn Woods Area,Greater Lynn Woods Area,42.49727,-70.97562,29.16,True,True,True,True,True,True,True,True,True
7ec00ee0-d7c6-5c65-aaea-34ef5769e18d,Praying Mantis,boulder,V4+,United States > Massachusetts > North Shore > Lynn Woods > Greater Lynn Woods Area,Greater Lynn Woods Area,42.49123,-70.99199,1,194bf0b1-2156-5bf0-ac98-d76779662b88,Praying Mantis,United States > Massachusetts > North Shore > Cape Ann > Dogtown,Dogtown,42.64599,-70.67525,31.128,True,True,True,True,True,True,True,True,True
7ed9b47d-e430-56a1-906c-8b7ae649e2ce,Twin Cracks,trad,5.8,United States > Arizona > Central Arizona > **Prescott Area > Sullivan's Canyon,Sullivan's Canyon,34.86409,-112.45941,2,aa61e1f4-2620-565c-8b56-ca2f80896b17,Twin Cracks,United States > Arizona > Central Arizona > **Prescott Area > Granite Mountain,Granite Mountain,34.62908,-112.56665,27.908,True,True,True,True,True,True,True,True,True
7f13ff23-968c-57f4-bd72-9839513dbc93,Ballot Box,boulder,V5,United States > Massachusetts > North Shore > Cape Ann > Dyke's Pond (Gloucester),Dyke's Pond (Gloucester),42.6135,-70.7202,1,6ceff6bd-f0a4-5ab6-9e3b-0b541de59cd3,Ballot Box,United States > Massachusetts > North Shore > Lynn Woods > Greater Lynn Woods Area,Greater Lynn Woods Area,42.50229,-70.97717,24.411,True,True,True,True,True,True,True,True,True
7f5423dd-daf2-5666-bb42-5c6a5fd651a0,Apollo 13,boulder,V4,United States > Colorado > Fort Collins > Poudre Canyon > West of Rustic,West of Rustic,40.64662,-105.85065,1,f4210401-536c-5574-a898-d14d393147ae,Apollo 13,"United States > Colorado > Fort Collins > Poudre Canyon > Narrows, The","Narrows, The",40.6737,-105.41628,36.763,True,True,True,True,True,True,True,True,True
81abd2c3-ea46-5867-8199-15df4f9a1109,Firestorm,sport,5.10a,United States > Utah > Southwest Utah > Saint George > Crawdad Canyon / Veyo,Crawdad Canyon / Veyo,37.3352,-113.6875,1,01404569-4687-5703-8645-7db5e2d05729,Firestorm,United States > Utah > Southwest Utah > Saint George > Utah Hills,Utah Hills,37.07353,-113.81905,31.342,True,True,True,True,True,True,True,True,True
820a22f2-b424-59ae-ba4c-2bd7817db6f8,Hard Times,sport,5.11c,"United States > Arizona > Central Arizona > Homestead, The > North Buttress",North Buttress,33.17361,-110.77796,2,9f6e776c-ca7a-5436-80a7-99f866aa64a9,Hard Times,United States > Arizona > Central Arizona > **Phoenix Areas > Camelback Mountain,Camelback Mountain,33.5192,-111.9694,117.151,True,True,True,True,True,True,True,True,True
826858d7-1631-58c1-a967-66e5703acf9b,Gemini,sport,5.11c,United States > Utah > Wasatch Range > Southern Wasatch > American Fork Canyon,American Fork Canyon,40.4469,-111.6881,1,b8745557-e9df-5d95-90aa-7d66d749e4dc,Gemini,United States > Utah > Wasatch Range > Southern Wasatch > Rock Canyon,Rock Canyon,40.26569,-111.61284,21.135,True,True,True,True,True,True,True,True,True
828b2a31-903b-5c60-be8f-b0754191bdec,Lichen or Not,trad,5.11c,United States > New York > Adirondacks > I: Old Forge Region > Eagle Falls,Eagle Falls,43.9051,-75.1959,1,92c03498-71a8-58f5-ab0e-256f9af690d2,Lichen or Not,United States > New York > Adirondacks > I: Old Forge Region > Bald Mountain,Bald Mountain,43.73542,-74.91857,29.173,True,True,True,True,True,True,True,True,True
82d1e9ab-3bfb-52b6-b757-704bdff5d14d,El Regalo,sport,5.8,United States > Arkansas > North-Central Arkansas > Horseshoe Canyon Ranch > East Side,East Side,36.00644,-93.28695,1,fdea2c55-311f-5b79-a378-07219ff85a90,El Regalo,United States > Arkansas > North-Central Arkansas > Richland Creek Area > Stack Rock,Stack Rock,35.8829,-92.9113,36.5,True,True,True,True,True,True,True,True,True
8440d1eb-ecca-52f1-961d-ceef6cb8bda3,Pinch Me,boulder,V1,United States > Utah > Wasatch Range > Northern Wasatch > Cache Valley,Cache Valley,41.7727,-111.74754,2,fd57b9cf-f252-5525-8f60-05bb2f2cd414,Pinch Me,United States > Utah > Wasatch Range > Central Wasatch > Little Cottonwood Canyon,Little Cottonwood Canyon,40.5744,-111.6893,133.334,True,True,True,True,True,True,True,True,True
84a8cd58-4db3-5a03-9d3d-f01cdac31d00,Mothman,boulder,V3-4,United States > Virginia > Southwest Virginia (Appalachia) > Grayson Highlands State Park > Haw Orchard,Haw Orchard,36.6185,-81.48122,1,9e5068ee-327a-5690-af72-dd2c7a7772e9,Moth Man,United States > Virginia > Southwest Virginia (Appalachia) > Guest River Gorge > (6) Jaybird Gorge,(6) Jaybird Gorge,36.89937,-82.41866,89.16,True,True,True,True,True,True,True,True,True
84db2f6c-38d9-5ac8-ae5b-e10978e1d1d0,Red Oak,boulder,V0,United States > Virginia > Southwest Virginia (Appalachia) > Atkins Bouldering > Drop Area (Horseshoe Area),Drop Area (Horseshoe Area),36.911,-81.45,1,a69ad906-f010-57e6-beff-bb57b5264cff,Red Oak,United States > Virginia > Southwest Virginia (Appalachia) > Grayson Highlands State Park > Listening Rock Trail,Listening Rock Trail,36.6122,-81.4912,33.427,True,True,True,True,True,True,True,True,True
8667ba1d-2174-5555-b410-e3a3702568bc,Memory Foam,boulder,V6,United States > Massachusetts > North Shore > Cape Ann > Dogtown,Dogtown,42.63095,-70.66814,1,3a92aeed-6204-5282-a621-b43e001d56c4,Memory Foam,United States > Massachusetts > North Shore > Lynn Woods > Greater Lynn Woods Area,Greater Lynn Woods Area,42.48483,-70.99199,31.106,True,True,True,True,True,True,True,True,True
8754bf95-76ac-5882-ae3d-b9c87e3407b1,Rawhide,trad,5.11,United States > Utah > Southeast Utah > Potash Road > Long Canyon,Long Canyon,38.54492,-109.69654,2,278f1c33-ce34-56a4-b884-98b4217a0d6b,Rawhide,United States > Utah > Southeast Utah > Indian Creek > Reservoir Wall,Reservoir Wall,38.08285,-109.56278,52.688,True,True,True,True,True,True,True,True,True
875b3d23-4985-5166-94a4-1e48743a0a93,The Labyrinth,trad,5.7,United States > California > Joshua Tree National Park > Lost Horse Area > Atlantis Area,Atlantis Area,34.01886,-116.18016,1,5a11e67d-26b3-510a-bba7-96ffb0c35fe1,The Labyrinth,United States > California > Los Angeles Basin > Angeles National Forest > Williamson Rock,Williamson Rock,34.36262,-117.87819,160.787,True,True,True,True,True,True,True,True,True
88179243-a9fc-5480-90eb-51395a42e8a7,Jagged Edge,trad,5.5,United States > Utah > Wasatch Range > Northern Wasatch > Ogden,Ogden,41.28876,-111.9531,1,45f88354-3266-5040-9a76-94887cd62bed,Jagged Edge,United States > Utah > Wasatch Range > Central Wasatch > Big Cottonwood Canyon,Big Cottonwood Canyon,40.6247,-111.7528,75.732,True,True,True,True,True,True,True,True,True
8a6169fe-11d3-5f1b-abdd-3ff8ea2fe843,Spooky,trad,5.8,"United States > California > Western Sierra > Needles / Kern River, The > Lower Kern River Canyon",Lower Kern River Canyon,35.45777,-118.77962,1,23063870-202c-5b43-9f91-79e0bfe9af75,Spooky,"United States > California > Western Sierra > Needles / Kern River, The > Needles, The","Needles, The",36.10825,-118.48129,77.174,True,True,True,True,True,True,True,True,True
8b0907cb-2c63-5760-ba72-28eb6e6e166d,Rabbit Hole,boulder,V0,United States > Montana > Southwest Region > Madison River Area > Neat Rock Area,Neat Rock Area,45.633,-111.54454,1,c1168181-7cd6-5682-9a76-1669f93a8fcf,Rabbit Hole,United States > Montana > Southwest Region > Paradise Valley > Yankee Jim,Yankee Jim,45.16952,-110.86985,73.693,True,True,True,True,True,True,True,True,True
8c46ad7b-3657-5c80-8cf7-3c5435b86594,BlockBuster,sport,5.7,United States > Virginia > Southwest Virginia (Appalachia) > Guest River Gorge > (2) Mile Two,(2) Mile Two,36.89936,-82.4181,1,754bbcf2-2209-5510-a77d-676a3712b798,Blockbuster,"United States > Virginia > Southwest Virginia (Appalachia) > Breaks Interstate Park > Pavilion, The","Pavilion, The",37.28999,-82.31077,44.467,True,True,True,True,True,True,True,True,True
8cc2d8fc-b60a-5abc-8190-9bfd14b489a8,Sugar High,boulder,V7-8,United States > Virginia > Southwest Virginia (Appalachia) > High Knob Landform > HKL West,HKL West,36.91728,-82.64664,1,c43769e5-59c1-5b85-bc0f-a8eec7d9feef,Sugar High,United States > Virginia > Southwest Virginia (Appalachia) > Grayson Highlands State Park > Contact Station Area,Contact Station Area,36.61245,-81.48092,109.231,True,True,True,True,True,True,True,True,True
8d2e45de-9c2e-5cea-9eee-6f8e9f357b1a,Dirty Bird,sport,5.12b,United States > Montana > Southwest Region > Gallatin Canyon > Stormcastle,Stormcastle,45.4611,-111.2445,1,21fef817-2bed-5c10-864c-85c8a8e030c6,Dirty Bird,United States > Montana > Southwest Region > Big Belt Mountains > Avalanche Gulch,Avalanche Gulch,46.63356,-111.56334,132.673,True,True,True,True,True,True,True,True,True
8dd7174a-f398-5186-89f6-cbbfb05a85f4,Stage Fright,boulder,V5,United States > Massachusetts > North Shore > Cape Ann > Cavalry Boulder Field aka Gymnasium aka Playground,Cavalry Boulder Field aka Gymnasium aka Playground,42.6344,-70.67065,2,b0d18aa9-255b-56d9-b0ca-3c53786ea163,Stage Fright,United States > Massachusetts > North Shore > Lynn Woods > Mt. Spickett/Goliath Rock Area,Mt. Spickett/Goliath Rock Area,42.49637,-70.98151,29.727,True,True,True,True,True,True,True,True,True
8e9b228d-eff5-5ce5-b66a-3d6102aa68be,Spiral Staircase,trad,5.11c,United States > Arizona > Central Arizona > **Prescott Area > Thumb Butte,Thumb Butte,34.5456,-112.4691,1,41699422-7561-5f3f-99d6-1cba7a2ed34d,Spiral Staircase,United States > Arizona > Central Arizona > **Phoenix Areas > Pinnacle Peak,Pinnacle Peak,33.72624,-111.86334,106.813,True,True,True,True,True,True,True,True,True
8ea0d6a5-5411-5dd7-8437-4259bda45af6,Reach Around,sport,5.12b,United States > Utah > Wasatch Range > Southern Wasatch > Sunset Cliffs,Sunset Cliffs,40.1803,-111.5929,3,c5551e9b-401f-59e5-8b15-8d9603130b0a,Reach Around,United States > Utah > Central Utah > Joe's Valley > Right Fork,Right Fork,39.30349,-111.18319,103.599,True,True,True,True,True,True,True,True,True
8f349df8-bcaa-5753-b16b-1bf110e64b1e,Top Gun,sport,5.10a,United States > Montana > Northwest Region > Point of Rocks > Stillwater Canyon / Mt. Marston Rd.,Stillwater Canyon / Mt. Marston Rd.,48.67043,-114.75629,2,c9c33c51-6818-519d-b8c1-9c73fa51b068,Top Gun,United States > Montana > Northwest Region > Blackleaf Canyon > Main Wall - West End,Main Wall - West End,48.00753,-112.71375,167.998,True,True,True,True,True,True,True,True,True
8fe24804-e8c5-5352-b221-19c7b1f6bc8c,Tsunami,sport,5.11b,United States > Montana > Southwest Region > Bear Canyon > Upper Bear Canyon,Upper Bear Canyon,45.59913,-110.90875,2,45c58abf-8991-520f-a495-fb103a22c674,Tsunami,United States > Montana > Southwest Region > Paradise Valley > Allenspur,Allenspur,45.59543,-110.55829,27.27,True,True,True,True,True,True,True,True,True
9018235f-206e-5bd6-81e4-b88f7419982c,The Bottom Line,boulder,V4+,United States > Massachusetts > North Shore > Lynn Woods > Dungeon Rock Area,Dungeon Rock Area,42.48318,-70.98486,1,9afa64ff-6d74-551e-a2c8-7a1a30c87c50,The Bottom Line,United States > Massachusetts > North Shore > Cape Ann > Tompson St. Reservation,Tompson St. Reservation,42.62508,-70.7245,26.529,True,True,True,True,True,True,True,True,True
902be36c-e3c1-5e87-a2f8-ca6313a2a04e,The Slaughterhouse,trad,5.12,United States > Utah > Southeast Utah > Kane Springs Canyon > Trough Springs Wall,Trough Springs Wall,38.43379,-109.56916,1,4b687e58-c6ae-56c1-a6b7-c6a435de2f7f,The Slaughter House,United States > Utah > Southeast Utah > Indian Creek > Tenderloins Wall,Tenderloins Wall,38.1357,-109.5812,33.163,True,True,True,True,True,True,True,True,True
9038c836-5b86-5d3e-8c62-004f6fa04b38,Deadly Force,boulder,V4-,United States > Massachusetts > North Shore > Cape Ann > Agassiz Rock Reservation,Agassiz Rock Reservation,42.55555,-70.70181,1,df2992f2-0bd4-5891-bf96-abea998bca1e,Deadly Force,United States > Massachusetts > North Shore > Lynn Woods > Greater Lynn Woods Area,Greater Lynn Woods Area,42.50997,-71.02564,27.014,True,True,True,True,True,True,True,True,True
90b7ed73-eafd-547e-b334-19aa319c8665,Root Canal,boulder,V3,United States > Connecticut > CT Bouldering > Mianus Park > Tooth Boulder,Tooth Boulder,41.09724,-73.59073,1,6ffe5a27-7ada-57d5-b6ab-80c69807d0d9,Root Canal,United States > Connecticut > CT Bouldering > Hurd Park > Molar Rock,Molar Rock,41.50836,-72.54211,98.805,True,True,True,True,True,True,True,True,True
91cbe6e9-0ecd-53f6-9b41-6591d88650f0,Unemployment Line,sport,5.11a,United States > Utah > Wasatch Range > Central Wasatch > Big Cottonwood Canyon,Big Cottonwood Canyon,40.62108,-111.74946,4,01923148-d7b3-5415-aa37-b7f8e0690a5c,Unemployment Line,"United States > Utah > Wasatch Range > Southern Wasatch > Hinterlands, The","Hinterlands, The",40.27488,-111.62795,39.845,True,True,True,True,True,True,True,True,True
927597b7-b981-5030-bbda-9ddcc6e09e82,Bullseye,boulder,V2,United States > Massachusetts > North Shore > Lynn Woods > Greater Lynn Woods Area,Greater Lynn Woods Area,42.52338,-71.01122,1,3dc01b24-842e-5dfd-968d-936b02f3dcc2,Bull's Eye,United States > Massachusetts > North Shore > Cape Ann > Tompson St. Reservation,Tompson St. Reservation,42.6253,-70.7102,27.129,True,True,True,True,True,True,True,True,True
92c03498-71a8-58f5-ab0e-256f9af690d2,Lichen or Not,trad,5.5,United States > New York > Adirondacks > I: Old Forge Region > Bald Mountain,Bald Mountain,43.73542,-74.91857,1,828b2a31-903b-5c60-be8f-b0754191bdec,Lichen or Not,United States > New York > Adirondacks > I: Old Forge Region > Eagle Falls,Eagle Falls,43.9051,-75.1959,29.173,True,True,True,True,True,True,True,True,True
9360374c-7680-5c05-aaf5-f9bd3ea2a39c,The Overlook,trad,5.11+,United States > Utah > Southeast Utah > Indian Creek > Reservoir Wall,Reservoir Wall,38.08285,-109.56278,1,58a044eb-658c-5818-b8bc-7f680760a95d,The Overlook,United States > Utah > Southeast Utah > Moab Rim Area > Hidden Valley,Hidden Valley,38.53223,-109.52521,50.076,True,True,True,True,True,True,True,True,True
951a56c8-fb50-56e1-a6e2-9074b9de69b4,Diamond Cutter,boulder,V7,United States > Massachusetts > North Shore > Lynn Woods > Greater Lynn Woods Area,Greater Lynn Woods Area,42.50997,-71.02564,1,ecba21f2-52e2-553e-8f8a-32e37ffd560c,Diamond Cutter,United States > Massachusetts > North Shore > Cape Ann > Cavalry Boulder Field aka Gymnasium aka Playground,Cavalry Boulder Field aka Gymnasium aka Playground,42.6435,-70.6403,34.871,True,True,True,True,True,True,True,True,True
95a01f3d-f6ef-5833-a34e-616189afcfa4,Dragonfly,trad,5.9,United States > California > Lake Tahoe > I-80 Corridor > Donner Summit,Donner Summit,39.32665,-120.31623,4,e4d554b2-05b3-5608-a6be-7554a4a4a2a6,Dragon Fly,United States > California > Lake Tahoe > West Shore > Eagle Creek Canyon,Eagle Creek Canyon,38.94417,-120.13159,45.414,True,True,True,True,True,True,True,True,True
95b57899-368b-5910-9fbd-b118165d244b,Red Dawn,boulder,V3,United States > New York > Adirondacks > K: Northern Region > Mckenzie Pond Boulders,Mckenzie Pond Boulders,44.30837,-74.09682,1,b7469a1e-60d8-5cc2-93c3-87d5b083f20d,Red Dawn,United States > New York > Adirondacks > G: Indian Lake Region > Crane Mountain,Crane Mountain,43.5378,-73.9677,86.305,True,True,True,True,True,True,True,True,True
95dce717-5d34-5f7c-88b8-fe7b7d86b5ac,Walk on Water,sport,5.11a,United States > Nevada > Southern Nevada > Mount Charleston > Kyle Canyon,Kyle Canyon,36.25541,-115.64905,1,06c7b0ed-762d-5312-8e61-28cf6373136b,Walk on water,United States > Nevada > Southern Nevada > Mormon Mountains > Campsite Canyon,Campsite Canyon,36.9095,-114.29276,141.262,True,True,True,True,True,True,True,True,True
9644f3c5-7879-5d17-b665-d5ebf832565d,Impact,boulder,V3,United States > Virginia > Southwest Virginia (Appalachia) > Guest River Gorge > (6) Jaybird Gorge,(6) Jaybird Gorge,36.89942,-82.41864,1,30d5cf3f-5cc0-5da9-a32f-c1ef4a7f082e,Impact,United States > Virginia > Southwest Virginia (Appalachia) > Grayson Highlands State Park > ~M.R.N.R.A.,~M.R.N.R.A.,36.62156,-81.51111,86.548,True,True,True,True,True,True,True,True,True
9767194a-25a0-5cba-adcb-e27f1e7be8ad,Tunnel Vision,boulder,V0-,United States > Arizona > Central Arizona > Nothing > Pull Out Area,Pull Out Area,34.48094,-113.3343,2,c42fb33c-d5ea-57f9-b66e-557a808c3bc0,Tunnel Vision,United States > Arizona > Northern Arizona > Oak Creek Canyon > Fire Wall,Fire Wall,34.87258,-111.7531,151.005,True,True,True,True,True,True,True,True,True
982e22c3-684f-5681-a220-670c224cbf63,Scarab,boulder,V2+,United States > Pennsylvania > South Central PA > Gifford Pinchot State Park > Old Toboggan Boulders,Old Toboggan Boulders,40.06777,-76.88894,1,aac16893-3794-5edc-b363-4013527a22e2,Scarab,"United States > Pennsylvania > South Central PA > Devils Den, Gettysburg > Plum Run",Plum Run,39.7909,-77.2425,43.089,True,True,True,True,True,True,True,True,True
9984fd32-56a5-53d3-97db-0882d21e6925,Off the Grid,boulder,V2+,United States > Massachusetts > North Shore > Lynn Woods > Greater Lynn Woods Area,Greater Lynn Woods Area,42.49727,-70.97562,1,6eb9363d-e442-57af-8bb7-65a7a8533091,Off the Grid,United States > Massachusetts > North Shore > Cape Ann > Dyke's Pond (Gloucester),Dyke's Pond (Gloucester),42.6129,-70.72168,24.453,True,True,True,True,True,True,True,True,True
99d071ae-86ff-5691-b728-ccd83de1df05,Scaredy Cat,trad,5.11b,United States > New York > Adirondacks > G: Indian Lake Region > Crane Mountain,Crane Mountain,43.5431,-73.95414,1,6d55fa0c-f951-5b1e-805c-603b9ab0a9b3,Scaredy Cat,United States > New York > Adirondacks > J: Cranberry Lake > Cat Mountain,Cat Mountain,44.0992,-74.8663,95.806,True,True,True,True,True,True,True,True,True
9afa64ff-6d74-551e-a2c8-7a1a30c87c50,The Bottom Line,boulder,V6,United States > Massachusetts > North Shore > Cape Ann > Tompson St. Reservation,Tompson St. Reservation,42.62508,-70.7245,1,9018235f-206e-5bd6-81e4-b88f7419982c,The Bottom Line,United States > Massachusetts > North Shore > Lynn Woods > Dungeon Rock Area,Dungeon Rock Area,42.48318,-70.98486,26.529,True,True,True,True,True,True,True,True,True
9d391a70-7a62-5546-8cef-67666b209e6b,Grape Nuts,trad,5.9,United States > California > Sierra Eastside > Eastern Hills > Sagehen Summit Area,Sagehen Summit Area,37.9092,-118.81529,2,fb388d91-40c8-508b-8958-91967dbea4f4,Grape Nuts,United States > California > Yosemite National Park > Yosemite Valley > Lower Merced River Canyon,Lower Merced River Canyon,37.71922,-119.68182,78.996,True,True,True,True,True,True,True,True,True
9e5068ee-327a-5690-af72-dd2c7a7772e9,Moth Man,boulder,V3-4,United States > Virginia > Southwest Virginia (Appalachia) > Guest River Gorge > (6) Jaybird Gorge,(6) Jaybird Gorge,36.89937,-82.41866,1,84a8cd58-4db3-5a03-9d3d-f01cdac31d00,Mothman,United States > Virginia > Southwest Virginia (Appalachia) > Grayson Highlands State Park > Haw Orchard,Haw Orchard,36.6185,-81.48122,89.16,True,True,True,True,True,True,True,True,True
9e626c7a-9fcc-556e-a318-01cca852016e,Smoke Stack,boulder,V1-2,"United States > Virginia > Southwest Virginia (Appalachia) > McAfee's Knob > Belly Boulder Area, The","Belly Boulder Area, The",37.3925,-80.03994,1,a4510157-a2ba-5a48-be7e-1216b2aeaee1,Smoke Stack,United States > Virginia > Southwest Virginia (Appalachia) > Guest River Gorge > (6) Jaybird Gorge,(6) Jaybird Gorge,36.89955,-82.41887,217.854,True,True,True,True,True,True,True,True,True
9f6e776c-ca7a-5436-80a7-99f866aa64a9,Hard Times,sport,5.7,United States > Arizona > Central Arizona > **Phoenix Areas > Camelback Mountain,Camelback Mountain,33.5192,-111.9694,2,820a22f2-b424-59ae-ba4c-2bd7817db6f8,Hard Times,"United States > Arizona > Central Arizona > Homestead, The > North Buttress",North Buttress,33.17361,-110.77796,117.151,True,True,True,True,True,True,True,True,True
9feee644-2291-5c76-9a37-9997dae9171d,Streaker,sport,5.11c,United States > Washington > Northwest Region > Bellingham and Mt Baker Hwy > Baker Crags,Baker Crags,48.90627,-121.82772,1,d90102eb-6bc0-5ad5-9fc5-7d56f75e013d,Streaker,"United States > Washington > Northwest Region > San Juan, Fidalgo & Whidbey Islands > Mount Erie",Mount Erie,48.45527,-122.63232,77.487,True,True,True,True,True,True,True,True,True
a0361776-e517-5bdb-b0c7-58df464c9ec4,Easy Rider,sport,5.11a/b,United States > California > San Diego County > South San Diego County > Eagle Peak,Eagle Peak,32.98227,-116.70788,3,3e596497-cded-5495-bc62-98755e936385,Easy Rider,United States > California > San Diego County > South San Diego County > Mission Gorge,Mission Gorge,32.8242,-117.051,36.538,True,True,True,True,True,True,True,True,True
a0a8e195-db28-5e8e-b440-6c4c4781ab4d,Slab Happy,sport,5.8,United States > Colorado > South Platte > Devil's Head > Devil's Gate Sector,Devil's Gate Sector,39.25648,-105.09617,9,43c47245-d4a8-531d-8675-02297da634b2,Slab Happy,United States > Colorado > Denver Metropolitan Area Bouldering and Buildering > Denver South > Castlewood Canyon SP,Castlewood Canyon SP,39.33805,-104.74854,31.259,True,True,True,True,True,True,True,True,True
a12e67bf-0c19-58d9-8d5d-0f85daf3557a,Three Amigos,sport,5.12-,United States > California > Sierra Eastside > Bishop Area > Pine Creek Canyon,Pine Creek Canyon,37.3836,-118.67689,1,c7885b23-74be-5b2e-aab7-1df38c729c48,Three Amigos,United States > California > Sierra Eastside > Lee Vining Canyon / Tioga Road > Transpire Wall,Transpire Wall,37.94996,-119.21116,78.597,True,True,True,True,True,True,True,True,True
a1c74a3b-276b-5397-803f-ef0d074a3a4a,Dark Matter,trad,5.9+,United States > Colorado > South Platte > Staunton State Park > Staunton Rocks,Staunton Rocks,39.51539,-105.39388,3,31e81bef-479d-59eb-afce-5ea3550e79fa,Dark Matter,"United States > Colorado > South Platte > Devil's Head > Watchtower, The","Watchtower, The",39.2712,-105.12093,35.881,True,True,True,True,True,True,True,True,True
a1faa57f-e92b-5bf0-9ddd-d6938587a849,Bottom Feeder,boulder,V0,United States > Virginia > Southwest Virginia (Appalachia) > Grayson Highlands State Park > Boneyard Area,Boneyard Area,36.61272,-81.49442,2,0a0ab0bb-375c-57c5-a35e-40d71c391856,Bottom Feeder,United States > Virginia > Southwest Virginia (Appalachia) > Atkins Bouldering > Roadside Boulders,Roadside Boulders,36.911,-81.45,33.402,True,True,True,True,True,True,True,True,True
a2b4144c-681a-5169-8052-40e6a772341a,Animal Crackers,boulder,V4+,United States > Massachusetts > North Shore > Cape Ann > Ravenswood Park,Ravenswood Park,42.60391,-70.69988,1,3b78ce66-f505-540a-9759-44947b9c5ba8,Animal Crackers,United States > Massachusetts > North Shore > Lynn Woods > Overlook Area,Overlook Area,42.48518,-70.98891,27.11,True,True,True,True,True,True,True,True,True
a4510157-a2ba-5a48-be7e-1216b2aeaee1,Smoke Stack,boulder,V3,United States > Virginia > Southwest Virginia (Appalachia) > Guest River Gorge > (6) Jaybird Gorge,(6) Jaybird Gorge,36.89955,-82.41887,1,9e626c7a-9fcc-556e-a318-01cca852016e,Smoke Stack,"United States > Virginia > Southwest Virginia (Appalachia) > McAfee's Knob > Belly Boulder Area, The","Belly Boulder Area, The",37.3925,-80.03994,217.854,True,True,True,True,True,True,True,True,True
a4f58d02-020a-5760-9baf-719ab58273f0,Chimney Sweep,trad,5.10a,United States > Arizona > Central Arizona > **Prescott Area > Sullivan's Canyon,Sullivan's Canyon,34.86312,-112.44732,2,e558be2b-b1e4-56ff-9f07-2623565f192f,Chimney Sweep,United States > Arizona > Central Arizona > **Phoenix Areas > South Mountain,South Mountain,33.35601,-112.01209,172.306,True,True,True,True,True,True,True,True,True
a4fd1640-cc66-58c1-88dd-fbec7e37a112,Afterthought Arete,boulder,V0,United States > Virginia > Southwest Virginia (Appalachia) > High Knob Landform > HKL West,HKL West,36.78702,-82.78808,1,21b2fef8-aa5e-540f-8264-d60c55dbdca2,Afterthought Arete,United States > Virginia > Southwest Virginia (Appalachia) > Guest River Gorge > (6) Jaybird Gorge,(6) Jaybird Gorge,36.90948,-82.45516,32.603,True,True,True,True,True,True,True,True,True
a554956a-7542-5223-92da-e1b38f8575ee,Beginners Lead,trad,5.6,United States > Montana > Southwest Region > Hyalite Canyon > Practice Rock,Practice Rock,45.55519,-111.06181,1,a92b761e-442a-5f88-985b-93e4fc2f0b3c,Beginner's Lead,United States > Montana > Southwest Region > Spire Rock > Queen (Southeast Corner),Queen (Southeast Corner),45.95244,-112.28956,104.997,True,True,True,True,True,True,True,True,True
a6334ce0-38d8-5cb2-9ed6-a82651a1ad4a,Flash Flood,boulder,V6+,United States > Massachusetts > North Shore > Cape Ann > Dogtown,Dogtown,42.63095,-70.66814,1,f78e935f-aed1-5393-98f0-620f4ccb79e9,Flash Flood,United States > Massachusetts > North Shore > Lynn Woods > Greater Lynn Woods Area,Greater Lynn Woods Area,42.50111,-71.00195,30.916,True,True,True,True,True,True,True,True,True
a66fdeae-ddc5-560d-857d-421bf30b60bc,The Razor,boulder,V8,United States > Massachusetts > North Shore > Cape Ann > Dyke's Pond (Gloucester),Dyke's Pond (Gloucester),42.61289,-70.72173,1,0edabf39-f7b1-56c3-86f2-30211862b517,The Razor,United States > Massachusetts > North Shore > Lynn Woods > Parking Lot/Fenway Area,Parking Lot/Fenway Area,42.49311,-70.97774,24.842,True,True,True,True,True,True,True,True,True
a68ee889-049a-5b19-94db-12953ac19aca,Tan Panel,sport,5.11c,United States > Colorado > Fort Collins > Poudre Canyon > Poudre Practice Rock,Poudre Practice Rock,40.69255,-105.26148,1,2e4fe9b0-8e3e-5b6a-92a6-e8e14b8f16b1,Tan Panel,United States > Colorado > Fort Collins > Poudre Canyon > West of Rustic,West of Rustic,40.71647,-105.73035,39.613,True,True,True,True,True,True,True,True,True
a69ad906-f010-57e6-beff-bb57b5264cff,Red Oak,boulder,V6,United States > Virginia > Southwest Virginia (Appalachia) > Grayson Highlands State Park > Listening Rock Trail,Listening Rock Trail,36.6122,-81.4912,1,84db2f6c-38d9-5ac8-ae5b-e10978e1d1d0,Red Oak,United States > Virginia > Southwest Virginia (Appalachia) > Atkins Bouldering > Drop Area (Horseshoe Area),Drop Area (Horseshoe Area),36.911,-81.45,33.427,True,True,True,True,True,True,True,True,True
a74a2f49-638c-51f7-a9e9-f1c4ab8b7810,Descent,boulder,V-easy,United States > California > Sierra Eastside > Bishop Area > Druid Stones,Druid Stones,37.3072,-118.43735,1,67406f85-845c-558d-8d4c-463fb684094e,Descent,United States > California > Sierra Eastside > Mammoth Lakes Area > Sherwin Plateau,Sherwin Plateau,37.56532,-118.62613,33.19,True,True,True,True,True,True,True,True,True
a85b308e-2af1-5789-96e7-77664a00e52d,Lumber Jack,boulder,V3-4,"United States > Idaho > East Idaho > Teton Dam (Lower Teton River Canyon) > Quarry, The","Quarry, The",43.9064,-111.5408,1,e4a20e37-7459-5821-bc6d-fcf6ce565044,Lumberjack,United States > Idaho > East Idaho > Massacre Rocks > Tree Boulder,Tree Boulder,42.67742,-113.01255,181.277,True,True,True,True,True,True,True,True,True
a8661d1a-a976-5702-9c67-153bf155f85b,Wake-up Call,boulder,V4,United States > Massachusetts > North Shore > Cape Ann > Redrocks and Vicinity,Redrocks and Vicinity,42.6188,-70.6668,2,e3ac29d1-241a-59fc-8bd9-6d6f14ab385d,Wake Up Call,United States > Massachusetts > North Shore > Lynn Woods > Greater Lynn Woods Area,Greater Lynn Woods Area,42.49727,-70.97562,28.678,True,True,True,True,True,True,True,True,True
a92b761e-442a-5f88-985b-93e4fc2f0b3c,Beginner's Lead,trad,5.7,United States > Montana > Southwest Region > Spire Rock > Queen (Southeast Corner),Queen (Southeast Corner),45.95244,-112.28956,1,a554956a-7542-5223-92da-e1b38f8575ee,Beginners Lead,United States > Montana > Southwest Region > Hyalite Canyon > Practice Rock,Practice Rock,45.55519,-111.06181,104.997,True,True,True,True,True,True,True,True,True
a9639c95-c373-5492-9086-a5197822c3d7,Out House,boulder,V2,United States > Virginia > Southwest Virginia (Appalachia) > Guest River Gorge > (6) Jaybird Gorge,(6) Jaybird Gorge,36.90949,-82.45516,1,0fc024e8-f4e1-58f4-8966-20e66717dc1e,Out House,United States > Virginia > Southwest Virginia (Appalachia) > Bluefield Boulders > Lower Boulders (Stone Building),Lower Boulders (Stone Building),36.65847,-81.53778,86.334,True,True,True,True,True,True,True,True,True
a9fbff57-f5e6-51dd-8c26-f556c691fe7c,Avian Flew,trad,5.10-,United States > Arizona > Central Arizona > Queen Creek Canyon > Lower Devil's Canyon,Lower Devil's Canyon,33.27066,-111.04595,1,ebf5ab91-ec5a-59b2-9a68-241adb09a8d5,Avian Flew,United States > Arizona > Central Arizona > Isolation Canyon > Main Wall - South,Main Wall - South,34.36127,-111.45026,126.892,True,True,True,True,True,True,True,True,True
aa45b759-787a-5868-bd28-aa0212b40ad7,Badlands,sport,5.12a,United States > Utah > Wasatch Range > Central Wasatch > Little Cottonwood Canyon,Little Cottonwood Canyon,40.5741,-111.7543,1,39e1a93c-bf16-5880-bc34-c279e94912ea,Badlands,United States > Utah > Wasatch Range > Northern Wasatch > Ogden,Ogden,41.2217,-111.9236,73.402,True,True,True,True,True,True,True,True,True
aa5425a0-5d11-59ce-ab43-6179e138a037,Maverick,trad,5.10,United States > Utah > Southeast Utah > Indian Creek > Pistol Whipped,Pistol Whipped,38.00828,-109.58715,1,5a93c0d1-9cf4-562f-95a8-8ca79bab3d2c,Maverick,"United States > Utah > Southeast Utah > Onion Creek > Hindu, The","Hindu, The",38.70514,-109.31518,81.035,True,True,True,True,True,True,True,True,True
aac16893-3794-5edc-b363-4013527a22e2,Scarab,boulder,V4,"United States > Pennsylvania > South Central PA > Devils Den, Gettysburg > Plum Run",Plum Run,39.7909,-77.2425,1,982e22c3-684f-5681-a220-670c224cbf63,Scarab,United States > Pennsylvania > South Central PA > Gifford Pinchot State Park > Old Toboggan Boulders,Old Toboggan Boulders,40.06777,-76.88894,43.089,True,True,True,True,True,True,True,True,True
ab2dd16b-6218-50c3-8876-bee6b4bced76,Tree Hug,boulder,V6,United States > Virginia > Southwest Virginia (Appalachia) > Bluefield Boulders > Main Boulder Area,Main Boulder Area,36.65847,-81.53778,1,1ca981f2-b492-54e2-9810-4be4d4ea5954,Tree Hug,United States > Virginia > Southwest Virginia (Appalachia) > High Knob Landform > HKL West,HKL West,36.91727,-82.64656,102.846,True,True,True,True,True,True,True,True,True
ab3cdd0a-2424-542c-987c-35bb34aa40ab,Infra-Red,sport,5.9,United States > California > Lake Tahoe > Truckee River Canyon > Big Chief,Big Chief,39.24013,-120.19339,1,ceb32d0d-4e4b-5521-8404-8fd17385ea7c,Infrared,United States > California > Lake Tahoe > Highway 50 Corridor > Wrights Lake,Wrights Lake,38.86322,-120.2187,41.967,True,True,True,True,True,True,True,True,True
ab448754-9f15-5532-83f9-bd9abba33e59,The Shining,boulder,V0,United States > Virginia > Southwest Virginia (Appalachia) > Grayson Highlands State Park > Picnic Area,Picnic Area,36.6122,-81.4912,1,6b1ff29f-9765-56e5-9f4e-303eebba664c,*The Shining,United States > Virginia > Southwest Virginia (Appalachia) > Guest River Gorge > (6) Jaybird Gorge,(6) Jaybird Gorge,36.89937,-82.4186,88.576,True,True,True,True,True,True,True,True,True
ab564497-7ba1-5227-916a-60319e254552,Blade Runner,trad,5.11-,"United States > Arizona > Northern Arizona > Oak Creek Canyon > Waterfall, The","Waterfall, The",34.9318,-111.73386,3,b6eb1411-c4b1-59aa-91e3-14da2478d505,Bladerunner,United States > Arizona > Northern Arizona > Sycamore Canyon > Paradise Forks,Paradise Forks,35.1381,-112.0282,35.276,True,True,True,True,True,True,True,True,True
abdfc63c-f60a-46b8-bd94-73d0c443fbe1,Chickadee,sport,5.9,Canada > Ontario > Ontario North Bouldering and Rock > Sudbury Area > Timberwolf,Timberwolf,46.54456,-80.93863,1,17dbf112-1215-4972-ae4e-c260cac2fe0e,Chickadee,Canada > Ontario > Ontario North Bouldering and Rock > Thunder Bay Region Rock > Claghorn,Claghorn,48.90842,-88.55875,627.276,True,True,True,True,True,True,True,True,True
abfb2692-bd92-5dcd-86bc-2d76f137a791,Person of Interest,boulder,V4-,United States > Massachusetts > North Shore > Cape Ann > Tompson St. Reservation,Tompson St. Reservation,42.62508,-70.7245,1,3a66eb35-0b55-5542-885d-5f6945b2f524,Person of Interest,United States > Massachusetts > North Shore > Lynn Woods > Greater Lynn Woods Area,Greater Lynn Woods Area,42.49123,-70.99199,26.486,True,True,True,True,True,True,True,True,True
ac40962e-630e-5ec7-a557-a4cbbba0c6b6,Sisyphus,sport,5.11a,United States > Washington > Okanogan > Burge North - Hidden Canyon (Tonasket) > Hidden Slot,Hidden Slot,48.79762,-119.24323,1,46305720-6c8e-54f6-a5db-44692f653870,Sisyphus,United States > Washington > Okanogan > Mazama > Goat Wall,Goat Wall,48.62285,-120.44865,90.555,True,True,True,True,True,True,True,True,True
ac95016e-d526-53d8-a08b-5681c1cdb76a,The Calling,boulder,V4-,United States > Massachusetts > North Shore > Cape Ann > Norton Memorial Forest,Norton Memorial Forest,42.63598,-70.62354,1,ae760bd5-3d73-567c-bb6a-f54c07e05e86,The Calling,United States > Massachusetts > North Shore > Lynn Woods > Nature Valley Area,Nature Valley Area,42.50664,-70.99272,33.478,True,True,True,True,True,True,True,True,True
aca27290-381b-5be3-9b9a-56b810c6cb82,Bears Ears,sport,5.9+,United States > Utah > Central Utah > Redmond Rocks > Toddler Wall,Toddler Wall,39.0126,-111.79253,1,e6a440c9-eb95-5c98-96b6-d6536b9cc7b8,Bears Ears,United States > Utah > Central Utah > Maple Canyon > Right Fork,Right Fork,39.5632,-111.6908,61.847,True,True,True,True,True,True,True,True,True
ad941963-cfbd-5964-a88d-87816461329b,Cyber Monday,boulder,V6-,United States > Massachusetts > North Shore > Lynn Woods > Greater Lynn Woods Area,Greater Lynn Woods Area,42.49727,-70.97562,1,ee4e3031-84b7-500e-847b-a27916315a36,Cyber Monday,United States > Massachusetts > North Shore > Cape Ann > Cavalry Boulder Field aka Gymnasium aka Playground,Cavalry Boulder Field aka Gymnasium aka Playground,42.6344,-70.67065,29.262,True,True,True,True,True,True,True,True,True
adde07f3-20a3-5f82-a7ac-992ac4e874f1,Inside Out,trad,5.8-,United States > California > Lake Tahoe > I-80 Corridor > Donner Summit,Donner Summit,39.3251,-120.31435,4,b6637008-c29c-5895-967b-8b729c7c34c0,Inside/Out,United States > California > Lake Tahoe > Carson Pass Highway (88) > Woodfords Canyon,Woodfords Canyon,38.76953,-119.85358,73.482,True,True,True,True,True,True,True,True,True
ae760bd5-3d73-567c-bb6a-f54c07e05e86,The Calling,boulder,V6,United States > Massachusetts > North Shore > Lynn Woods > Nature Valley Area,Nature Valley Area,42.50664,-70.99272,1,ac95016e-d526-53d8-a08b-5681c1cdb76a,The Calling,United States > Massachusetts > North Shore > Cape Ann > Norton Memorial Forest,Norton Memorial Forest,42.63598,-70.62354,33.478,True,True,True,True,True,True,True,True,True
ae7d52ea-f449-54f8-a521-9fd8923e7767,Arrowhead,boulder,V3-,United States > Connecticut > CT Bouldering > Firetown Road > House Side Boulders,House Side Boulders,41.93286,-72.84759,3,746b1817-aa3a-577f-8697-fec4c66ece47,Arrowhead,United States > Connecticut > Central Valley > Cathole Mountain > Main Walls,Main Walls,41.55964,-72.81109,41.61,True,True,True,True,True,True,True,True,True
aee7bb8f-0b05-5918-a971-4c0e28575a26,Goldfish,boulder,V4+,United States > Massachusetts > North Shore > Cape Ann > Dyke's Pond (Gloucester),Dyke's Pond (Gloucester),42.61011,-70.72699,1,e236f8a2-6543-508a-9285-fb79032b0273,Goldfish,United States > Massachusetts > North Shore > Lynn Woods > Mt. Spickett/Goliath Rock Area,Mt. Spickett/Goliath Rock Area,42.49649,-70.98155,24.38,True,True,True,True,True,True,True,True,True
b0d18aa9-255b-56d9-b0ca-3c53786ea163,Stage Fright,boulder,V2+,United States > Massachusetts > North Shore > Lynn Woods > Mt. Spickett/Goliath Rock Area,Mt. Spickett/Goliath Rock Area,42.49637,-70.98151,2,f86b6a2e-fa95-5ebf-8f30-ed26b3ba8071,Stage Fright,"United States > Massachusetts > Eastern, MA > Den Rock Park > Desperado",Desperado,42.67987,-71.13664,24.034,True,True,True,True,True,True,True,True,True
b1c72d45-6fda-53bf-b4ef-d282e4cdeede,Optical Illusion,trad,5.9+,United States > Colorado > South Platte > Pine Area > Etive Slabs,Etive Slabs,39.41587,-105.32132,1,373efd0c-39c9-5bda-b164-0ee0daff8a97,Optical Illusion,United States > Colorado > South Platte > West Creek > Thunder Ridge,Thunder Ridge,39.20094,-105.21983,25.444,True,True,True,True,True,True,True,True,True
b2f83f3a-9df0-5f66-b042-f81b6ad6f466,Kitten Mittens,boulder,V3,United States > Virginia > Southwest Virginia (Appalachia) > Grayson Highlands State Park > Listening Rock Trail,Listening Rock Trail,36.62279,-81.50167,1,361df0a7-705a-5b52-a4fb-5ef3fad1dc5f,Kitten Mittens,United States > Virginia > Southwest Virginia (Appalachia) > High Knob Landform > HKL West,HKL West,36.91842,-82.64315,106.854,True,True,True,True,True,True,True,True,True
b3303e5c-bab1-560a-b061-419e4658b090,Peephole,boulder,V5-,United States > Massachusetts > North Shore > Lynn Woods > Mt. Spickett/Goliath Rock Area,Mt. Spickett/Goliath Rock Area,42.49607,-70.98289,1,3b48dbe0-79c9-5885-965a-d15fe41a2dad,Peephole,United States > Massachusetts > North Shore > Cape Ann > Tompson St. Reservation,Tompson St. Reservation,42.62898,-70.71802,26.249,True,True,True,True,True,True,True,True,True
b410afb9-f624-55c8-afdc-fec8b82acc5d,High Voltage,trad,5.10a,United States > California > Lake Tahoe > I-80 Corridor > Donner Summit,Donner Summit,39.32958,-120.31503,3,9d4a199d-7e97-5094-b67e-84230c7d4638,High Voltage,United States > California > Lake Tahoe > I-80 Corridor > Bowman/Emeralds,Bowman/Emeralds,39.43583,-120.66258,32.122,True,True,True,True,True,True,True,True,True
b4b671d2-54a9-5e5d-9606-fa14a0945db0,Black Magic,boulder,V4-,United States > Massachusetts > North Shore > Cape Ann > Dogtown,Dogtown,42.64588,-70.64685,2,170342c3-8c49-5b7a-9cd3-7c99ed3aa443,Black Magic,United States > Massachusetts > North Shore > Lynn Woods > Bikini Bottom Area,Bikini Bottom Area,42.50423,-71.00926,33.596,True,True,True,True,True,True,True,True,True
b5413b6a-d606-4b06-8050-9641d3785db4,Menhir,trad,5.10,Canada > Quebec > Laurentides > Julien-Labedan > Right of pond,Right of pond,46.16929,-74.4275,1,64081fbf-8fff-45f3-9c9d-e9ffe4056a72,Menhir,Canada > Quebec > Laurentides > Val-David > Les Fesses,Les Fesses,46.02679,-74.18505,24.506,True,True,True,True,True,True,True,True,True
b611cd77-ff74-5ffe-b515-aee36b7a536c,Learner's Permit,sport,5.6,United States > Utah > Wasatch Range > Central Wasatch > Parley's Canyon,Parley's Canyon,40.71094,-111.78952,1,0f5a0db3-376c-5431-8f3f-67736e05dab8,Learners Permit,United States > Utah > Wasatch Range > Southern Wasatch > Rock Canyon,Rock Canyon,40.2665,-111.624,51.364,True,True,True,True,True,True,True,True,True
b61745bc-6c9a-597e-ae70-7bd67c5bf940,Justice for All,boulder,V5,United States > Virginia > Southwest Virginia (Appalachia) > Guest River Gorge > (2) Mile Two,(2) Mile Two,36.90032,-82.41947,1,224179a3-aebc-5632-adae-59c03ecfad65,Justice For All,United States > Virginia > Southwest Virginia (Appalachia) > Grayson Highlands State Park > Picnic Area,Picnic Area,36.62702,-81.47885,89.13,True,True,True,True,True,True,True,True,True
b61801a4-36d7-5d40-adef-c1d53b0eddcc,Barn Door,boulder,V2+,United States > Utah > Wasatch Range > Northern Wasatch > Cache Valley,Cache Valley,41.77146,-111.74425,2,ea111ae5-c463-5447-8bb5-63c31ad86ed1,Barn Door,United States > Utah > Wasatch Range > Central Wasatch > Little Cottonwood Canyon,Little Cottonwood Canyon,40.57209,-111.75318,133.366,True,True,True,True,True,True,True,True,True
b659a804-7bc1-548f-9c6b-e784330bdbbc,Running on Empty,boulder,V1,United States > Massachusetts > North Shore > Lynn Woods > Greater Lynn Woods Area,Greater Lynn Woods Area,42.52971,-71.02839,2,a31e4e57-c4c5-5f69-b6de-6d956ffc5c4a,Running on Empty,United States > Massachusetts > North Shore > Cape Ann > Dogtown,Dogtown,42.63019,-70.65246,32.745,True,True,True,True,True,True,True,True,True
b6637008-c29c-5895-967b-8b729c7c34c0,Inside/Out,trad,5.9+,United States > California > Lake Tahoe > Carson Pass Highway (88) > Woodfords Canyon,Woodfords Canyon,38.76953,-119.85358,4,adde07f3-20a3-5f82-a7ac-992ac4e874f1,Inside Out,United States > California > Lake Tahoe > I-80 Corridor > Donner Summit,Donner Summit,39.3251,-120.31435,73.482,True,True,True,True,True,True,True,True,True
b69619e2-f5a8-5ca6-9ba2-7457bf7bb07c,Dream Team,boulder,V2,United States > Massachusetts > North Shore > Lynn Woods > Greater Lynn Woods Area,Greater Lynn Woods Area,42.50997,-71.02564,1,b82c93fc-5a6b-5fa1-8fa8-715cbb1430ac,Dream Team,United States > Massachusetts > North Shore > Cape Ann > Tompson St. Reservation,Tompson St. Reservation,42.62508,-70.7245,27.785,True,True,True,True,True,True,True,True,True
b6eb1411-c4b1-59aa-91e3-14da2478d505,Bladerunner,trad,5.11+,United States > Arizona > Northern Arizona > Sycamore Canyon > Paradise Forks,Paradise Forks,35.1381,-112.0282,3,ab564497-7ba1-5227-916a-60319e254552,Blade Runner,"United States > Arizona > Northern Arizona > Oak Creek Canyon > Waterfall, The","Waterfall, The",34.9318,-111.73386,35.276,True,True,True,True,True,True,True,True,True
b7469a1e-60d8-5cc2-93c3-87d5b083f20d,Red Dawn,boulder,V1,United States > New York > Adirondacks > G: Indian Lake Region > Crane Mountain,Crane Mountain,43.5378,-73.9677,1,95b57899-368b-5910-9fbd-b118165d244b,Red Dawn,United States > New York > Adirondacks > K: Northern Region > Mckenzie Pond Boulders,Mckenzie Pond Boulders,44.30837,-74.09682,86.305,True,True,True,True,True,True,True,True,True
b7a97d76-4cfa-5d69-a722-58562bf51a66,Micro Burst,sport,5.12a,"United States > Arizona > Central Arizona > Homestead, The > Tufa City",Tufa City,33.17567,-110.78048,1,5fddd03b-cdbf-5750-b6a4-cb8eea672a6b,Microburst,United States > Arizona > Central Arizona > Queen Creek Canyon > Old Tunnel Area,Old Tunnel Area,33.30342,-111.08201,31.435,True,True,True,True,True,True,True,True,True
b82c93fc-5a6b-5fa1-8fa8-715cbb1430ac,Dream Team,boulder,V2-,United States > Massachusetts > North Shore > Cape Ann > Tompson St. Reservation,Tompson St. Reservation,42.62508,-70.7245,1,b69619e2-f5a8-5ca6-9ba2-7457bf7bb07c,Dream Team,United States > Massachusetts > North Shore > Lynn Woods > Greater Lynn Woods Area,Greater Lynn Woods Area,42.50997,-71.02564,27.785,True,True,True,True,True,True,True,True,True
b8745557-e9df-5d95-90aa-7d66d749e4dc,Gemini,sport,5.8+,United States > Utah > Wasatch Range > Southern Wasatch > Rock Canyon,Rock Canyon,40.26569,-111.61284,1,826858d7-1631-58c1-a967-66e5703acf9b,Gemini,United States > Utah > Wasatch Range > Southern Wasatch > American Fork Canyon,American Fork Canyon,40.4469,-111.6881,21.135,True,True,True,True,True,True,True,True,True
b8ed48f9-264b-5572-94d6-f535525a9083,Sesame Street,sport,5.12a,United States > Utah > Wasatch Range > Northern Wasatch > Ogden,Ogden,41.2375,-111.91749,1,2d047aeb-31d3-5866-89ae-1f38b996b63a,Sesame Street,United States > Utah > Wasatch Range > Southern Wasatch > American Fork Canyon,American Fork Canyon,40.44647,-111.68747,90.062,True,True,True,True,True,True,True,True,True
b9454991-5c8f-5db9-870e-03c6d0f1a2d1,The Meat Cleaver,trad,5.8+,United States > Colorado > South Platte > Goose Creek/Molly Gulch Campground > Whiskey Rocks,Whiskey Rocks,39.2159,-105.33633,1,f7f335ee-2170-5266-8255-99a8ae164fe6,The Meat Cleaver,United States > Colorado > South Platte > Cathedral Spires Area > Sunshine Wall,Sunshine Wall,39.42096,-105.25683,23.805,True,True,True,True,True,True,True,True,True
b9913e2d-8636-560e-a7de-7bd1ef462cfd,Black Friday,boulder,V6-,United States > Massachusetts > North Shore > Lynn Woods > Greater Lynn Woods Area,Greater Lynn Woods Area,42.49727,-70.97562,1,46524853-1626-5039-a295-a41bd51d40c8,Black Friday,United States > Massachusetts > North Shore > Cape Ann > Cavalry Boulder Field aka Gymnasium aka Playground,Cavalry Boulder Field aka Gymnasium aka Playground,42.6344,-70.67065,29.262,True,True,True,True,True,True,True,True,True
ba2c9d37-f7ec-5b76-9c41-a00b9d6a7512,The Slash,trad,5.9,United States > California > Lake Tahoe > Highway 50 Corridor > Lover's Leap,Lover's Leap,38.7991,-120.1361,1,e2c03542-df7f-5fc5-afe2-fb3c5aba474c,The Slash,United States > California > Lake Tahoe > I-80 Corridor > Donner Summit,Donner Summit,39.32288,-120.31851,60.333,True,True,True,True,True,True,True,True,True
bbca0dba-c489-5c46-858b-31dc1f3eef91,Crossroads,trad,5.8,United States > California > Western Sierra > Fresno Dome (Wamello) Area > Fresno Dome,Fresno Dome,37.45412,-119.53783,3,7bf523c3-b763-560c-a65d-cf565f9a5f1c,Crossroads,United States > California > Western Sierra > Squarenail > Main Wall Right,Main Wall Right,37.03685,-119.40718,47.818,True,True,True,True,True,True,True,True,True
bc02ad18-0cc9-5534-90b4-4432334f51a0,Global Warming,trad,5.4,United States > California > Sierra Eastside > Mammoth Lakes Area > Warming Wall,Warming Wall,37.6478,-119.003,2,f42cb23e-02c4-5f3c-9b73-5b6654525fff,Global Warming,United States > California > Sierra Eastside > Bishop Area > Owens River Gorge,Owens River Gorge,37.50585,-118.56947,41.337,True,True,True,True,True,True,True,True,True
bc5b703b-b271-5167-980c-8facf0f603da,Pushing the Envelope,boulder,V6-,United States > Massachusetts > North Shore > Lynn Woods > Greater Lynn Woods Area,Greater Lynn Woods Area,42.50229,-70.97717,1,7d715d1c-6389-5e73-a6c1-8ad649171156,Pushing the Envelope,United States > Massachusetts > North Shore > Cape Ann > Dyke's Pond (Gloucester),Dyke's Pond (Gloucester),42.6135,-70.7202,24.411,True,True,True,True,True,True,True,True,True
bc631a33-daa5-515c-a77b-11a803de8f10,Edges to Ledges,boulder,V3,United States > Virginia > Southwest Virginia (Appalachia) > Grayson Highlands State Park > Haw Orchard,Haw Orchard,36.6235,-81.47622,1,60222f09-cd6f-5be6-a1cb-5f01cb0d9e08,Edges to Ledges,United States > Virginia > Southwest Virginia (Appalachia) > Harkening Hill > Stones,Stones,37.4548,-79.61891,188.993,True,True,True,True,True,True,True,True,True
bceb3799-1c74-584c-8a61-1c0a10ba56f1,Splitter,trad,5.10c,United States > California > Los Angeles Basin > Santa Monica Mountains > Pico Raquelita,Pico Raquelita,34.1195,-118.9383,2,e112a914-177a-5aae-b7ea-b0832d79a297,Splitter,United States > California > Los Angeles Basin > Santa Ana Mountains > Ortega Falls,Ortega Falls,33.62509,-117.42729,149.941,True,True,True,True,True,True,True,True,True
beca4e71-3bf5-591b-adf5-22ab85142574,After the Gold Rush,trad,5.11,United States > Arizona > Northern Arizona > Flagstaff Area > Upper Pumphouse Wash,Upper Pumphouse Wash,35.03512,-111.71591,1,de812ff7-9de4-5514-8918-d318aa24073f,After the Gold Rush,United States > Arizona > Northern Arizona > Sycamore Canyon > Paradise Forks,Paradise Forks,35.13747,-112.02579,30.406,True,True,True,True,True,True,True,True,True
bee66d10-3786-5662-bf53-037ace4bf61b,Patience,trad,5.12,United States > Utah > Southeast Utah > River Road > Beach View,Beach View,38.66153,-109.49555,1,1f950751-0dc4-55ac-9593-dba63ff2b8de,Patience,United States > Utah > Southeast Utah > Indian Creek > Public Service Wall,Public Service Wall,38.10607,-109.57106,62.114,True,True,True,True,True,True,True,True,True
c0073f67-732b-58dd-bc63-f47fc542b3ff,Smoking Gun,sport,5.10b,United States > California > San Bernardino Mountains > Big Bear Lake Area > Big Bear North,Big Bear North,34.3082,-116.8785,1,f31ee2ca-a946-5014-b43e-1cf7cfbe576c,Smoking Gun,United States > California > San Bernardino Mountains > Lake Arrowhead Area > Lake Arrowhead Pinnacles,Lake Arrowhead Pinnacles,34.30207,-117.21384,30.809,True,True,True,True,True,True,True,True,True
c1168181-7cd6-5682-9a76-1669f93a8fcf,Rabbit Hole,boulder,V11,United States > Montana > Southwest Region > Paradise Valley > Yankee Jim,Yankee Jim,45.16952,-110.86985,1,8b0907cb-2c63-5760-ba72-28eb6e6e166d,Rabbit Hole,United States > Montana > Southwest Region > Madison River Area > Neat Rock Area,Neat Rock Area,45.633,-111.54454,73.693,True,True,True,True,True,True,True,True,True
c25dc2c8-31d8-5fa4-b7c1-c3bace539ba9,Old School,sport,5.10+,United States > Arizona > Southern Arizona > Mount Lemmon (Santa Catalina Mountains) > Mount Lemmon (Catalina Highway),Mount Lemmon (Catalina Highway),32.37462,-110.70508,1,cc680b47-ab80-5807-95c3-03600ee2432f,Old School,United States > Arizona > Southern Arizona > Mount Lemmon (Santa Catalina Mountains) > Pusch Ridge,Pusch Ridge,32.37346,-110.94948,22.952,True,True,True,True,True,True,True,True,True
c2605d6d-ae6e-52c8-a4ed-d91285b83900,Truth Serum,boulder,V4+,United States > Massachusetts > North Shore > Lynn Woods > Greater Lynn Woods Area,Greater Lynn Woods Area,42.49968,-70.97631,3,fd844fb9-1a97-5c0a-b800-17e35fa72b53,Truth Serum,United States > Massachusetts > North Shore > Cape Ann > Agassiz Rock Reservation,Agassiz Rock Reservation,42.59625,-70.76143,20.619,True,True,True,True,True,True,True,True,True
c283f27a-57cc-5720-86fa-e1008fb22e2b,Filthy Sanchez,sport,5.11b,United States > Arkansas > North-Central Arkansas > Horseshoe Canyon Ranch > East Side,East Side,36.00394,-93.28377,1,d4cf90c1-7dc6-5881-ac7a-849254a1953b,Filthy Sanchez,United States > Arkansas > North-Central Arkansas > Cowell/Deer Area > Cowell,Cowell,35.87129,-93.13016,20.219,True,True,True,True,True,True,True,True,True
c3515ef4-43bb-582d-9b25-119ceaec7da6,Bear Necessities,trad,5.10-,United States > Arizona > Northern Arizona > Sedona Area > West Sedona,West Sedona,34.90508,-111.86974,1,fcf93b0c-af55-52a3-b576-8c21d11cab5e,Bear Necessities,United States > Arizona > Northern Arizona > Sycamore Canyon > Paradise Forks,Paradise Forks,35.1381,-112.0282,29.658,True,True,True,True,True,True,True,True,True
c3915736-64c9-5924-a233-e20c59648859,Starfish,boulder,V1,United States > Virginia > Southwest Virginia (Appalachia) > Guest River Gorge > (6) Jaybird Gorge,(6) Jaybird Gorge,36.90948,-82.45516,1,54119e8a-f6ed-5ddf-9143-a24b7824bd5f,Star Fish,United States > Virginia > Southwest Virginia (Appalachia) > Grayson Highlands State Park > Boneyard Area,Boneyard Area,36.61272,-81.49442,91.726,True,True,True,True,True,True,True,True,True
c43769e5-59c1-5b85-bc0f-a8eec7d9feef,Sugar High,boulder,V2-3,United States > Virginia > Southwest Virginia (Appalachia) > Grayson Highlands State Park > Contact Station Area,Contact Station Area,36.61245,-81.48092,1,8cc2d8fc-b60a-5abc-8190-9bfd14b489a8,Sugar High,United States > Virginia > Southwest Virginia (Appalachia) > High Knob Landform > HKL West,HKL West,36.91728,-82.64664,109.231,True,True,True,True,True,True,True,True,True
c45edd76-51ec-5b0a-b354-03f25ff9e6b5,Axis of Evil,sport,5.10c,United States > California > Los Angeles Basin > Santa Monica Mountains > Tick Rock,Tick Rock,34.06576,-118.55979,1,640350b2-f710-5e6c-ba4e-63f0945476a3,Axis of Evil,United States > California > Los Angeles Basin > Santa Monica Mountains > Echo Cliffs,Echo Cliffs,34.1116,-118.9264,34.143,True,True,True,True,True,True,True,True,True
c514e440-aa20-5233-b750-534890dc1b57,Pug Life,boulder,V4,United States > Virginia > Southwest Virginia (Appalachia) > Guest River Gorge > (2) Mile Two,(2) Mile Two,36.89539,-82.40406,1,47b2f47f-80bc-5239-9601-f14dd7630aaa,Pug Life,United States > Virginia > Southwest Virginia (Appalachia) > Mill Creek > Gully A,Gully A,37.31471,-80.79878,149.797,True,True,True,True,True,True,True,True,True
c61b6d09-8851-59fd-ad47-a91ac28fd251,Tombstone,boulder,V3-4,United States > Virginia > Southwest Virginia (Appalachia) > Guest River Gorge > (6) Jaybird Gorge,(6) Jaybird Gorge,36.89939,-82.41867,2,06a9755e-dbff-5a34-995d-22d182f16d6d,Tombstone,United States > Virginia > Southwest Virginia (Appalachia) > Grayson Highlands State Park > Picnic Area,Picnic Area,36.62785,-81.48208,88.726,True,True,True,True,True,True,True,True,True
c61e66bf-8b2b-57fa-ab44-699e1e9f2b60,Cat Walk,sport,5.8,United States > Arizona > Central Arizona > Queen Creek Canyon > Northern Devils Canyon,Northern Devils Canyon,33.341,-111.0399,1,30b0bc04-d1a1-5078-a83a-91b60a345c29,Catwalk,United States > Arizona > Central Arizona > **Prescott Area > Granite Dells,Granite Dells,34.59326,-112.40823,187.912,True,True,True,True,True,True,True,True,True
c67d8a98-51c7-5d5d-895f-458d960ec86f,Ride The Lightning,trad,5.11c,"United States > North Carolina > 1. Southern Mountains Region > Dark Side (Closed to climbing, included for historic reference), The > Desperado Wall",Desperado Wall,35.6037,-79.2773,2,ba3b6629-2f8d-53bf-8913-08b669553b19,Ride the Lightning,"United States > North Carolina > 2. Northern Mountains Region > Dump, The > Dump (Routes), The","Dump (Routes), The",36.0971,-81.7719,231.425,True,True,True,True,True,True,True,True,True
c7515b74-c705-55fa-86ec-38bb6407756a,Cyclone,boulder,V4-,United States > Massachusetts > North Shore > Cape Ann > Cavalry Boulder Field aka Gymnasium aka Playground,Cavalry Boulder Field aka Gymnasium aka Playground,42.6344,-70.67065,1,4c7c0564-16d9-5ffb-9fe5-6c08fff1cf41,Cyclone,United States > Massachusetts > North Shore > Lynn Woods > Greater Lynn Woods Area,Greater Lynn Woods Area,42.48029,-70.94099,27.999,True,True,True,True,True,True,True,True,True
c7885b23-74be-5b2e-aab7-1df38c729c48,Three Amigos,sport,5.10a,United States > California > Sierra Eastside > Lee Vining Canyon / Tioga Road > Transpire Wall,Transpire Wall,37.94996,-119.21116,1,a12e67bf-0c19-58d9-8d5d-0f85daf3557a,Three Amigos,United States > California > Sierra Eastside > Bishop Area > Pine Creek Canyon,Pine Creek Canyon,37.3836,-118.67689,78.597,True,True,True,True,True,True,True,True,True
c8d031f4-0709-5506-a531-da2831978ca9,Holy Moly,boulder,V2-3,United States > Virginia > Southwest Virginia (Appalachia) > Grayson Highlands State Park > Picnic Area,Picnic Area,36.6122,-81.4912,1,d337d29b-e04c-5d56-a544-23a079425cdd,Holy Moly,United States > Virginia > Southwest Virginia (Appalachia) > High Knob Landform > HKL East,HKL East,36.9097,-82.6302,106.721,True,True,True,True,True,True,True,True,True
c9d0d3e6-da41-50de-a459-06164d827dd1,FINGER FOOD,trad,5.9,United States > Utah > Southeast Utah > Potash Road > Culvert Canyon,Culvert Canyon,38.57974,-109.63418,1,f5a519fa-e06c-537a-b203-78783c814160,Finger Food,United States > Utah > Southeast Utah > Indian Creek > Reservoir Wall,Reservoir Wall,38.08285,-109.56278,55.602,True,True,True,True,True,True,True,True,True
ca681fcf-8436-5dbb-aae5-3e4cd300b695,Snake Bite,boulder,V3,United States > Arizona > Central Arizona > **Phoenix Areas > Beardsley Boulders Area,Beardsley Boulders Area,33.68199,-112.04256,1,e6667366-5ded-5a75-92ed-5aa2e09993cf,Snake Bite,United States > Arizona > Central Arizona > **Phoenix Areas > South Mountain,South Mountain,33.33638,-112.02474,38.466,True,True,True,True,True,True,True,True,True
cb151375-186a-5e6e-bdde-cba5978d6b58,Tying the Knot,trad,5.6,United States > Arkansas > North-Central Arkansas > Sam's Throne & Surroundings > Cave Creek,Cave Creek,35.84252,-93.05579,1,f3b97056-82fc-5c0d-b7fb-bbe8e076ed3c,Tying the Knot,United States > Arkansas > North-Central Arkansas > Horseshoe Canyon Ranch > West Side,West Side,36.0118,-93.2922,28.415,True,True,True,True,True,True,True,True,True
cb19896f-b16b-576e-b35a-be1d1de36a04,Black Magic,boulder,V7,United States > Virginia > Southwest Virginia (Appalachia) > High Knob Landform > HKL East,HKL East,36.91954,-82.62855,1,e2197802-1cef-5c5e-b8a9-6f98431b5ef3,Black Magic,United States > Virginia > Southwest Virginia (Appalachia) > Cascades Bouldering > Title Fight Area,Title Fight Area,37.35999,-80.58823,187.365,True,True,True,True,True,True,True,True,True
cba767c7-d6d7-5344-9167-57d909bba2b3,The Vice,boulder,V6+,United States > Massachusetts > North Shore > Lynn Woods > Weetamoo Area,Weetamoo Area,42.49728,-70.99708,1,260f412d-d8dc-5964-8541-28a682f87cb6,The Vice,United States > Massachusetts > North Shore > Cape Ann > Dogtown,Dogtown,42.63507,-70.6618,31.443,True,True,True,True,True,True,True,True,True
cc161913-1086-5be0-ac4d-367f0e417ddf,Last Call,trad,5.4,United States > Utah > Wasatch Range > Southern Wasatch > Rock Canyon,Rock Canyon,40.2656,-111.6217,1,77066386-5b6f-5b65-a8e2-aa2006208ce7,Last Call,United States > Utah > Wasatch Range > Central Wasatch > Big Cottonwood Canyon,Big Cottonwood Canyon,40.6193,-111.789,41.8,True,True,True,True,True,True,True,True,True
cc680b47-ab80-5807-95c3-03600ee2432f,Old School,sport,5.7,United States > Arizona > Southern Arizona > Mount Lemmon (Santa Catalina Mountains) > Pusch Ridge,Pusch Ridge,32.37346,-110.94948,1,c25dc2c8-31d8-5fa4-b7c1-c3bace539ba9,Old School,United States > Arizona > Southern Arizona > Mount Lemmon (Santa Catalina Mountains) > Mount Lemmon (Catalina Highway),Mount Lemmon (Catalina Highway),32.37462,-110.70508,22.952,True,True,True,True,True,True,True,True,True
cd227609-d058-502f-b503-7f0ea8f38d42,Cyclops,boulder,V5,United States > Arizona > Southern Arizona > Cochise Stronghold > East Stronghold,East Stronghold,31.94324,-109.96814,1,6d2506c7-84e3-5554-ac37-cb9e5e29d00d,Cyclops,United States > Arizona > Southern Arizona > Mount Lemmon (Santa Catalina Mountains) > Mount Lemmon (Catalina Highway),Mount Lemmon (Catalina Highway),32.33746,-110.69046,80.912,True,True,True,True,True,True,True,True,True
ce038c8a-4187-5485-8ac0-c7cbdc2fee1e,Blank Slate,boulder,V6-,United States > Massachusetts > North Shore > Lynn Woods > Mt. Spickett/Goliath Rock Area,Mt. Spickett/Goliath Rock Area,42.49746,-70.98013,1,e6776a93-8727-5ba7-84e3-a0e1ba9880e2,Blank Slate,United States > Massachusetts > North Shore > Cape Ann > Tompson St. Reservation,Tompson St. Reservation,42.62898,-70.71802,25.975,True,True,True,True,True,True,True,True,True
ceb32d0d-4e4b-5521-8404-8fd17385ea7c,Infrared,sport,5.12a,United States > California > Lake Tahoe > Highway 50 Corridor > Wrights Lake,Wrights Lake,38.86322,-120.2187,1,ab3cdd0a-2424-542c-987c-35bb34aa40ab,Infra-Red,United States > California > Lake Tahoe > Truckee River Canyon > Big Chief,Big Chief,39.24013,-120.19339,41.967,True,True,True,True,True,True,True,True,True
cfd348e0-0200-5116-aa1f-1433366c01f7,Cowpunks,sport,5.10+,"United States > Arizona > Southern Arizona > Biscuit, The > Cowpunks",Cowpunks,31.70829,-110.49471,1,5fc5ff23-49e0-5ca4-8a22-498bc8ea737b,Cowpunks,United States > Arizona > Southern Arizona > Mount Lemmon (Santa Catalina Mountains) > Mount Lemmon (Catalina Highway),Mount Lemmon (Catalina Highway),32.3751,-110.70681,76.794,True,True,True,True,True,True,True,True,True
d08da03b-49a1-5f8a-9b66-8c68eda184b1,Patience,boulder,V5,United States > Ohio > Southwest Ohio > Paint Creek State Park > Harmony Trail Area,Harmony Trail Area,39.24938,-83.3466,1,383c6ff6-22af-576f-81c2-b6e15c9f577e,Patience,United States > Ohio > Southwest Ohio > Great Seal State Park > Sand Hill,Sand Hill,39.38505,-82.92684,39.135,True,True,True,True,True,True,True,True,True
d10f2684-3e10-52d6-b73c-6dc6686c28d0,Slow Poke,sport,5.8,United States > Arizona > Central Arizona > Queen Creek Canyon > Lower Devil's Canyon,Lower Devil's Canyon,33.27178,-111.04223,2,38bf7d50-3ecf-59bb-bce2-be1f902a2f8e,Slow Poke,"United States > Arizona > Central Arizona > Homestead, The > Mouse Wall, The","Mouse Wall, The",33.17497,-110.7819,26.501,True,True,True,True,True,True,True,True,True
d116b06b-a6e2-5a70-82fa-89199376b7f2,Straight Talk,boulder,V3,United States > Massachusetts > North Shore > Lynn Woods > Stone Tower Area,Stone Tower Area,42.49104,-70.98726,2,65617927-c963-59a0-902c-08c38561155f,Straight Talk,United States > Massachusetts > North Shore > Cape Ann > Dogtown,Dogtown,42.64599,-70.67525,30.817,True,True,True,True,True,True,True,True,True
d15d9ec5-ce8b-5e5f-8ce9-6781b4ffab85,Pac-Man,boulder,V5,United States > Massachusetts > North Shore > Cape Ann > Dyke's Pond (Gloucester),Dyke's Pond (Gloucester),42.59742,-70.74926,1,04183e24-9971-5be1-85a5-371dbcb00d4a,Pacman,United States > Massachusetts > North Shore > Lynn Woods > Greater Lynn Woods Area,Greater Lynn Woods Area,42.52123,-71.0016,22.337,True,True,True,True,True,True,True,True,True
d231ecba-ac53-5cbc-86c6-681c4f0259fa,Orb Weaver,boulder,V5-6,United States > Virginia > Southwest Virginia (Appalachia) > Grayson Highlands State Park > Highlands,Highlands,36.61219,-81.4912,1,fbabdb48-c0aa-5892-9303-17767f72fc28,Orb Weaver,United States > Virginia > Southwest Virginia (Appalachia) > Harkening Hill > Stones,Stones,37.46555,-79.60949,192.085,True,True,True,True,True,True,True,True,True
d337d29b-e04c-5d56-a544-23a079425cdd,Holy Moly,boulder,V3,United States > Virginia > Southwest Virginia (Appalachia) > High Knob Landform > HKL East,HKL East,36.9097,-82.6302,1,c8d031f4-0709-5506-a531-da2831978ca9,Holy Moly,United States > Virginia > Southwest Virginia (Appalachia) > Grayson Highlands State Park > Picnic Area,Picnic Area,36.6122,-81.4912,106.721,True,True,True,True,True,True,True,True,True
d393c977-bb15-5162-ad12-6053c59ef130,Stones Throw,trad,5.12a,United States > California > Sierra Eastside > Lee Vining Canyon / Tioga Road > Tioga Cliff Area (aka Private Property),Tioga Cliff Area (aka Private Property),37.94451,-119.22671,1,e4fb5d08-9655-5e7f-b745-6f2cdb5b60e7,Stone's Throw,United States > California > Sierra Eastside > Bishop Area > Pine Creek Canyon,Pine Creek Canyon,37.38475,-118.67993,78.679,True,True,True,True,True,True,True,True,True
d454679e-2b34-5b5a-aef7-b04fb37ead35,As Seen On TV,boulder,V4,United States > Massachusetts > North Shore > Cape Ann > Dyke's Pond (Gloucester),Dyke's Pond (Gloucester),42.59953,-70.74694,1,de130856-ce71-5e6a-9d65-1cfa1bc07fe3,As Seen on TV,United States > Massachusetts > North Shore > Lynn Woods > Stone Tower Area,Stone Tower Area,42.49079,-70.98626,23.034,True,True,True,True,True,True,True,True,True
d4b7aeaa-cf11-5fa2-ba76-64382172ed47,Shotgun Wedding,trad,5.12+,United States > Utah > Southeast Utah > Indian Creek > Sabbatical Wall,Sabbatical Wall,38.02086,-109.58064,2,3f0fba73-6ec9-5a91-beab-44fda1a7da08,Shotgun Wedding,"United States > Utah > Southeast Utah > Little Valley > Bride, The","Bride, The",38.61827,-109.67517,66.939,True,True,True,True,True,True,True,True,True
d4cf90c1-7dc6-5881-ac7a-849254a1953b,Filthy Sanchez,sport,5.10c,United States > Arkansas > North-Central Arkansas > Cowell/Deer Area > Cowell,Cowell,35.87129,-93.13016,1,c283f27a-57cc-5720-86fa-e1008fb22e2b,Filthy Sanchez,United States > Arkansas > North-Central Arkansas > Horseshoe Canyon Ranch > East Side,East Side,36.00394,-93.28377,20.219,True,True,True,True,True,True,True,True,True
d590e239-cc94-5fa8-88da-bdec761547f4,Asylum,boulder,V6-,United States > Massachusetts > North Shore > Lynn Woods > Mt. Spickett/Goliath Rock Area,Mt. Spickett/Goliath Rock Area,42.48869,-70.98464,1,d85d56e8-9799-5c66-8f50-2a79c2b26716,Asylum,United States > Massachusetts > North Shore > Cape Ann > Cavalry Boulder Field aka Gymnasium aka Playground,Cavalry Boulder Field aka Gymnasium aka Playground,42.6344,-70.67065,30.394,True,True,True,True,True,True,True,True,True
d5caa926-1224-5650-a8c6-ace47f8a3339,Invictus,boulder,V4,United States > Virginia > Southwest Virginia (Appalachia) > High Knob Landform > HKL West,HKL West,36.85826,-82.90422,1,f648ba76-4859-53e8-a94a-bcc19d88502f,Invictus,"United States > Virginia > Southwest Virginia (Appalachia) > Devil's Marbleyard > Pit, The","Pit, The",37.58177,-79.47146,314.404,True,True,True,True,True,True,True,True,True
d732c19e-09e0-55f3-96ea-2f9333b26a54,Python,boulder,V2,United States > Massachusetts > North Shore > Lynn Woods > Greater Lynn Woods Area,Greater Lynn Woods Area,42.52252,-70.96418,2,f930cc1c-c2a0-5005-897b-48ae851797f8,Python,United States > Massachusetts > North Shore > Cape Ann > Tompson St. Reservation,Tompson St. Reservation,42.62508,-70.7245,22.699,True,True,True,True,True,True,True,True,True
d844e032-8709-5ed6-8fb7-3b1b652443d3,Rough Seas,boulder,V2+,United States > Massachusetts > North Shore > Lynn Woods > Greater Lynn Woods Area,Greater Lynn Woods Area,42.49727,-70.97562,1,119eec78-2c1e-5f24-aab2-97ee661df338,Rough Seas,United States > Massachusetts > North Shore > Cape Ann > Dogtown,Dogtown,42.63599,-70.68525,28.344,True,True,True,True,True,True,True,True,True
d85d56e8-9799-5c66-8f50-2a79c2b26716,Asylum,boulder,V4,United States > Massachusetts > North Shore > Cape Ann > Cavalry Boulder Field aka Gymnasium aka Playground,Cavalry Boulder Field aka Gymnasium aka Playground,42.6344,-70.67065,1,d590e239-cc94-5fa8-88da-bdec761547f4,Asylum,United States > Massachusetts > North Shore > Lynn Woods > Mt. Spickett/Goliath Rock Area,Mt. Spickett/Goliath Rock Area,42.48869,-70.98464,30.394,True,True,True,True,True,True,True,True,True
d90102eb-6bc0-5ad5-9fc5-7d56f75e013d,Streaker,sport,5.8,"United States > Washington > Northwest Region > San Juan, Fidalgo & Whidbey Islands > Mount Erie",Mount Erie,48.45527,-122.63232,1,9feee644-2291-5c76-9a37-9997dae9171d,Streaker,United States > Washington > Northwest Region > Bellingham and Mt Baker Hwy > Baker Crags,Baker Crags,48.90627,-121.82772,77.487,True,True,True,True,True,True,True,True,True
da148664-ac5d-5934-86e7-f3a16bc05944,Space Invaders,sport,5.10b,United States > California > Lake Tahoe > I-80 Corridor > Donner Summit,Donner Summit,39.32485,-120.31463,2,6ddc059e-42f9-5a9a-aefa-75b82e559f78,Space Invaders,"United States > California > Lake Tahoe > South Shore > Pie Shop, The","Pie Shop, The",38.8828,-120.01717,55.452,True,True,True,True,True,True,True,True,True
daccde60-0085-509a-92a3-ed4878ee4bcd,Octopussy,trad,5.12-,United States > Utah > Southeast Utah > Potash Road > Long Canyon,Long Canyon,38.54503,-109.65515,1,f9707658-29c8-550e-9625-d06c8f6f5dcf,Octopussy,United States > Utah > Southeast Utah > Indian Creek > Fringe Walls,Fringe Walls,38.0258,-109.54,58.604,True,True,True,True,True,True,True,True,True
db77df96-d391-551a-86f3-85a2ef6bdf7e,Underbelly,boulder,V2,United States > Arizona > Central Arizona > **Phoenix Areas > South Mountain,South Mountain,33.3522,-112.01981,1,c8cf4bfa-1768-507c-9b7a-e521791212bb,Underbelly,United States > Arizona > Northern Arizona > Sedona Area > West Sedona,West Sedona,34.88333,-111.81732,171.271,True,True,True,True,True,True,True,True,True
db9cd5ad-b0ad-5ecc-a18a-91e7cd08a0ac,Sloppy Seconds,trad,5.10a,United States > Arizona > Central Arizona > Queen Creek Canyon > Renaissance Tower,Renaissance Tower,33.30774,-111.07614,2,8cfebe6d-b0d5-5b99-b628-fb1228bf1950,Sloppy Seconds,United States > Arizona > Central Arizona > **Phoenix Areas > Beardsley Boulders Area,Beardsley Boulders Area,33.68234,-112.04284,98.846,True,True,True,True,True,True,True,True,True
dbcb056a-3f82-5345-bb4e-221c6b59651d,Code Red,boulder,V2,United States > Massachusetts > North Shore > Lynn Woods > Greater Lynn Woods Area,Greater Lynn Woods Area,42.49727,-70.97562,1,e059ca57-c660-5805-95c2-161e996dea6c,Code Red,United States > Massachusetts > North Shore > Cape Ann > Ravenswood Park,Ravenswood Park,42.60369,-70.69209,26.066,True,True,True,True,True,True,True,True,True
dbf66f77-541a-5d40-8289-2d4515a19f24,Journey,boulder,V2+,United States > Massachusetts > North Shore > Lynn Woods > Greater Lynn Woods Area,Greater Lynn Woods Area,42.49123,-70.99199,1,6b7a4fac-0c20-5f86-9ad8-5e78c45eef33,Journey,United States > Massachusetts > North Shore > Cape Ann > Tompson St. Reservation,Tompson St. Reservation,42.64082,-70.71555,28.093,True,True,True,True,True,True,True,True,True
dc9da606-1453-52e0-8cd2-9a785d2a00ca,End Run,sport,5.9,United States > Washington > Central-West Cascades & Seattle > North Bend & Vicinity > Exit 38,Exit 38,47.43252,-121.6242,1,282d7f4a-3ea8-5c5e-ae64-587121fa0398,End Run,United States > Washington > Central-West Cascades & Seattle > Skykomish Valley > Index,Index,47.82545,-121.55725,43.979,True,True,True,True,True,True,True,True,True
dd73f620-ce90-596a-a94f-1d28071bf001,Wild Thing,sport,5.13b/c,United States > Arizona > Southern Arizona > Mount Lemmon (Santa Catalina Mountains) > Mount Lemmon (Catalina Highway),Mount Lemmon (Catalina Highway),32.36712,-110.71485,1,67c85e18-980f-5bc7-ac87-a1815517bd53,Wild Thing,"United States > Arizona > Southern Arizona > Dry Canyon, The > 6 - Swallow Wall",6 - Swallow Wall,31.7862,-110.40666,70.822,True,True,True,True,True,True,True,True,True
de130856-ce71-5e6a-9d65-1cfa1bc07fe3,As Seen on TV,boulder,V0,United States > Massachusetts > North Shore > Lynn Woods > Stone Tower Area,Stone Tower Area,42.49079,-70.98626,1,d454679e-2b34-5b5a-aef7-b04fb37ead35,As Seen On TV,United States > Massachusetts > North Shore > Cape Ann > Dyke's Pond (Gloucester),Dyke's Pond (Gloucester),42.59953,-70.74694,23.034,True,True,True,True,True,True,True,True,True
de812ff7-9de4-5514-8918-d318aa24073f,After the Gold Rush,trad,5.10,United States > Arizona > Northern Arizona > Sycamore Canyon > Paradise Forks,Paradise Forks,35.13747,-112.02579,1,beca4e71-3bf5-591b-adf5-22ab85142574,After the Gold Rush,United States > Arizona > Northern Arizona > Flagstaff Area > Upper Pumphouse Wash,Upper Pumphouse Wash,35.03512,-111.71591,30.406,True,True,True,True,True,True,True,True,True
deb885a7-0f5f-5f7f-adf0-70d41f34106d,Matrix,sport,5.11a,United States > Oregon > Southwest Oregon > Terra Nova > (10) Log Wall,(10) Log Wall,42.75706,-122.90493,1,2767643b-45f4-59b8-918e-6e8c7d4c2336,Matrix,"United States > Oregon > Southwest Oregon > Callahans, The > Rodeo and Matrix formations",Rodeo and Matrix formations,43.22537,-123.55966,74.481,True,True,True,True,True,True,True,True,True
df2992f2-0bd4-5891-bf96-abea998bca1e,Deadly Force,boulder,V3,United States > Massachusetts > North Shore > Lynn Woods > Greater Lynn Woods Area,Greater Lynn Woods Area,42.50997,-71.02564,1,9038c836-5b86-5d3e-8c62-004f6fa04b38,Deadly Force,United States > Massachusetts > North Shore > Cape Ann > Agassiz Rock Reservation,Agassiz Rock Reservation,42.55555,-70.70181,27.014,True,True,True,True,True,True,True,True,True
e059ca57-c660-5805-95c2-161e996dea6c,Code Red,boulder,V6-,United States > Massachusetts > North Shore > Cape Ann > Ravenswood Park,Ravenswood Park,42.60369,-70.69209,1,dbcb056a-3f82-5345-bb4e-221c6b59651d,Code Red,United States > Massachusetts > North Shore > Lynn Woods > Greater Lynn Woods Area,Greater Lynn Woods Area,42.49727,-70.97562,26.066,True,True,True,True,True,True,True,True,True
e05dbdfa-4d9a-537d-8c29-718528308c22,Hung Jury,boulder,V4+,United States > Massachusetts > North Shore > Lynn Woods > Greater Lynn Woods Area,Greater Lynn Woods Area,42.49123,-70.99199,1,177b5589-9bfe-52f6-b7dd-71c4fa1eacf6,Hung Jury,United States > Massachusetts > North Shore > Cape Ann > Agassiz Rock Reservation,Agassiz Rock Reservation,42.59972,-70.76558,22.126,True,True,True,True,True,True,True,True,True
e112a914-177a-5aae-b7ea-b0832d79a297,Splitter,trad,5.10d,United States > California > Los Angeles Basin > Santa Ana Mountains > Ortega Falls,Ortega Falls,33.62509,-117.42729,2,bceb3799-1c74-584c-8a61-1c0a10ba56f1,Splitter,United States > California > Los Angeles Basin > Santa Monica Mountains > Pico Raquelita,Pico Raquelita,34.1195,-118.9383,149.941,True,True,True,True,True,True,True,True,True
e17ad53d-9baa-518d-833f-475dd3c5d9d3,Corona,sport,5.12c,United States > Utah > Wasatch Range > Northern Wasatch > Cache Valley,Cache Valley,41.79951,-111.63754,1,3fb4932a-637c-5e66-8435-bc3ca87e559c,Corona,United States > Utah > Wasatch Range > Southern Wasatch > American Fork Canyon,American Fork Canyon,40.4452,-111.6982,150.678,True,True,True,True,True,True,True,True,True
e2197802-1cef-5c5e-b8a9-6f98431b5ef3,Black Magic,boulder,V4,United States > Virginia > Southwest Virginia (Appalachia) > Cascades Bouldering > Title Fight Area,Title Fight Area,37.35999,-80.58823,1,cb19896f-b16b-576e-b35a-be1d1de36a04,Black Magic,United States > Virginia > Southwest Virginia (Appalachia) > High Knob Landform > HKL East,HKL East,36.91954,-82.62855,187.365,True,True,True,True,True,True,True,True,True
e236f8a2-6543-508a-9285-fb79032b0273,Goldfish,boulder,V2-,United States > Massachusetts > North Shore > Lynn Woods > Mt. Spickett/Goliath Rock Area,Mt. Spickett/Goliath Rock Area,42.49649,-70.98155,1,aee7bb8f-0b05-5918-a971-4c0e28575a26,Goldfish,United States > Massachusetts > North Shore > Cape Ann > Dyke's Pond (Gloucester),Dyke's Pond (Gloucester),42.61011,-70.72699,24.38,True,True,True,True,True,True,True,True,True
e25e77e2-c7ec-5da4-9e3e-01e7c0e3e179,Shady Character,sport,5.10d,"United States > Colorado > South Platte > Devil's Head > Arena, The","Arena, The",39.25709,-105.10258,4,71d3db5a-9ce4-5080-8b35-24e381a8217b,Shady Character,United States > Colorado > South Platte > Dog Rocks > Black Dog Rock,Black Dog Rock,39.08638,-105.405,32.248,True,True,True,True,True,True,True,True,True
e279e615-3849-5c70-9c23-820e01659075,Lightning Bolt,trad,5.10b,United States > California > Lake Tahoe > West Shore > Eagle Creek Canyon,Eagle Creek Canyon,38.9506,-120.1165,2,22968b57-c0bb-530b-905b-51b85805b0f7,Lightning Bolt,United States > California > Lake Tahoe > Carson Pass Highway (88) > Calaveras Domes,Calaveras Domes,38.48742,-120.22815,52.406,True,True,True,True,True,True,True,True,True
e2c03542-df7f-5fc5-afe2-fb3c5aba474c,The Slash,trad,5.8,United States > California > Lake Tahoe > I-80 Corridor > Donner Summit,Donner Summit,39.32288,-120.31851,1,ba2c9d37-f7ec-5b76-9c41-a00b9d6a7512,The Slash,United States > California > Lake Tahoe > Highway 50 Corridor > Lover's Leap,Lover's Leap,38.7991,-120.1361,60.333,True,True,True,True,True,True,True,True,True
e2ca3f47-56c3-57b2-98df-7bea35285ba3,End of the Line,sport,5.9,United States > Arizona > Southern Arizona > Mount Lemmon (Santa Catalina Mountains) > Mount Lemmon (Catalina Highway),Mount Lemmon (Catalina Highway),32.32168,-110.70324,1,4a3a67b2-c565-57ea-ac3e-e9e1c2c7c27d,End of the Line,United States > Arizona > Northern Arizona > Flagstaff Area > Upper Pumphouse Wash,Upper Pumphouse Wash,35.03442,-111.71469,315.823,True,True,True,True,True,True,True,True,True
e3148232-32a9-56c7-82d7-873c1fc6a047,Chemical Warfare,sport,5.11d,United States > California > High Desert > Barstow Area > New Jack City,New Jack City,34.66534,-116.987,3,44fa91ff-d510-5b65-b40a-a067477713f8,Chemical Warfare,United States > California > High Desert > Landers Area > Giant Rock,Giant Rock,34.33566,-116.39283,65.639,True,True,True,True,True,True,True,True,True
e39b8d89-a6d7-5311-b6b5-72839da7bc3e,Morada,sport,5.12a,"United States > Colorado > San Luis Valley > Promised Land, The > Main Wall",Main Wall,37.5738,-106.31775,1,453d00b2-241b-5d10-b7ee-5f19f2a9cc7b,Morada,United States > Colorado > San Luis Valley > Penitente Canyon > Penitente - Inner Canyon,Penitente - Inner Canyon,37.84519,-106.28863,30.286,True,True,True,True,True,True,True,True,True
e4095302-f247-5c61-bef1-bb071e0d5d1e,Lost and Found,trad,5.7,United States > Arizona > Central Arizona > **Phoenix Areas > McDowell Mountains,McDowell Mountains,33.68552,-111.81299,2,4343a1bc-67f9-54b8-ac4d-9c56572d07c3,Lost and Found,United States > Arizona > Central Arizona > **Phoenix Areas > Superstition Mountains,Superstition Mountains,33.44085,-111.46265,42.354,True,True,True,True,True,True,True,True,True
e4a20e37-7459-5821-bc6d-fcf6ce565044,Lumberjack,boulder,V1-,United States > Idaho > East Idaho > Massacre Rocks > Tree Boulder,Tree Boulder,42.67742,-113.01255,1,a85b308e-2af1-5789-96e7-77664a00e52d,Lumber Jack,"United States > Idaho > East Idaho > Teton Dam (Lower Teton River Canyon) > Quarry, The","Quarry, The",43.9064,-111.5408,181.277,True,True,True,True,True,True,True,True,True
e4d554b2-05b3-5608-a6be-7554a4a4a2a6,Dragon Fly,trad,5.10b,United States > California > Lake Tahoe > West Shore > Eagle Creek Canyon,Eagle Creek Canyon,38.94417,-120.13159,4,95a01f3d-f6ef-5833-a34e-616189afcfa4,Dragonfly,United States > California > Lake Tahoe > I-80 Corridor > Donner Summit,Donner Summit,39.32665,-120.31623,45.414,True,True,True,True,True,True,True,True,True
e4e96e87-886b-5c6b-b86c-43477deaf72f,Forged from Fire,boulder,V5,United States > Massachusetts > North Shore > Lynn Woods > Bikini Bottom Area,Bikini Bottom Area,42.50423,-71.00926,1,43f0cac4-598d-5999-93f5-e76d6fd484c9,Forged from Fire,United States > Massachusetts > North Shore > Cape Ann > Dogtown,Dogtown,42.63063,-70.65028,32.585,True,True,True,True,True,True,True,True,True
e4fb5d08-9655-5e7f-b745-6f2cdb5b60e7,Stone's Throw,trad,5.11d,United States > California > Sierra Eastside > Bishop Area > Pine Creek Canyon,Pine Creek Canyon,37.38475,-118.67993,1,d393c977-bb15-5162-ad12-6053c59ef130,Stones Throw,United States > California > Sierra Eastside > Lee Vining Canyon / Tioga Road > Tioga Cliff Area (aka Private Property),Tioga Cliff Area (aka Private Property),37.94451,-119.22671,78.679,True,True,True,True,True,True,True,True,True
e5b63696-db89-5b5f-91f6-171f0c7ef237,Walk the Plank,sport,5.10c,United States > California > Redwood Coast > Cold Springs > Split Rock,Split Rock,40.8347,-123.71783,5,3fe410c7-a84a-5918-850c-4edc1b022570,Walk The Plank,"United States > California > Redwood Coast > Promontory > Abyss Boulder, The","Abyss Boulder, The",41.6065,-124.1051,91.729,True,True,True,True,True,True,True,True,True
e5c12dd2-f168-5846-b7f7-91de108e0310,Endless Summer,boulder,V6-,United States > Massachusetts > North Shore > Cape Ann > Tompson St. Reservation,Tompson St. Reservation,42.62898,-70.71802,1,384227ec-facf-5681-88bd-f5b5d699f8bd,Endless Summer,United States > Massachusetts > North Shore > Lynn Woods > Stone Tower Area,Stone Tower Area,42.4871,-70.98254,26.801,True,True,True,True,True,True,True,True,True
e6667366-5ded-5a75-92ed-5aa2e09993cf,Snake Bite,boulder,V8,United States > Arizona > Central Arizona > **Phoenix Areas > South Mountain,South Mountain,33.33638,-112.02474,1,ca681fcf-8436-5dbb-aae5-3e4cd300b695,Snake Bite,United States > Arizona > Central Arizona > **Phoenix Areas > Beardsley Boulders Area,Beardsley Boulders Area,33.68199,-112.04256,38.466,True,True,True,True,True,True,True,True,True
e6776a93-8727-5ba7-84e3-a0e1ba9880e2,Blank Slate,boulder,V6,United States > Massachusetts > North Shore > Cape Ann > Tompson St. Reservation,Tompson St. Reservation,42.62898,-70.71802,1,ce038c8a-4187-5485-8ac0-c7cbdc2fee1e,Blank Slate,United States > Massachusetts > North Shore > Lynn Woods > Mt. Spickett/Goliath Rock Area,Mt. Spickett/Goliath Rock Area,42.49746,-70.98013,25.975,True,True,True,True,True,True,True,True,True
e6a440c9-eb95-5c98-96b6-d6536b9cc7b8,Bears Ears,sport,5.10d,United States > Utah > Central Utah > Maple Canyon > Right Fork,Right Fork,39.5632,-111.6908,1,aca27290-381b-5be3-9b9a-56b810c6cb82,Bears Ears,United States > Utah > Central Utah > Redmond Rocks > Toddler Wall,Toddler Wall,39.0126,-111.79253,61.847,True,True,True,True,True,True,True,True,True
e6b5466b-15c3-5d01-9bca-925ffaceb3de,Resurrection,sport,5.11c/d,United States > California > Lake Tahoe > Carson Pass Highway (88) > Calaveras Domes,Calaveras Domes,38.48669,-120.22452,6,d5015f86-66db-5c29-b3a8-477ec78c15cf,Resurrection,United States > California > Yosemite National Park > Hetch Hetchy > Hetch Hetchy Dome,Hetch Hetchy Dome,37.96477,-119.75489,71.07,True,True,True,True,True,True,True,True,True
e7017a06-ff0b-508f-987b-1cc5b949432e,The Exorcist,boulder,V4-,United States > Massachusetts > North Shore > Cape Ann > Dyke's Pond (Gloucester),Dyke's Pond (Gloucester),42.61503,-70.72428,1,74016128-8e49-5386-86f1-1fd37165b35f,The Exorcist,United States > Massachusetts > North Shore > Lynn Woods > Greater Lynn Woods Area,Greater Lynn Woods Area,42.49123,-70.99199,25.891,True,True,True,True,True,True,True,True,True
e79bb0ee-7708-57a8-b4c8-dc9c3e15b3ce,Surefire,sport,5.12a,United States > Colorado > South Platte > Devil's Head > Radio Head,Radio Head,39.26976,-105.11789,1,015a9926-1aa3-576a-9ef6-5e9aaace1e35,Surefire,United States > Colorado > South Platte > Elevenmile Canyon > Spray Wall,Spray Wall,38.93993,-105.40626,44.319,True,True,True,True,True,True,True,True,True
e7f2ff77-88bf-5f09-a551-94b70c9ea4e6,High Voltage,trad,5.12d,United States > California > Lake Tahoe > Carson Pass Highway (88) > Woodfords Canyon,Woodfords Canyon,38.7622,-119.86184,3,b410afb9-f624-55c8-afdc-fec8b82acc5d,High Voltage,United States > California > Lake Tahoe > I-80 Corridor > Donner Summit,Donner Summit,39.32958,-120.31503,74.243,True,True,True,True,True,True,True,True,True
e8b86b09-b43d-5b52-9009-fb85927a13b5,Resurrection,sport,5.11c,United States > California > Lake Tahoe > I-80 Corridor > Bowman/Emeralds,Bowman/Emeralds,39.32993,-120.64268,6,e6b5466b-15c3-5d01-9bca-925ffaceb3de,Resurrection,United States > California > Lake Tahoe > Carson Pass Highway (88) > Calaveras Domes,Calaveras Domes,38.48669,-120.22452,100.502,True,True,True,True,True,True,True,True,True
e8d09080-0aee-5e9f-a152-2d15a0de71f0,Strange Brew,trad,5.8,"United States > California > Western Sierra > Needles / Kern River, The > Needles, The","Needles, The",36.10938,-118.48453,2,a5e96f80-9948-5d63-803b-002fa1e02b98,Strange Brew,United States > California > Sierra Eastside > Mammoth Lakes Area > Rock Creek,Rock Creek,37.49933,-118.71912,155.96,True,True,True,True,True,True,True,True,True
ea111ae5-c463-5447-8bb5-63c31ad86ed1,Barn Door,boulder,V2,United States > Utah > Wasatch Range > Central Wasatch > Little Cottonwood Canyon,Little Cottonwood Canyon,40.57209,-111.75318,2,b61801a4-36d7-5d40-adef-c1d53b0eddcc,Barn Door,United States > Utah > Wasatch Range > Northern Wasatch > Cache Valley,Cache Valley,41.77146,-111.74425,133.366,True,True,True,True,True,True,True,True,True
ebf5ab91-ec5a-59b2-9a68-241adb09a8d5,Avian Flew,trad,5.9+,United States > Arizona > Central Arizona > Isolation Canyon > Main Wall - South,Main Wall - South,34.36127,-111.45026,1,a9fbff57-f5e6-51dd-8c26-f556c691fe7c,Avian Flew,United States > Arizona > Central Arizona > Queen Creek Canyon > Lower Devil's Canyon,Lower Devil's Canyon,33.27066,-111.04595,126.892,True,True,True,True,True,True,True,True,True
ec0b6f76-7746-57b0-91b5-beea338c0492,Purple Haze,trad,5.10d,United States > California > Lake Tahoe > Highway 50 Corridor > Lover's Leap,Lover's Leap,38.80006,-120.13522,3,76c56838-237f-5474-aa0b-967cd7db1ce9,Purple Haze,United States > California > Lake Tahoe > I-80 Corridor > Indian Springs,Indian Springs,39.32822,-120.56531,69.483,True,True,True,True,True,True,True,True,True
ec9cc062-0422-5d5f-a425-af3f9a2fda98,ZooMass,boulder,V3-,United States > Massachusetts > North Shore > Cape Ann > Dogtown,Dogtown,42.63095,-70.66814,1,26c2edfb-1f81-528e-92b9-ed4af2c6e5c6,Zoo Mass,United States > Massachusetts > North Shore > Lynn Woods > Greater Lynn Woods Area,Greater Lynn Woods Area,42.49123,-70.99199,30.739,True,True,True,True,True,True,True,True,True
ecba21f2-52e2-553e-8f8a-32e37ffd560c,Diamond Cutter,boulder,V3,United States > Massachusetts > North Shore > Cape Ann > Cavalry Boulder Field aka Gymnasium aka Playground,Cavalry Boulder Field aka Gymnasium aka Playground,42.6435,-70.6403,1,951a56c8-fb50-56e1-a6e2-9074b9de69b4,Diamond Cutter,United States > Massachusetts > North Shore > Lynn Woods > Greater Lynn Woods Area,Greater Lynn Woods Area,42.50997,-71.02564,34.871,True,True,True,True,True,True,True,True,True
edc24dad-91ca-5acf-ade6-ea03d488ba35,Grain Alcohol,boulder,V6-,United States > Massachusetts > North Shore > Cape Ann > Agassiz Rock Reservation,Agassiz Rock Reservation,42.55555,-70.70181,1,6023630c-8e69-5f0a-be50-ee79c4bfa0bd,Grain Alcohol,United States > Massachusetts > North Shore > Lynn Woods > Greater Lynn Woods Area,Greater Lynn Woods Area,42.51775,-71.02631,26.918,True,True,True,True,True,True,True,True,True
edd7eb88-d64d-5ef5-9572-21321e86fb59,Zero Dark Thirty,boulder,V5,United States > Virginia > Southwest Virginia (Appalachia) > Guest River Gorge > (6) Jaybird Gorge,(6) Jaybird Gorge,36.90949,-82.45517,1,39d761f7-3485-5ef4-80e9-914e16844699,Zero Dark Thirty,United States > Virginia > Southwest Virginia (Appalachia) > Grayson Highlands State Park > Haw Orchard,Haw Orchard,36.6185,-81.48122,92.595,True,True,True,True,True,True,True,True,True
ee04a003-ebbb-5614-a5c4-1a5ced37e49d,Groundhog Day,boulder,V5,United States > California > Sierra Eastside > Bishop Area > Volcanic Tablelands (Happy/Sad Boulders),Volcanic Tablelands (Happy/Sad Boulders),37.4159,-118.44857,2,26adf7a5-0c2c-5dea-a468-c72996c41862,Groundhog Day,United States > California > Sierra Eastside > Mammoth Lakes Area > Sherwin Plateau,Sherwin Plateau,37.5915,-118.6327,25.398,True,True,True,True,True,True,True,True,True
ee1da92f-5e9b-54a1-b8ea-5bc705335e50,Bon Chance,trad,5.8,United States > New York > Adirondacks > H: Southern Mountains > Good Luck Mountain,Good Luck Mountain,43.249,-74.557,1,05e95d0c-93d9-59ec-9bde-e17309fa4538,Bon Chance,United States > New York > Adirondacks > G: Indian Lake Region > Crane Mountain,Crane Mountain,43.54934,-73.95144,59.236,True,True,True,True,True,True,True,True,True
ee4e3031-84b7-500e-847b-a27916315a36,Cyber Monday,boulder,V4+,United States > Massachusetts > North Shore > Cape Ann > Cavalry Boulder Field aka Gymnasium aka Playground,Cavalry Boulder Field aka Gymnasium aka Playground,42.6344,-70.67065,1,ad941963-cfbd-5964-a88d-87816461329b,Cyber Monday,United States > Massachusetts > North Shore > Lynn Woods > Greater Lynn Woods Area,Greater Lynn Woods Area,42.49727,-70.97562,29.262,True,True,True,True,True,True,True,True,True
ee99c394-3bd5-5bed-9eca-10bc08f6718d,Tunnel Vision,boulder,V7,United States > Arizona > Central Arizona > **Phoenix Areas > South Mountain,South Mountain,33.35379,-112.01825,2,c42fb33c-d5ea-57f9-b66e-557a808c3bc0,Tunnel Vision,United States > Arizona > Northern Arizona > Oak Creek Canyon > Fire Wall,Fire Wall,34.87258,-111.7531,170.637,True,True,True,True,True,True,True,True,True
f1eb9c24-8e1c-5d9a-994c-da4dabf958cb,Wish You Were Here,sport,5.10a/b,United States > Arizona > Central Arizona > **Phoenix Areas > Pinnacle Peak,Pinnacle Peak,33.73287,-111.86528,1,06379729-cf8a-54ba-a6f7-af83035c2470,Wish You Were Here,United States > Arizona > Central Arizona > Mingus Mountain > Roadside Crag,Roadside Crag,34.69948,-112.15881,110.819,True,True,True,True,True,True,True,True,True
f249863c-58f9-537e-a059-cb477ea91194,Finders Keepers,trad,5.11b,United States > California > Lake Tahoe > Highway 50 Corridor > Phantom Spires,Phantom Spires,38.78648,-120.24198,3,1f25ee5b-ae28-5622-965a-966daa31ae90,Finders Keepers,United States > California > Lake Tahoe > Carson Pass Highway (88) > Calaveras Domes,Calaveras Domes,38.48491,-120.23255,33.543,True,True,True,True,True,True,True,True,True
f31ee2ca-a946-5014-b43e-1cf7cfbe576c,Smoking Gun,sport,5.10c/d,United States > California > San Bernardino Mountains > Lake Arrowhead Area > Lake Arrowhead Pinnacles,Lake Arrowhead Pinnacles,34.30207,-117.21384,1,c0073f67-732b-58dd-bc63-f47fc542b3ff,Smoking Gun,United States > California > San Bernardino Mountains > Big Bear Lake Area > Big Bear North,Big Bear North,34.3082,-116.8785,30.809,True,True,True,True,True,True,True,True,True
f3b97056-82fc-5c0d-b7fb-bbe8e076ed3c,Tying the Knot,trad,5.9,United States > Arkansas > North-Central Arkansas > Horseshoe Canyon Ranch > West Side,West Side,36.0118,-93.2922,1,cb151375-186a-5e6e-bdde-cba5978d6b58,Tying the Knot,United States > Arkansas > North-Central Arkansas > Sam's Throne & Surroundings > Cave Creek,Cave Creek,35.84252,-93.05579,28.415,True,True,True,True,True,True,True,True,True
f4210401-536c-5574-a898-d14d393147ae,Apollo 13,boulder,V6+,"United States > Colorado > Fort Collins > Poudre Canyon > Narrows, The","Narrows, The",40.6737,-105.41628,1,7f5423dd-daf2-5666-bb42-5c6a5fd651a0,Apollo 13,United States > Colorado > Fort Collins > Poudre Canyon > West of Rustic,West of Rustic,40.64662,-105.85065,36.763,True,True,True,True,True,True,True,True,True
f42cb23e-02c4-5f3c-9b73-5b6654525fff,Global Warming,trad,5.10c,United States > California > Sierra Eastside > Bishop Area > Owens River Gorge,Owens River Gorge,37.50585,-118.56947,2,bc02ad18-0cc9-5534-90b4-4432334f51a0,Global Warming,United States > California > Sierra Eastside > Mammoth Lakes Area > Warming Wall,Warming Wall,37.6478,-119.003,41.337,True,True,True,True,True,True,True,True,True
f4bee30b-7f19-57cf-813b-9f2884c02155,Shangri-La,trad,5.12+,United States > Arizona > Northern Arizona > Sedona Area > Sedona,Sedona,34.85796,-111.73265,1,21db1b5f-879a-5eb7-bf64-ef378b7e6b71,Shangri-La,United States > Arizona > Northern Arizona > Navajolands > Monument Valley,Monument Valley,36.93989,-110.06023,276.185,True,True,True,True,True,True,True,True,True
f52988ae-556c-54b6-9966-77c69975bd2d,Specimen,boulder,V6-7,United States > Massachusetts > North Shore > Lynn Woods > Greater Lynn Woods Area,Greater Lynn Woods Area,42.46729,-70.99508,1,4a047e26-f4e2-5fa7-a5c9-9131b96d70cd,Specimen,United States > Massachusetts > North Shore > Cape Ann > Cavalry Boulder Field aka Gymnasium aka Playground,Cavalry Boulder Field aka Gymnasium aka Playground,42.62091,-70.72131,28.192,True,True,True,True,True,True,True,True,True
f5a519fa-e06c-537a-b203-78783c814160,Finger Food,trad,5.11,United States > Utah > Southeast Utah > Indian Creek > Reservoir Wall,Reservoir Wall,38.08285,-109.56278,1,c9d0d3e6-da41-50de-a459-06164d827dd1,FINGER FOOD,United States > Utah > Southeast Utah > Potash Road > Culvert Canyon,Culvert Canyon,38.57974,-109.63418,55.602,True,True,True,True,True,True,True,True,True
f648ba76-4859-53e8-a94a-bcc19d88502f,Invictus,boulder,V8,"United States > Virginia > Southwest Virginia (Appalachia) > Devil's Marbleyard > Pit, The","Pit, The",37.58177,-79.47146,1,d5caa926-1224-5650-a8c6-ace47f8a3339,Invictus,United States > Virginia > Southwest Virginia (Appalachia) > High Knob Landform > HKL West,HKL West,36.85826,-82.90422,314.404,True,True,True,True,True,True,True,True,True
f64b4358-d7cf-5d67-8b23-a1acdd200e0f,Ride the Lightning,trad,5.12c,United States > North Carolina > 1. Southern Mountains Region > Looking Glass Rock > North Side,North Side,35.30546,-82.79093,2,ba3b6629-2f8d-53bf-8913-08b669553b19,Ride the Lightning,"United States > North Carolina > 2. Northern Mountains Region > Dump, The > Dump (Routes), The","Dump (Routes), The",36.0971,-81.7719,127.339,True,True,True,True,True,True,True,True,True
f6f01b2b-53b3-524a-8f03-f2e8e07ad5ae,Worth the Squeeze,boulder,V5,United States > Virginia > Southwest Virginia (Appalachia) > Cascades Bouldering > Contrast Area,Contrast Area,37.35931,-80.58918,1,6a9e1978-9bc3-569b-a90c-f6c2f270e08f,Worth The Squeeze,United States > Virginia > Southwest Virginia (Appalachia) > Grayson Highlands State Park > ~M.R.N.R.A.,~M.R.N.R.A.,36.6122,-81.4912,115.413,True,True,True,True,True,True,True,True,True
f78e935f-aed1-5393-98f0-620f4ccb79e9,Flash Flood,boulder,V4,United States > Massachusetts > North Shore > Lynn Woods > Greater Lynn Woods Area,Greater Lynn Woods Area,42.50111,-71.00195,1,a6334ce0-38d8-5cb2-9ed6-a82651a1ad4a,Flash Flood,United States > Massachusetts > North Shore > Cape Ann > Dogtown,Dogtown,42.63095,-70.66814,30.916,True,True,True,True,True,True,True,True,True
f7a259ff-2dba-5530-b4a6-8784c3bd06f6,Wake and Bake,sport,5.7,"United States > Arizona > Central Arizona > Queen Creek Canyon > Mine Area, The","Mine Area, The",33.29875,-111.07289,1,fa77822b-2a43-5924-9690-5ae7fce09c32,Wake and Bake,United States > Arizona > Northern Arizona > Winslow- Hwy’s 87 & 99 Corridors > Jacks Canyon,Jacks Canyon,34.76816,-111.04066,163.418,True,True,True,True,True,True,True,True,True
f7de71b4-f45d-5b53-a5fe-1b0ae40dc045,One Move Wonder,boulder,V2,"United States > New Hampshire > Merrimack Valley > Manchester Area Bouldering > Dugout, The","Dugout, The",43.0389,-71.4861,1,20dc01e8-bee3-5658-9156-35f6c1095fc5,One Move Wonder,United States > New Hampshire > Merrimack Valley > Beaver Brook > Splat Boulder,Splat Boulder,42.7333,-71.6216,35.729,True,True,True,True,True,True,True,True,True
f7f335ee-2170-5266-8255-99a8ae164fe6,The Meat Cleaver,trad,5.10+,United States > Colorado > South Platte > Cathedral Spires Area > Sunshine Wall,Sunshine Wall,39.42096,-105.25683,1,b9454991-5c8f-5db9-870e-03c6d0f1a2d1,The Meat Cleaver,United States > Colorado > South Platte > Goose Creek/Molly Gulch Campground > Whiskey Rocks,Whiskey Rocks,39.2159,-105.33633,23.805,True,True,True,True,True,True,True,True,True
f9707658-29c8-550e-9625-d06c8f6f5dcf,Octopussy,trad,5.11b,United States > Utah > Southeast Utah > Indian Creek > Fringe Walls,Fringe Walls,38.0258,-109.54,1,daccde60-0085-509a-92a3-ed4878ee4bcd,Octopussy,United States > Utah > Southeast Utah > Potash Road > Long Canyon,Long Canyon,38.54503,-109.65515,58.604,True,True,True,True,True,True,True,True,True
fa5b89cb-6a7b-5fbc-af52-a76d821ec868,Quarry Man,boulder,V4,United States > Massachusetts > North Shore > Cape Ann > Ravenswood Park,Ravenswood Park,42.5989,-70.69041,1,fb30c77d-ca84-5360-95f0-dfb9feb89de8,Quarryman,United States > Massachusetts > North Shore > Lynn Woods > Greater Lynn Woods Area,Greater Lynn Woods Area,42.46729,-70.99508,28.937,True,True,True,True,True,True,True,True,True
fb30c77d-ca84-5360-95f0-dfb9feb89de8,Quarryman,boulder,V7-8,United States > Massachusetts > North Shore > Lynn Woods > Greater Lynn Woods Area,Greater Lynn Woods Area,42.46729,-70.99508,1,fa5b89cb-6a7b-5fbc-af52-a76d821ec868,Quarry Man,United States > Massachusetts > North Shore > Cape Ann > Ravenswood Park,Ravenswood Park,42.5989,-70.69041,28.937,True,True,True,True,True,True,True,True,True
fb859665-a490-5edc-83e4-af7adbbb8237,Southeast Slope,trad,3rd,"United States > California > High Sierra > 07 - Humphreys Basin, Pine Creek & Granite Park > Feather Peak",Feather Peak,37.326,-118.7782,3,ad3ce91a-9a73-5dcb-b3c5-debe65775f98,South East Slope,United States > California > High Sierra > 08 - Bishop Pass & Evolution > Mt. Gilbert,Mt. Gilbert,37.13742,-118.59774,26.362,True,True,True,True,True,True,True,True,True
fbabdb48-c0aa-5892-9303-17767f72fc28,Orb Weaver,boulder,V5,United States > Virginia > Southwest Virginia (Appalachia) > Harkening Hill > Stones,Stones,37.46555,-79.60949,1,d231ecba-ac53-5cbc-86c6-681c4f0259fa,Orb Weaver,United States > Virginia > Southwest Virginia (Appalachia) > Grayson Highlands State Park > Highlands,Highlands,36.61219,-81.4912,192.085,True,True,True,True,True,True,True,True,True
fbb3e852-3f93-5ed8-b5a7-5f0e96a037d6,Deep Thought,boulder,V2,United States > Virginia > Southwest Virginia (Appalachia) > Mill Creek > Waterfall Area,Waterfall Area,37.30277,-80.79409,1,6aae0f77-724a-5a0a-842f-ad3d60fa78a7,Deep Thought,United States > Virginia > Southwest Virginia (Appalachia) > High Knob Landform > HKL East,HKL East,36.9097,-82.6302,168.587,True,True,True,True,True,True,True,True,True
fcbfd658-31e1-5213-86fd-0d2605bffe90,Twist and Shout,trad,5.10a,United States > California > Lake Tahoe > Highway 50 Corridor > Sugarloaf Area,Sugarloaf Area,38.77639,-120.3085,1,fd55fbb8-2603-5306-b60d-c559cb9d773a,Twist and Shout,United States > California > Lake Tahoe > Highway 50 Corridor > Placerville,Placerville,38.77569,-120.7484,38.134,True,True,True,True,True,True,True,True,True
fcf93b0c-af55-52a3-b576-8c21d11cab5e,Bear Necessities,trad,5.10,United States > Arizona > Northern Arizona > Sycamore Canyon > Paradise Forks,Paradise Forks,35.1381,-112.0282,1,c3515ef4-43bb-582d-9b25-119ceaec7da6,Bear Necessities,United States > Arizona > Northern Arizona > Sedona Area > West Sedona,West Sedona,34.90508,-111.86974,29.658,True,True,True,True,True,True,True,True,True
fd5395c0-0ac9-5c8e-b053-2af02206e172,Scooby Snacks,sport,5.9,United States > California > Lake Tahoe > I-80 Corridor > Auburn and Grass Valley,Auburn and Grass Valley,38.91564,-121.01437,1,3803b56b-6a89-5cf7-8b96-8aa9a363c0df,Scooby Snacks,United States > California > Lake Tahoe > Carson Pass Highway (88) > Upper Bear River Reservoir,Upper Bear River Reservoir,38.58711,-120.21822,78.109,True,True,True,True,True,True,True,True,True
fd55fbb8-2603-5306-b60d-c559cb9d773a,Twist and Shout,trad,5.10c,United States > California > Lake Tahoe > Highway 50 Corridor > Placerville,Placerville,38.77569,-120.7484,1,fcbfd658-31e1-5213-86fd-0d2605bffe90,Twist and Shout,United States > California > Lake Tahoe > Highway 50 Corridor > Sugarloaf Area,Sugarloaf Area,38.77639,-120.3085,38.134,True,True,True,True,True,True,True,True,True
fd57b9cf-f252-5525-8f60-05bb2f2cd414,Pinch Me,boulder,V0,United States > Utah > Wasatch Range > Central Wasatch > Little Cottonwood Canyon,Little Cottonwood Canyon,40.5744,-111.6893,2,8440d1eb-ecca-52f1-961d-ceef6cb8bda3,Pinch Me,United States > Utah > Wasatch Range > Northern Wasatch > Cache Valley,Cache Valley,41.7727,-111.74754,133.334,True,True,True,True,True,True,True,True,True
fd79f937-c9ae-58ac-aa2d-d872617a88d8,Wood Booger,boulder,V2,United States > Virginia > Southwest Virginia (Appalachia) > High Knob Landform > HKL East,HKL East,36.90524,-82.63237,1,75693d88-777f-5bc9-a0ed-3a0f27415c52,Wood Booger,United States > Virginia > Southwest Virginia (Appalachia) > Cascades Bouldering > Pyramid Area,Pyramid Area,37.35505,-80.59643,187.288,True,True,True,True,True,True,True,True,True
fdea2c55-311f-5b79-a378-07219ff85a90,El Regalo,sport,5.10a,United States > Arkansas > North-Central Arkansas > Richland Creek Area > Stack Rock,Stack Rock,35.8829,-92.9113,1,82d1e9ab-3bfb-52b6-b757-704bdff5d14d,El Regalo,United States > Arkansas > North-Central Arkansas > Horseshoe Canyon Ranch > East Side,East Side,36.00644,-93.28695,36.5,True,True,True,True,True,True,True,True,True
fe11ce30-e738-53c3-a942-aaf2e7af03ed,Diatribe,boulder,V6,United States > Virginia > Southwest Virginia (Appalachia) > Grayson Highlands State Park > Listening Rock Trail,Listening Rock Trail,36.6122,-81.4912,1,2f0fbd24-ca82-5f45-b4b3-b60786bc5fe1,Diatribe,United States > Virginia > Southwest Virginia (Appalachia) > Harkening Hill > Stones,Stones,37.45483,-79.61864,190.801,True,True,True,True,True,True,True,True,True
fe5468ed-6635-5c43-8989-b6ac95e21a22,Baked Potato,boulder,V3,United States > Massachusetts > North Shore > Cape Ann > Dyke's Pond (Gloucester),Dyke's Pond (Gloucester),42.60819,-70.72725,1,3dc1f9c0-bd8c-5a48-a2e3-27052e7fbdd0,Baked Potato,United States > Massachusetts > North Shore > Lynn Woods > Stone Tower Area,Stone Tower Area,42.4871,-70.98254,24.873,True,True,True,True,True,True,True,True,True
fec16833-9a9c-506c-a47f-44afe859804d,Chimera,sport,5.9,United States > Arizona > Central Arizona > **Phoenix Areas > Camelback Mountain,Camelback Mountain,33.5192,-111.9694,1,4597efa3-57a8-5a47-bc17-176cff561ddb,Chimera,"United States > Arizona > Central Arizona > Homestead, The > Rough Rider Zone",Rough Rider Zone,33.17393,-110.7795,117.004,True,True,True,True,True,True,True,True,True
fec32600-0eed-5499-859d-4e702b2025e1,Crystal Staircase,sport,5.9,"United States > Colorado > Estes Park Valley > CO Hwy 7 & Tributaries > Crags, The","Crags, The",40.30276,-105.52423,2,6a5f9382-84e5-5dac-b7a3-406c86c58a7e,Crystal Staircase,"United States > Colorado > Estes Park Valley > Big Thompson Canyon > Monastery, The","Monastery, The",40.45293,-105.369,21.254,True,True,True,True,True,True,True,True,True
