openbeta_id,original_climb_id,new_climb_id,original_name,new_name,type,original_grade_ordinal,new_grade_ordinal,expected_original_area_id,expected_new_area_id,relationship,original_area_path,new_area_path,source_path,source_url,evidence
01d27125-bfa1-56e0-990f-a88c0d81dd11,70954,142258,Throwin' the Drool Again,Throwin' The Drool Again,sport,14,14,954,954,same_area,North America > United States > Colorado > Keystone a.k.a. Montezuma > Haus Rock,North America > United States > Colorado > Keystone a.k.a. Montezuma > Haus Rock,United States > Colorado > Keystone a.k.a. Montezuma > Haus Rock,,Unique original with same normalized name/start and type in the same final area. Grade difference 0; the imported ID has no user history.
01f5acae-b5b8-54aa-927f-94a28778172a,42070,142351,Prow Problem,Prow Problem,boulder,7,7,4454,15921,new_descendant,North America > United States > Colorado > Morrison/Evergreen/Littleton > Matthews Winters Park,North America > United States > Colorado > Morrison/Evergreen/Littleton > Matthews Winters Park > Millennium Boulder,"United States > Colorado > Morrison/Evergreen/Littleton > Matthews-Winters Park > Millenium Boulder, The",,Unique original at an ancestor; source identifies a more specific descendant. Move original there. Grade difference 0; the imported ID has no user history.
0268713f-6686-51b6-af80-a0c0609f989b,76995,142598,Between the lines,Between the lines,boulder,4,5,1194,25068,old_descendant,North America > United States > Utah > Southwest Utah > Cedar City > Cedar Canyon > Cedar Slide,North America > United States > Utah > Southwest Utah > Cedar City > Cedar Canyon,United States > Utah > Southwest Utah > Cedar City > Cedar Canyon,,Unique original already at a more specific descendant than the source route. Grade difference 1; the imported ID has no user history.
06374c55-0bf5-523e-9d68-3e1639e50968,129585,144849,In The Middle,In The Middle,sport,14,14,26550,26550,same_area,"North America > United States > Wyoming > Cody > Upper Bridge Bands > Hideout Wall, The","North America > United States > Wyoming > Cody > Upper Bridge Bands > Hideout Wall, The","United States > Wyoming > Cody > Upper Bridge Bands > Hideout Wall, The",,Unique original with same normalized name/start and type in the same final area. Grade difference 0; the imported ID has no user history.
07417e9b-8acb-5015-89aa-779d382f3c04,98066,145434,Stimulus Package,Stimulus Package,sport,18,17,546,546,same_area,North America > United States > Colorado > Glenwood Springs > Main Elk Creek > Pup Tent of Solitude,North America > United States > Colorado > Glenwood Springs > Main Elk Creek > Pup Tent of Solitude,United States > Colorado > Glenwood Springs > Main Elk Creek > Pup Tent of Solitude,,Unique original with same normalized name/start and type in the same final area. Grade difference 1; the imported ID has no user history.
08505013-0f18-5269-bfc8-0173772fb13f,41745,146109,If,If,sport,23,23,13379,13382,new_descendant,North America > United States > California > Redwood Coast > Trinity Arêtes,North America > United States > California > Redwood Coast > Trinity Arêtes > Paisano Buttress,United States > California > Redwood Coast > Trinity Arêtes > Paisano Buttress,,Unique original at an ancestor; source identifies a more specific descendant. Move original there. Grade difference 0; the imported ID has no user history.
0af7ea8a-89b4-52f5-a9d1-2aa7c80b0b78,95455,147615,Virgin Lemonade,Virgin Lemonade,sport,11,10,1726,1726,same_area,North America > United States > Iowa > Pictured Rocks > Wild Iowa Wall,North America > United States > Iowa > Pictured Rocks > Wild Iowa Wall,United States > Iowa > Pictured Rocks > Wild Iowa Wall,,Unique original with same normalized name/start and type in the same final area. Grade difference 1; the imported ID has no user history.
10b8eee5-8c96-54a8-bfaf-e08412658d29,102553,150975,Breakout,Breakout,boulder,5,5,24366,24376,new_descendant,North America > United States > Texas > Nolan River,North America > United States > Texas > Nolan River > Quality Crontrol cliff band,United States > Texas > Nolan River > Quality Crontrol cliff band,,Unique original at an ancestor; source identifies a more specific descendant. Move original there. Grade difference 0; the imported ID has no user history.
116cc385-b35c-5233-82a7-55363c6d4853,75294,151377,Centaur,Centaur,sport,20,21,20748,20754,new_descendant,North America > United States > New Mexico > Jemez Mountains and Jemez Valley > Upper East Fork (UEF),North America > United States > New Mexico > Jemez Mountains and Jemez Valley > Upper East Fork (UEF) > Monster Wall,United States > New Mexico > Jemez Mountains and Jemez Valley > Upper East Fork (UEF) > Monster Wall,,Unique original at an ancestor; source identifies a more specific descendant. Move original there. Grade difference 1; the imported ID has no user history.
132af8da-dd1f-532a-940e-8bf3ba1f3899,9361,152449,Turtle Power,Turtle Power,boulder,4,4,24366,24377,new_descendant,North America > United States > Texas > Nolan River,North America > United States > Texas > Nolan River > Rattlesnake Wall,United States > Texas > Nolan River > Rattlesnake Wall,,Unique original at an ancestor; source identifies a more specific descendant. Move original there. Grade difference 0; the imported ID has no user history.
1a5ad7a0-bd0b-5fc8-9359-923814a21815,82543,156859,Cedar's Dihedral,Cedar's Dihedral,sport,10,10,4928,13384,old_descendant,North America > United States > California > Redwood Coast > Trinity Arêtes > Shooting Gallery > Boardwalk,North America > United States > California > Redwood Coast > Trinity Arêtes > Shooting Gallery,United States > California > Redwood Coast > Trinity Arêtes > Shooting Gallery,,Unique original already at a more specific descendant than the source route. Grade difference 0; the imported ID has no user history.
1cac2d3c-b0dc-5cb6-b90e-65e55ead3548,53549,158333,County Line,County Line,sport,8,8,7406,7406,same_area,North America > United States > Colorado > Fort Collins > Poudre Canyon > Crystal Wall,North America > United States > Colorado > Fort Collins > Poudre Canyon > Crystal Wall,United States > Colorado > Fort Collins > Poudre Canyon > Crystal Wall,,Unique original with same normalized name/start and type in the same final area. Grade difference 0; the imported ID has no user history.
1dc3bab4-cf82-5425-b81b-9914457576d4,80325,158982,Stairway to Heaven,Stairway to heaven,boulder,1,1,1194,25068,old_descendant,North America > United States > Utah > Southwest Utah > Cedar City > Cedar Canyon > Cedar Slide,North America > United States > Utah > Southwest Utah > Cedar City > Cedar Canyon,United States > Utah > Southwest Utah > Cedar City > Cedar Canyon,,Unique original already at a more specific descendant than the source route. Grade difference 0; the imported ID has no user history.
1e4154b5-77fe-5311-8d87-29963851fdfc,95207,159255,Bird In Hand,Bird in Hand,sport,15,15,1726,1726,same_area,North America > United States > Iowa > Pictured Rocks > Wild Iowa Wall,North America > United States > Iowa > Pictured Rocks > Wild Iowa Wall,United States > Iowa > Pictured Rocks > Wild Iowa Wall,,Unique original with same normalized name/start and type in the same final area. Grade difference 0; the imported ID has no user history.
1efdef02-8c47-5596-8c66-1d6b935a5264,84443,159716,Distant Thunder,Distant Thunder,sport,15,16,26620,26639,new_descendant,North America > United States > Wyoming > Fremont Canyon,North America > United States > Wyoming > Fremont Canyon > Twin Towers Wall (aka Low Voltage Wall),United States > Wyoming > Fremont Canyon > Twin Towers Wall (aka Low Voltage Wall),,Unique original at an ancestor; source identifies a more specific descendant. Move original there. Grade difference 1; the imported ID has no user history.
218eee41-5d94-502e-be27-5bd31c904142,94059,161191,the sheep buggerer,The Sheep Buggerer,sport,18,18,4474,16166,new_descendant,North America > United States > Colorado > South Platte > Devil's Head,"North America > United States > Colorado > South Platte > Devil's Head > Crag Ranch, The","United States > Colorado > South Platte > Devil's Head > Crag Ranch, The",,Unique original at an ancestor; source identifies a more specific descendant. Move original there. Grade difference 0; the imported ID has no user history.
21a58dce-b794-5685-9bb0-b5c0ac39e8ad,82782,161239,Insomnia,Insomnia,boulder,13,13,24366,24376,new_descendant,North America > United States > Texas > Nolan River,North America > United States > Texas > Nolan River > Quality Crontrol cliff band,United States > Texas > Nolan River > Quality Crontrol cliff band,,Unique original at an ancestor; source identifies a more specific descendant. Move original there. Grade difference 0; the imported ID has no user history.
28be7d18-da93-5f1f-bde9-ee45b2d926a3,66216,165404,The Natural,The Natural,sport,20,19,256,256,same_area,North America > United States > California > Central Coast > Hwy 166/Silly Rock > Owl Tor,North America > United States > California > Central Coast > Hwy 166/Silly Rock > Owl Tor,United States > California > Central Coast > Hwy 166/Silly Rock > Owl Tor,,Unique original with same normalized name/start and type in the same final area. Grade difference 1; the imported ID has no user history.
2b9f95e9-5fa5-5003-8217-7069a32c342d,95231,167065,I hate the world,I Hate the World,sport,13,12,1677,25068,old_descendant,North America > United States > Utah > Southwest Utah > Cedar City > Cedar Canyon > The 10 mile wall,North America > United States > Utah > Southwest Utah > Cedar City > Cedar Canyon,United States > Utah > Southwest Utah > Cedar City > Cedar Canyon,,Unique original already at a more specific descendant than the source route. Grade difference 1; the imported ID has no user history.
2f427faa-0ae5-585c-b379-0d4ee75b121d,75165,169213,Swallow My Pride,Swallow My Pride,sport,19,19,4126,4126,same_area,North America > United States > California > San Francisco Bay Area > Wine Country > Mount St. Helena,North America > United States > California > San Francisco Bay Area > Wine Country > Mount St. Helena,United States > California > San Francisco Bay Area > Wine Country > Mount St. Helena,,Unique original with same normalized name/start and type in the same final area. Grade difference 0; the imported ID has no user history.
327efdac-9a88-5f3a-ba77-e76db6a2e51b,72403,171036,Flying Spaghetti Monster,Flying Spaghetti Monster,sport,18,18,20748,20757,new_descendant,North America > United States > New Mexico > Jemez Mountains and Jemez Valley > Upper East Fork (UEF),North America > United States > New Mexico > Jemez Mountains and Jemez Valley > Upper East Fork (UEF) > Wheel of Karma,United States > New Mexico > Jemez Mountains and Jemez Valley > Upper East Fork (UEF) > Wheel of Karma,,Unique original at an ancestor; source identifies a more specific descendant. Move original there. Grade difference 0; the imported ID has no user history.
328300f7-20a6-5598-8292-f03a04a440c1,16035,171047,Jizzercise,Jizzercise,boulder,7,6,24366,24375,new_descendant,North America > United States > Texas > Nolan River,North America > United States > Texas > Nolan River > Pilgrims Pride & Jizzercise Boulders,United States > Texas > Nolan River > Pilgrims Pride & Jizzercise Boulders,,Unique original at an ancestor; source identifies a more specific descendant. Move original there. Grade difference 1; the imported ID has no user history.
33012f4e-0274-52dc-b814-3a6faed69741,114968,171346,The Centerpiece,The Centerpiece,boulder,6,6,638,13131,old_descendant,North America > United States > California > Los Angeles Basin > Santa Monica Mountains > Purple Stones,North America > United States > California > Los Angeles Basin > Santa Monica Mountains,United States > California > Los Angeles Basin > Santa Monica Mountains > *Santa Monica Mountains Bouldering,,Unique original already at a more specific descendant than the source route. Grade difference 0; the imported ID has no user history.
336e71dd-feef-5465-95b6-de863db62f4d,38975,171587,goat dyno,Goat Dyno,boulder,10,9,15921,15921,same_area,North America > United States > Colorado > Morrison/Evergreen/Littleton > Matthews Winters Park > Millennium Boulder,North America > United States > Colorado > Morrison/Evergreen/Littleton > Matthews Winters Park > Millennium Boulder,"United States > Colorado > Morrison/Evergreen/Littleton > Matthews-Winters Park > Millenium Boulder, The",,Unique original with same normalized name/start and type in the same final area. Grade difference 1; the imported ID has no user history.
33a4c8d5-e703-5e7c-83dc-1650a12e28ae,28770,171695,Chupacabra,Chupacabra,sport,19,19,20748,20754,new_descendant,North America > United States > New Mexico > Jemez Mountains and Jemez Valley > Upper East Fork (UEF),North America > United States > New Mexico > Jemez Mountains and Jemez Valley > Upper East Fork (UEF) > Monster Wall,United States > New Mexico > Jemez Mountains and Jemez Valley > Upper East Fork (UEF) > Monster Wall,,Unique original at an ancestor; source identifies a more specific descendant. Move original there. Grade difference 0; the imported ID has no user history.
34f8ef76-38c6-5326-b40e-6561765b285a,65252,172508,Chips Ahoy,Chips Ahoy,sport,21,21,256,256,same_area,North America > United States > California > Central Coast > Hwy 166/Silly Rock > Owl Tor,North America > United States > California > Central Coast > Hwy 166/Silly Rock > Owl Tor,United States > California > Central Coast > Hwy 166/Silly Rock > Owl Tor,,Unique original with same normalized name/start and type in the same final area. Grade difference 0; the imported ID has no user history.
35c041c3-31df-5c0b-afa8-622c93ec181b,85048,172977,Hayduke,Hayduke,boulder,7,6,25065,25065,same_area,North America > United States > Utah > Southwest Utah > Brian Head > Bunker Creek,North America > United States > Utah > Southwest Utah > Brian Head > Bunker Creek,United States > Utah > Southwest Utah > Brian Head > Bunker Creek,,Unique original with same normalized name/start and type in the same final area. Grade difference 1; the imported ID has no user history.
363a88c7-1b4b-5c60-b3d8-aae53831bc67,73701,173276,butterfingers,Butterfingers,sport,8,8,13105,13105,same_area,North America > United States > California > Los Angeles Basin > Angeles National Forest > Williamson Rock,North America > United States > California > Los Angeles Basin > Angeles National Forest > Williamson Rock,United States > California > Los Angeles Basin > Angeles National Forest > Williamson Rock,,Unique original with same normalized name/start and type in the same final area. Grade difference 0; the imported ID has no user history.
395fc67e-5767-5f46-9844-8dd2ef8b0f4d,41129,175065,Quality Control,Quality Control,boulder,9,8,24366,24376,new_descendant,North America > United States > Texas > Nolan River,North America > United States > Texas > Nolan River > Quality Crontrol cliff band,United States > Texas > Nolan River > Quality Crontrol cliff band,,Unique original at an ancestor; source identifies a more specific descendant. Move original there. Grade difference 1; the imported ID has no user history.
3e596497-cded-5495-bc62-98755e936385,32376,292464,Easy Rider,Easy Rider,sport,7,7,4119,4119,same_area,North America > United States > California > San Diego County > South San Diego County > Mission Gorge,North America > United States > California > San Diego County > South San Diego County > Mission Gorge,United States > California > San Diego County > South San Diego County > Mission Gorge,,Unique original with same normalized name/start and type in the same final area. Grade difference 0; the imported ID has no user history.
3eda89ba-2c75-5ac4-92a0-65a8f69747b9,97043,178269,Hope,Hope,sport,19,18,546,546,same_area,North America > United States > Colorado > Glenwood Springs > Main Elk Creek > Pup Tent of Solitude,North America > United States > Colorado > Glenwood Springs > Main Elk Creek > Pup Tent of Solitude,United States > Colorado > Glenwood Springs > Main Elk Creek > Pup Tent of Solitude,,Unique original with same normalized name/start and type in the same final area. Grade difference 1; the imported ID has no user history.
40f30730-658c-5445-85e7-c7b9f4555c22,22383,179483,Master of Manipulation,Master Of Manipulation,boulder,11,11,207,7619,old_descendant,North America > United States > West Virginia > New River Gorge > New River Gorge Proper > Endless Wall > Fern Point,North America > United States > West Virginia > New River Gorge > New River Gorge Proper > Endless Wall,"United States > West Virginia > New River Gorge, The > New River Gorge Proper > Endless Wall",,Unique original already at a more specific descendant than the source route. Grade difference 0; the imported ID has no user history.
440f47f8-9514-524c-b89c-d1fde8e39594,58903,181301,Teaming Metropolis,Teaming Metropolis,sport,13,13,4282,4282,same_area,North America > United States > Utah > Wasatch Range > Central Wasatch > Big Cottonwood,North America > United States > Utah > Wasatch Range > Central Wasatch > Big Cottonwood,United States > Utah > Wasatch Range > Central Wasatch > Big Cottonwood Canyon,,Unique original with same normalized name/start and type in the same final area. Grade difference 0; the imported ID has no user history.
4527cd7f-8625-59ef-b053-dc578bfee21b,86797,181943,Thing one,Thing One,boulder,8,8,4264,4264,same_area,North America > United States > Utah > West Desert > Ibex,North America > United States > Utah > West Desert > Ibex,United States > Utah > West Desert > Ibex > Bouldering,,Unique original with same normalized name/start and type in the same final area. Grade difference 0; the imported ID has no user history.
4599bdd0-dda4-5019-af9d-b2179a1d2024,74731,182189,high school big shot,High School Big Shot,sport,8,7,1193,1193,same_area,North America > United States > California > Central Coast > Conejo Mountain > Mystery Science Theater,North America > United States > California > Central Coast > Conejo Mountain > Mystery Science Theater,United States > California > Central Coast > Conejo Mountain > Mystery Science Theater,,Unique original with same normalized name/start and type in the same final area. Grade difference 1; the imported ID has no user history.
45e296f0-53af-57d1-89ac-24343ae80e40,54424,182369,crystal ball,Crystal Ball,sport,19,19,954,954,same_area,North America > United States > Colorado > Keystone a.k.a. Montezuma > Haus Rock,North America > United States > Colorado > Keystone a.k.a. Montezuma > Haus Rock,United States > Colorado > Keystone a.k.a. Montezuma > Haus Rock,,Unique original with same normalized name/start and type in the same final area. Grade difference 0; the imported ID has no user history.
468a15a6-df5a-5240-8b24-151e61622b3b,71668,182742,Quantum Cornflakes,Quantum Cornflakes,boulder,5,5,25065,25065,same_area,North America > United States > Utah > Southwest Utah > Brian Head > Bunker Creek,North America > United States > Utah > Southwest Utah > Brian Head > Bunker Creek,United States > Utah > Southwest Utah > Brian Head > Bunker Creek,,Unique original with same normalized name/start and type in the same final area. Grade difference 0; the imported ID has no user history.
46e9b6db-7ea2-5f28-8f2f-f7bdda036bf4,84267,182955,Madam Butterfly,Madam Butterfly,boulder,7,7,25065,25065,same_area,North America > United States > Utah > Southwest Utah > Brian Head > Bunker Creek,North America > United States > Utah > Southwest Utah > Brian Head > Bunker Creek,United States > Utah > Southwest Utah > Brian Head > Bunker Creek,,Unique original with same normalized name/start and type in the same final area. Grade difference 0; the imported ID has no user history.
490c51b0-d38d-589a-a36d-5bf5bf768f60,49710,184198,Maple Canyon Arete,Maple Canyon Arete,boulder,3,2,638,13131,old_descendant,North America > United States > California > Los Angeles Basin > Santa Monica Mountains > Purple Stones,North America > United States > California > Los Angeles Basin > Santa Monica Mountains,United States > California > Los Angeles Basin > Santa Monica Mountains > *Santa Monica Mountains Bouldering,,Unique original already at a more specific descendant than the source route. Grade difference 1; the imported ID has no user history.
516e0181-d7e4-5fe3-a743-ee738055435d,20243,189104,Auto Magic,Auto Magic,sport,18,18,256,256,same_area,North America > United States > California > Central Coast > Hwy 166/Silly Rock > Owl Tor,North America > United States > California > Central Coast > Hwy 166/Silly Rock > Owl Tor,United States > California > Central Coast > Hwy 166/Silly Rock > Owl Tor,,Unique original with same normalized name/start and type in the same final area. Grade difference 0; the imported ID has no user history.
52629953-a97a-5303-88e0-fccb25f41742,104140,189672,Rex Luthor,Rex Luthor,sport,15,16,546,546,same_area,North America > United States > Colorado > Glenwood Springs > Main Elk Creek > Pup Tent of Solitude,North America > United States > Colorado > Glenwood Springs > Main Elk Creek > Pup Tent of Solitude,United States > Colorado > Glenwood Springs > Main Elk Creek > Pup Tent of Solitude,,Unique original with same normalized name/start and type in the same final area. Grade difference 1; the imported ID has no user history.
52bb6742-3461-541c-94c9-e595f719a396,53172,189877,best seller,Best Seller,sport,18,18,4131,4131,same_area,North America > United States > California > Devils Punchbowl,North America > United States > California > Devils Punchbowl,United States > California > High Desert > Antelope Valley Area > Devil's Punchbowl,,Unique original with same normalized name/start and type in the same final area. Grade difference 0; the imported ID has no user history.
52e4fcef-e199-50fe-a454-87d7cb9c8adf,89098,189963,Booga Beluga,Booga Beluga,sport,15,14,1566,25068,old_descendant,North America > United States > Utah > Southwest Utah > Cedar City > Cedar Canyon > The Cetacean Wall,North America > United States > Utah > Southwest Utah > Cedar City > Cedar Canyon,United States > Utah > Southwest Utah > Cedar City > Cedar Canyon,,Unique original already at a more specific descendant than the source route. Grade difference 1; the imported ID has no user history.
5470ead7-0ce0-5a5a-af4c-e13647b37105,69470,190884,Anchor Punch,Anchor Punch,sport,18,18,256,256,same_area,North America > United States > California > Central Coast > Hwy 166/Silly Rock > Owl Tor,North America > United States > California > Central Coast > Hwy 166/Silly Rock > Owl Tor,United States > California > Central Coast > Hwy 166/Silly Rock > Owl Tor,,Unique original with same normalized name/start and type in the same final area. Grade difference 0; the imported ID has no user history.
5471816e-056e-53a7-8067-2a634c54d9f5,52947,190886,Attitude adjuster,Attitude Adjuster,sport,21,21,4131,4131,same_area,North America > United States > California > Devils Punchbowl,North America > United States > California > Devils Punchbowl,United States > California > High Desert > Antelope Valley Area > Devil's Punchbowl,,Unique original with same normalized name/start and type in the same final area. Grade difference 0; the imported ID has no user history.
55e49d55-0528-50f8-a1e2-ddef92dc2bdd,102012,191765,Tooth or Consequences,Tooth or Consequences,sport,15,15,546,546,same_area,North America > United States > Colorado > Glenwood Springs > Main Elk Creek > Pup Tent of Solitude,North America > United States > Colorado > Glenwood Springs > Main Elk Creek > Pup Tent of Solitude,United States > Colorado > Glenwood Springs > Main Elk Creek > Pup Tent of Solitude,,Unique original with same normalized name/start and type in the same final area. Grade difference 0; the imported ID has no user history.
58e0449a-4789-50de-8af1-db436059cd21,83051,193552,Open Season,Open Season,sport,11,11,4929,13384,old_descendant,North America > United States > California > Redwood Coast > Trinity Arêtes > Shooting Gallery > Lower Shooting Gallery,North America > United States > California > Redwood Coast > Trinity Arêtes > Shooting Gallery,United States > California > Redwood Coast > Trinity Arêtes > Shooting Gallery,,Unique original already at a more specific descendant than the source route. Grade difference 0; the imported ID has no user history.
5a4a08ee-9e2c-57cd-ad15-ce1a75cd9465,97809,194418,Crack of Despair,Crack of Despair,sport,19,19,546,546,same_area,North America > United States > Colorado > Glenwood Springs > Main Elk Creek > Pup Tent of Solitude,North America > United States > Colorado > Glenwood Springs > Main Elk Creek > Pup Tent of Solitude,United States > Colorado > Glenwood Springs > Main Elk Creek > Pup Tent of Solitude,,Unique original with same normalized name/start and type in the same final area. Grade difference 0; the imported ID has no user history.
5ac70856-07e1-5f63-ab05-2462ae80f3bc,40679,194702,Girls With Guns,Girls With Guns,sport,13,13,546,546,same_area,North America > United States > Colorado > Glenwood Springs > Main Elk Creek > Pup Tent of Solitude,North America > United States > Colorado > Glenwood Springs > Main Elk Creek > Pup Tent of Solitude,United States > Colorado > Glenwood Springs > Main Elk Creek > Pup Tent of Solitude,,Unique original with same normalized name/start and type in the same final area. Grade difference 0; the imported ID has no user history.
5cddf64f-2952-57c4-81a2-d570991f396a,54283,195920,The Sun,The Sun,sport,18,18,943,943,same_area,North America > United States > California > Sierra Eastside > Mammoth Lakes Area > Looking wall,North America > United States > California > Sierra Eastside > Mammoth Lakes Area > Looking wall,United States > California > Sierra Eastside > Mammoth Lakes Area > Looking Wall,,Unique original with same normalized name/start and type in the same final area. Grade difference 0; the imported ID has no user history.
5d0a40f3-edb1-5135-b847-0e7fb2d334be,91911,196039,the peanut,The Peanut,boulder,9,9,1296,4014,old_descendant,North America > United States > Arizona > Northern Arizona > Flagstaff > Glorias,North America > United States > Arizona > Northern Arizona > Flagstaff,United States > Arizona > Northern Arizona > *Northern AZ Bouldering* > *Flagstaff Bouldering*,,Unique original already at a more specific descendant than the source route. Grade difference 0; the imported ID has no user history.
5d0cacdd-f59e-516b-ae04-598b2f110ec0,99626,196045,Ballet of the Bulge,Ballet of the Bulge,sport,15,15,7406,7406,same_area,North America > United States > Colorado > Fort Collins > Poudre Canyon > Crystal Wall,North America > United States > Colorado > Fort Collins > Poudre Canyon > Crystal Wall,United States > Colorado > Fort Collins > Poudre Canyon > Crystal Wall,,Unique original with same normalized name/start and type in the same final area. Grade difference 0; the imported ID has no user history.
626895ac-0dea-5594-9d30-923391445322,86904,199166,Baby Power,Baby Power,boulder,9,9,24366,24377,new_descendant,North America > United States > Texas > Nolan River,North America > United States > Texas > Nolan River > Rattlesnake Wall,United States > Texas > Nolan River > Rattlesnake Wall,,Unique original at an ancestor; source identifies a more specific descendant. Move original there. Grade difference 0; the imported ID has no user history.
65e41579-9911-5cfa-bca4-924e03da0335,67625,201180,i accuse my parents,I Accuse My Parents,sport,10,10,1193,1193,same_area,North America > United States > California > Central Coast > Conejo Mountain > Mystery Science Theater,North America > United States > California > Central Coast > Conejo Mountain > Mystery Science Theater,United States > California > Central Coast > Conejo Mountain > Mystery Science Theater,,Unique original with same normalized name/start and type in the same final area. Grade difference 0; the imported ID has no user history.
681e8a6e-3dc5-5694-b77f-0ec4a3cd242e,83224,202538,Closing Time Direct Exit,Closing Time Direct Exit,boulder,8,8,1194,25068,old_descendant,North America > United States > Utah > Southwest Utah > Cedar City > Cedar Canyon > Cedar Slide,North America > United States > Utah > Southwest Utah > Cedar City > Cedar Canyon,United States > Utah > Southwest Utah > Cedar City > Cedar Canyon,,Unique original already at a more specific descendant than the source route. Grade difference 0; the imported ID has no user history.
68d2c671-9851-518d-9b88-05cd3743f6e1,49884,202938,Dope Lounge,Dope Lounge,boulder,6,6,808,4014,old_descendant,North America > United States > Arizona > Northern Arizona > Flagstaff > Kelly Canyon,North America > United States > Arizona > Northern Arizona > Flagstaff,United States > Arizona > Northern Arizona > *Northern AZ Bouldering* > *Flagstaff Bouldering*,,Unique original already at a more specific descendant than the source route. Grade difference 0; the imported ID has no user history.
6f99326d-3eab-596d-a671-5d51169817ed,36709,206923,snapping station,Snapping Station,sport,18,18,4474,16212,new_descendant,North America > United States > Colorado > South Platte > Devil's Head,North America > United States > Colorado > South Platte > Devil's Head > Wipeyur Buttress,United States > Colorado > South Platte > Devil's Head > Wipeyur Buttress,,Unique original at an ancestor; source identifies a more specific descendant. Move original there. Grade difference 0; the imported ID has no user history.
6fa59359-151d-56a2-bc03-bfe1ae428bba,96358,206960,the poacher,The Poacher,sport,17,16,4474,16182,new_descendant,North America > United States > Colorado > South Platte > Devil's Head,North America > United States > Colorado > South Platte > Devil's Head > Hole in the Wall,United States > Colorado > South Platte > Devil's Head > Hole in the Wall,,Unique original at an ancestor; source identifies a more specific descendant. Move original there. Grade difference 1; the imported ID has no user history.
7501d41d-c4fb-58f0-af55-0036b1fc03b7,91142,210121,Heart Cave,Heart Cave,boulder,6,6,1296,4014,old_descendant,North America > United States > Arizona > Northern Arizona > Flagstaff > Glorias,North America > United States > Arizona > Northern Arizona > Flagstaff,United States > Arizona > Northern Arizona > *Northern AZ Bouldering* > *Flagstaff Bouldering*,,Unique original already at a more specific descendant than the source route. Grade difference 0; the imported ID has no user history.
7db837cf-3523-55d8-82b7-30e0d6b6abc0,100179,215050,Roadside Distraction,Roadside Distraction,sport,15,16,983,983,same_area,North America > United States > California > Central Coast > Hwy 33/Ojai > Wheeler Gorge,North America > United States > California > Central Coast > Hwy 33/Ojai > Wheeler Gorge,United States > California > Central Coast > Hwy 33/Ojai > Wheeler Gorge,,Unique original with same normalized name/start and type in the same final area. Grade difference 1; the imported ID has no user history.
82573372-c0c8-57b0-a96d-0eb40359d21f,29606,217740,When The Sea Doesn't Want You,When The Sea Doesn't Want You,sport,18,18,256,256,same_area,North America > United States > California > Central Coast > Hwy 166/Silly Rock > Owl Tor,North America > United States > California > Central Coast > Hwy 166/Silly Rock > Owl Tor,United States > California > Central Coast > Hwy 166/Silly Rock > Owl Tor,,Unique original with same normalized name/start and type in the same final area. Grade difference 0; the imported ID has no user history.
8264a438-de06-5540-8a52-570d56512807,74694,217774,Jason and the Argonauts,Jason and the Argonauts,sport,20,19,4126,4126,same_area,North America > United States > California > San Francisco Bay Area > Wine Country > Mount St. Helena,North America > United States > California > San Francisco Bay Area > Wine Country > Mount St. Helena,United States > California > San Francisco Bay Area > Wine Country > Mount St. Helena,,Unique original with same normalized name/start and type in the same final area. Grade difference 1; the imported ID has no user history.
82c044dd-a68f-5b7d-9170-d3f01eba1de6,94292,217980,dragonslayer,Dragonslayer,sport,18,17,4474,16182,new_descendant,North America > United States > Colorado > South Platte > Devil's Head,North America > United States > Colorado > South Platte > Devil's Head > Hole in the Wall,United States > Colorado > South Platte > Devil's Head > Hole in the Wall,,Unique original at an ancestor; source identifies a more specific descendant. Move original there. Grade difference 1; the imported ID has no user history.
847c0234-f6d2-555b-bc4f-7b928fe01329,85712,219026,Take Me To The River,Take Me to the River,sport,12,12,26620,26639,new_descendant,North America > United States > Wyoming > Fremont Canyon,North America > United States > Wyoming > Fremont Canyon > Twin Towers Wall (aka Low Voltage Wall),United States > Wyoming > Fremont Canyon > Twin Towers Wall (aka Low Voltage Wall),,Unique original at an ancestor; source identifies a more specific descendant. Move original there. Grade difference 0; the imported ID has no user history.
858270d4-bb8f-59b2-8191-676ea1af578f,103891,219642,Jennifer's World,Jennifer's World,sport,15,16,546,546,same_area,North America > United States > Colorado > Glenwood Springs > Main Elk Creek > Pup Tent of Solitude,North America > United States > Colorado > Glenwood Springs > Main Elk Creek > Pup Tent of Solitude,United States > Colorado > Glenwood Springs > Main Elk Creek > Pup Tent of Solitude,,Unique original with same normalized name/start and type in the same final area. Grade difference 1; the imported ID has no user history.
86ea4513-f656-4f7a-8395-d9f4d09d7c5e,31883,220456,Kali Rolls a Fat Brown One,Kali Rolls a Fat Brown One,sport,19,18,6255,6255,same_area,North America > Canada > British Columbia > West Kootenay > Nelson > Hall Siding,North America > Canada > British Columbia > West Kootenay > Nelson > Hall Siding,Canada > British Columbia > Kootenays West > Nelson > Hall Siding,,Unique original with same normalized name/start and type in the same final area. Grade difference 1; the imported ID has no user history.
888dc27e-46c6-537a-9ed5-4508d5718067,86248,221476,Sailing,Sailing,sport,17,17,1566,25068,old_descendant,North America > United States > Utah > Southwest Utah > Cedar City > Cedar Canyon > The Cetacean Wall,North America > United States > Utah > Southwest Utah > Cedar City > Cedar Canyon,United States > Utah > Southwest Utah > Cedar City > Cedar Canyon,,Unique original already at a more specific descendant than the source route. Grade difference 0; the imported ID has no user history.
89ed1f71-9244-5249-9064-37e23f99662b,53514,222255,Big Electric Cat,Big Electric Cat,sport,18,18,4131,4131,same_area,North America > United States > California > Devils Punchbowl,North America > United States > California > Devils Punchbowl,United States > California > High Desert > Antelope Valley Area > Devil's Punchbowl,,Unique original with same normalized name/start and type in the same final area. Grade difference 0; the imported ID has no user history.
8a989699-59b9-5971-aba6-931444d0c591,64468,222661,Second Cup,Second Cup,sport,15,14,1139,1139,same_area,North America > United States > Alabama > Griffin Falls,North America > United States > Alabama > Griffin Falls,United States > Alabama > Griffin Falls,,Unique original with same normalized name/start and type in the same final area. Grade difference 1; the imported ID has no user history.
8b99f30b-2c53-58d1-8a33-fd5ac7dd305c,49387,223278,Donkey Punch,Donkey Punch,boulder,7,7,808,4014,old_descendant,North America > United States > Arizona > Northern Arizona > Flagstaff > Kelly Canyon,North America > United States > Arizona > Northern Arizona > Flagstaff,United States > Arizona > Northern Arizona > *Northern AZ Bouldering* > *Flagstaff Bouldering*,,Unique original already at a more specific descendant than the source route. Grade difference 0; the imported ID has no user history.
8ca10c72-e735-5f5b-b7ea-b6e1d48b7497,68122,223874,Karmic Relief,Karmic Relief,sport,10,10,4119,4119,same_area,North America > United States > California > San Diego County > South San Diego County > Mission Gorge,North America > United States > California > San Diego County > South San Diego County > Mission Gorge,United States > California > San Diego County > South San Diego County > Mission Gorge,,Unique original with same normalized name/start and type in the same final area. Grade difference 0; the imported ID has no user history.
8f607b96-ed80-58e0-ab1c-4d7041f5e7da,106473,225466,Howl of the Damned,Howl of the Damned,sport,26,26,4581,11955,new_descendant,North America > United States > Alaska > Anchorage & South Central Alaska > Seward Highway,North America > United States > Alaska > Anchorage & South Central Alaska > Seward Highway > Shriek of the Mutilated,United States > Alaska > Anchorage & South Central Alaska > Seward Highway > Shriek of the Mutilated,,Unique original at an ancestor; source identifies a more specific descendant. Move original there. Grade difference 0; the imported ID has no user history.
8fe6b94b-80e4-5f61-94ae-829bbfe3087a,29163,225786,Hell Of The Upside Down Sinners,Hell of the Upside Down Sinners,sport,19,19,256,256,same_area,North America > United States > California > Central Coast > Hwy 166/Silly Rock > Owl Tor,North America > United States > California > Central Coast > Hwy 166/Silly Rock > Owl Tor,United States > California > Central Coast > Hwy 166/Silly Rock > Owl Tor,,Unique original with same normalized name/start and type in the same final area. Grade difference 0; the imported ID has no user history.
9004134f-0c80-5758-880e-94e54c9ffec3,70387,225845,racket girls,Racket Girls,sport,9,9,1193,1193,same_area,North America > United States > California > Central Coast > Conejo Mountain > Mystery Science Theater,North America > United States > California > Central Coast > Conejo Mountain > Mystery Science Theater,United States > California > Central Coast > Conejo Mountain > Mystery Science Theater,,Unique original with same normalized name/start and type in the same final area. Grade difference 0; the imported ID has no user history.
906a4778-ed3f-56a8-aeee-bf31438be51b,95243,226058,It is it,It Is It,sport,19,18,983,983,same_area,North America > United States > California > Central Coast > Hwy 33/Ojai > Wheeler Gorge,North America > United States > California > Central Coast > Hwy 33/Ojai > Wheeler Gorge,United States > California > Central Coast > Hwy 33/Ojai > Wheeler Gorge,,Unique original with same normalized name/start and type in the same final area. Grade difference 1; the imported ID has no user history.
9070044b-07e8-5fbe-86db-caa29c32d56c,82280,226071,Girly Man,Girly Man,sport,9,9,4928,13384,old_descendant,North America > United States > California > Redwood Coast > Trinity Arêtes > Shooting Gallery > Boardwalk,North America > United States > California > Redwood Coast > Trinity Arêtes > Shooting Gallery,United States > California > Redwood Coast > Trinity Arêtes > Shooting Gallery,,Unique original already at a more specific descendant than the source route. Grade difference 0; the imported ID has no user history.
908b5603-2ba9-537f-bfa2-8500ad560abf,65893,226126,Firewater,Firewater,sport,10,10,943,943,same_area,North America > United States > California > Sierra Eastside > Mammoth Lakes Area > Looking wall,North America > United States > California > Sierra Eastside > Mammoth Lakes Area > Looking wall,United States > California > Sierra Eastside > Mammoth Lakes Area > Looking Wall,,Unique original with same normalized name/start and type in the same final area. Grade difference 0; the imported ID has no user history.
90ea22c1-d2c3-508a-b0b1-fb90b90098a7,128937,226346,Hot Buttered Soul,Hot Buttered Soul,sport,15,15,26620,26631,new_descendant,North America > United States > Wyoming > Fremont Canyon,"North America > United States > Wyoming > Fremont Canyon > Love Shack, The","United States > Wyoming > Fremont Canyon > Love Shack, The",,Unique original at an ancestor; source identifies a more specific descendant. Move original there. Grade difference 0; the imported ID has no user history.
954bb2dc-de76-58c7-ab10-ebd8347e1510,91382,228928,Saturday Night Fever,Saturday Night Fever,sport,15,15,1677,25068,old_descendant,North America > United States > Utah > Southwest Utah > Cedar City > Cedar Canyon > The 10 mile wall,North America > United States > Utah > Southwest Utah > Cedar City > Cedar Canyon,United States > Utah > Southwest Utah > Cedar City > Cedar Canyon,,Unique original already at a more specific descendant than the source route. Grade difference 0; the imported ID has no user history.
96270014-4a97-5286-9745-53cee0b36ce5,127979,229402,Dead Center,Dead Center,sport,18,18,26620,26639,new_descendant,North America > United States > Wyoming > Fremont Canyon,North America > United States > Wyoming > Fremont Canyon > Twin Towers Wall (aka Low Voltage Wall),United States > Wyoming > Fremont Canyon > Twin Towers Wall (aka Low Voltage Wall),,Unique original at an ancestor; source identifies a more specific descendant. Move original there. Grade difference 0; the imported ID has no user history.
980f0203-30c0-524e-b6ed-7c28bfd78292,1379,230569,Easy Overlooker,Easy Overlooker,boulder,5,5,207,7619,old_descendant,North America > United States > West Virginia > New River Gorge > New River Gorge Proper > Endless Wall > Fern Point,North America > United States > West Virginia > New River Gorge > New River Gorge Proper > Endless Wall,"United States > West Virginia > New River Gorge, The > New River Gorge Proper > Endless Wall",,Unique original already at a more specific descendant than the source route. Grade difference 0; the imported ID has no user history.
9893d48b-5946-522f-8c48-9600dc1e962a,40923,230864,Subprime,Subprime,sport,13,14,546,546,same_area,North America > United States > Colorado > Glenwood Springs > Main Elk Creek > Pup Tent of Solitude,North America > United States > Colorado > Glenwood Springs > Main Elk Creek > Pup Tent of Solitude,United States > Colorado > Glenwood Springs > Main Elk Creek > Pup Tent of Solitude,,Unique original with same normalized name/start and type in the same final area. Grade difference 1; the imported ID has no user history.
9b806413-cd48-512b-8ee8-73252c600fc8,74930,232529,Kill Uncle,Kill Uncle,sport,19,19,4126,4126,same_area,North America > United States > California > San Francisco Bay Area > Wine Country > Mount St. Helena,North America > United States > California > San Francisco Bay Area > Wine Country > Mount St. Helena,United States > California > San Francisco Bay Area > Wine Country > Mount St. Helena,,Unique original with same normalized name/start and type in the same final area. Grade difference 0; the imported ID has no user history.
9c391e63-c271-5e89-b803-ff6d96989185,96035,232937,Shapeshifter,Shapeshifter,sport,19,19,546,546,same_area,North America > United States > Colorado > Glenwood Springs > Main Elk Creek > Pup Tent of Solitude,North America > United States > Colorado > Glenwood Springs > Main Elk Creek > Pup Tent of Solitude,United States > Colorado > Glenwood Springs > Main Elk Creek > Pup Tent of Solitude,,Unique original with same normalized name/start and type in the same final area. Grade difference 0; the imported ID has no user history.
9cb49dc1-9904-58f3-81ec-fdd7224ad222,98571,233212,Peckerman Direct,Peckerman Direct,sport,24,25,4528,4528,same_area,North America > United States > Washington > Northeast Corner & Spokane > Spokane > Minnehaha,North America > United States > Washington > Northeast Corner & Spokane > Spokane > Minnehaha,United States > Washington > Northeast Corner & Spokane > Spokane Area > Minnehaha,,Unique original with same normalized name/start and type in the same final area. Grade difference 1; the imported ID has no user history.
9f357462-5e2c-5492-8f5c-0224f7681c7b,100042,234758,brothers of the egg,Brothers of the Egg,sport,14,15,4474,16158,new_descendant,North America > United States > Colorado > South Platte > Devil's Head,North America > United States > Colorado > South Platte > Devil's Head > Cam and Eggs Wall,United States > Colorado > South Platte > Devil's Head > Cam and Eggs Wall,,Unique original at an ancestor; source identifies a more specific descendant. Move original there. Grade difference 1; the imported ID has no user history.
9f5acee9-1d06-53c5-997e-4465ba080427,58881,234844,Mighty Earth,Mighty Earth,sport,14,14,943,943,same_area,North America > United States > California > Sierra Eastside > Mammoth Lakes Area > Looking wall,North America > United States > California > Sierra Eastside > Mammoth Lakes Area > Looking wall,United States > California > Sierra Eastside > Mammoth Lakes Area > Looking Wall,,Unique original with same normalized name/start and type in the same final area. Grade difference 0; the imported ID has no user history.
a3be09cf-f05d-51f9-93df-dd699b885801,126802,237441,Violent Love,Violent Love,sport,24,24,4581,11961,new_descendant,North America > United States > Alaska > Anchorage & South Central Alaska > Seward Highway,North America > United States > Alaska > Anchorage & South Central Alaska > Seward Highway > Twinkle Toes Area,United States > Alaska > Anchorage & South Central Alaska > Seward Highway > Twinkle Toes Area,,Unique original at an ancestor; source identifies a more specific descendant. Move original there. Grade difference 0; the imported ID has no user history.
a6d4f313-d730-51f6-b765-4363040299ff,59885,239329,Urban Sprawl,Urban Sprawl,sport,10,10,4282,4282,same_area,North America > United States > Utah > Wasatch Range > Central Wasatch > Big Cottonwood,North America > United States > Utah > Wasatch Range > Central Wasatch > Big Cottonwood,United States > Utah > Wasatch Range > Central Wasatch > Big Cottonwood Canyon,,Unique original with same normalized name/start and type in the same final area. Grade difference 0; the imported ID has no user history.
a6dea7fb-6719-5590-9312-cdbe50546539,92996,239347,La Bella Donna,La Bella Donna,sport,21,21,4054,4054,same_area,North America > United States > California > Inland Empire > Riverside Area > Riverside Quarry,North America > United States > California > Inland Empire > Riverside Area > Riverside Quarry,United States > California > Inland Empire > Riverside Area > Riverside Quarry,,Unique original with same normalized name/start and type in the same final area. Grade difference 0; the imported ID has no user history.
a71e282d-ae5e-58b1-ace8-77d32998c95f,70095,239495,Pitch Fork,Pitch Fork,sport,18,18,20748,20756,new_descendant,North America > United States > New Mexico > Jemez Mountains and Jemez Valley > Upper East Fork (UEF),North America > United States > New Mexico > Jemez Mountains and Jemez Valley > Upper East Fork (UEF) > Spaghetti Western Wall,United States > New Mexico > Jemez Mountains and Jemez Valley > Upper East Fork (UEF) > Spaghetti Western Wall,,Unique original at an ancestor; source identifies a more specific descendant. Move original there. Grade difference 0; the imported ID has no user history.
a8054b1e-c1ff-53b1-9404-559e1dd7b913,71662,239990,cobble climb,Cobble Climb,sport,8,8,983,983,same_area,North America > United States > California > Central Coast > Hwy 33/Ojai > Wheeler Gorge,North America > United States > California > Central Coast > Hwy 33/Ojai > Wheeler Gorge,United States > California > Central Coast > Hwy 33/Ojai > Wheeler Gorge,,Unique original with same normalized name/start and type in the same final area. Grade difference 0; the imported ID has no user history.
a9d3d3e9-88a6-54ea-bca0-df7ba7488cea,79022,241042,Remember to Brush,Remember To Brush,boulder,3,2,1194,25068,old_descendant,North America > United States > Utah > Southwest Utah > Cedar City > Cedar Canyon > Cedar Slide,North America > United States > Utah > Southwest Utah > Cedar City > Cedar Canyon,United States > Utah > Southwest Utah > Cedar City > Cedar Canyon,,Unique original already at a more specific descendant than the source route. Grade difference 1; the imported ID has no user history.
a9f2a993-b72b-5226-9eee-b8c1b9020002,80640,241126,Closing Time,Closing time,boulder,10,9,1194,25068,old_descendant,North America > United States > Utah > Southwest Utah > Cedar City > Cedar Canyon > Cedar Slide,North America > United States > Utah > Southwest Utah > Cedar City > Cedar Canyon,United States > Utah > Southwest Utah > Cedar City > Cedar Canyon,,Unique original already at a more specific descendant than the source route. Grade difference 1; the imported ID has no user history.
aa74d97f-bd18-57c0-ae9d-2a64e24a355f,135351,241434,Hot Carl,Hot Carl,boulder,5,5,808,4014,old_descendant,North America > United States > Arizona > Northern Arizona > Flagstaff > Kelly Canyon,North America > United States > Arizona > Northern Arizona > Flagstaff,United States > Arizona > Northern Arizona > *Northern AZ Bouldering* > *Flagstaff Bouldering*,,Unique original already at a more specific descendant than the source route. Grade difference 0; the imported ID has no user history.
aaf31ffa-7461-513a-9fd9-eb772e6b2104,31448,241737,Bust a Move,Bust a Move,boulder,5,5,1194,25068,old_descendant,North America > United States > Utah > Southwest Utah > Cedar City > Cedar Canyon > Cedar Slide,North America > United States > Utah > Southwest Utah > Cedar City > Cedar Canyon,United States > Utah > Southwest Utah > Cedar City > Cedar Canyon,,Unique original already at a more specific descendant than the source route. Grade difference 0; the imported ID has no user history.
acc1b9e2-b371-5876-8b1e-f8be6b4798a9,63961,242813,Open for Business,Open For Business,boulder,9,8,1194,25068,old_descendant,North America > United States > Utah > Southwest Utah > Cedar City > Cedar Canyon > Cedar Slide,North America > United States > Utah > Southwest Utah > Cedar City > Cedar Canyon,United States > Utah > Southwest Utah > Cedar City > Cedar Canyon,,Unique original already at a more specific descendant than the source route. Grade difference 1; the imported ID has no user history.
aeb24349-98ad-5f3f-858e-fd518d88c462,83601,243953,Whiplash,Whiplash,sport,19,19,4929,13384,old_descendant,North America > United States > California > Redwood Coast > Trinity Arêtes > Shooting Gallery > Lower Shooting Gallery,North America > United States > California > Redwood Coast > Trinity Arêtes > Shooting Gallery,United States > California > Redwood Coast > Trinity Arêtes > Shooting Gallery,,Unique original already at a more specific descendant than the source route. Grade difference 0; the imported ID has no user history.
b2acbd1e-5e0b-5d44-b65a-e38f9837636c,74503,246227,Somalian Hunger,Somalian Hunger,sport,10,10,1318,1318,same_area,North America > United States > Georgia > Lost Wall,North America > United States > Georgia > Lost Wall,United States > Georgia > Lost Wall,,Unique original with same normalized name/start and type in the same final area. Grade difference 0; the imported ID has no user history.
b47f75bf-ca19-55a1-88b4-e95c16e9ff36,73963,247205,quickie,Quickie,sport,8,8,13105,13105,same_area,North America > United States > California > Los Angeles Basin > Angeles National Forest > Williamson Rock,North America > United States > California > Los Angeles Basin > Angeles National Forest > Williamson Rock,United States > California > Los Angeles Basin > Angeles National Forest > Williamson Rock,,Unique original with same normalized name/start and type in the same final area. Grade difference 0; the imported ID has no user history.
b8c0e24a-3c1e-505a-944a-f752499dbee3,88902,249678,The Pummeling,The Pummeling,sport,23,23,4473,4473,same_area,North America > United States > Colorado > Glenwood Springs > Main Elk Creek > Fortress of Solitude,North America > United States > Colorado > Glenwood Springs > Main Elk Creek > Fortress of Solitude,United States > Colorado > Glenwood Springs > Main Elk Creek > Fortress of Solitude,,Unique original with same normalized name/start and type in the same final area. Grade difference 0; the imported ID has no user history.
b997b09e-9f10-5788-a114-2dc50e8ed135,65167,250182,Bigger is Better,Bigger is Better,boulder,7,7,4264,4264,same_area,North America > United States > Utah > West Desert > Ibex,North America > United States > Utah > West Desert > Ibex,United States > Utah > West Desert > Ibex > Bouldering,,Unique original with same normalized name/start and type in the same final area. Grade difference 0; the imported ID has no user history.
ba1b626d-51a6-5c7a-a870-bc111fc1b22f,96247,250520,Androids,Androids,sport,12,12,1756,1756,same_area,North America > United States > Utah > Southeast Utah > Potash Road > Mars,North America > United States > Utah > Southeast Utah > Potash Road > Mars,United States > Utah > Southeast Utah > Potash Road > Mars,,Unique original with same normalized name/start and type in the same final area. Grade difference 0; the imported ID has no user history.
bb84e478-4308-5ef2-89c1-cfaf9e865a23,94155,251333,Territorial Pissings,Territorial Pissings,sport,18,18,1726,1726,same_area,North America > United States > Iowa > Pictured Rocks > Wild Iowa Wall,North America > United States > Iowa > Pictured Rocks > Wild Iowa Wall,United States > Iowa > Pictured Rocks > Wild Iowa Wall,,Unique original with same normalized name/start and type in the same final area. Grade difference 0; the imported ID has no user history.
bc3988f2-3af1-5383-9793-9616a7864f10,86253,251749,green mile direct,Green Mile Direct,boulder,10,9,808,4014,old_descendant,North America > United States > Arizona > Northern Arizona > Flagstaff > Kelly Canyon,North America > United States > Arizona > Northern Arizona > Flagstaff,United States > Arizona > Northern Arizona > *Northern AZ Bouldering* > *Flagstaff Bouldering*,,Unique original already at a more specific descendant than the source route. Grade difference 1; the imported ID has no user history.
bc6293b0-b52e-5916-997f-cab65447e2da,61192,251854,Power Windows,Power Windows,sport,17,16,1139,1139,same_area,North America > United States > Alabama > Griffin Falls,North America > United States > Alabama > Griffin Falls,United States > Alabama > Griffin Falls,,Unique original with same normalized name/start and type in the same final area. Grade difference 1; the imported ID has no user history.
bcac09d3-c2f1-5011-9615-73dbfff415d9,70703,252032,little haus,Little Haus,sport,12,12,954,954,same_area,North America > United States > Colorado > Keystone a.k.a. Montezuma > Haus Rock,North America > United States > Colorado > Keystone a.k.a. Montezuma > Haus Rock,United States > Colorado > Keystone a.k.a. Montezuma > Haus Rock,,Unique original with same normalized name/start and type in the same final area. Grade difference 0; the imported ID has no user history.
bf28748f-55d5-563f-b07c-b2d7ac8a84bd,70662,253459,Flapjack,Flapjack,sport,12,11,1139,1139,same_area,North America > United States > Alabama > Griffin Falls,North America > United States > Alabama > Griffin Falls,United States > Alabama > Griffin Falls,,Unique original with same normalized name/start and type in the same final area. Grade difference 1; the imported ID has no user history.
c11642c4-e8ec-5a16-9769-d1d40831b2dc,101233,254637,Cameo,Cameo,sport,10,9,1756,1756,same_area,North America > United States > Utah > Southeast Utah > Potash Road > Mars,North America > United States > Utah > Southeast Utah > Potash Road > Mars,United States > Utah > Southeast Utah > Potash Road > Mars,,Unique original with same normalized name/start and type in the same final area. Grade difference 1; the imported ID has no user history.
c3940bfe-bd38-598e-a32f-db46d39b5594,80901,256170,The Assassin,The Assassin,boulder,10,9,1194,25068,old_descendant,North America > United States > Utah > Southwest Utah > Cedar City > Cedar Canyon > Cedar Slide,North America > United States > Utah > Southwest Utah > Cedar City > Cedar Canyon,United States > Utah > Southwest Utah > Cedar City > Cedar Canyon,,Unique original already at a more specific descendant than the source route. Grade difference 1; the imported ID has no user history.
c660569c-8d94-59c8-ad36-ff7271cc5246,46904,257835,Pegasus,Pegasus,sport,18,18,20748,20754,new_descendant,North America > United States > New Mexico > Jemez Mountains and Jemez Valley > Upper East Fork (UEF),North America > United States > New Mexico > Jemez Mountains and Jemez Valley > Upper East Fork (UEF) > Monster Wall,United States > New Mexico > Jemez Mountains and Jemez Valley > Upper East Fork (UEF) > Monster Wall,,Unique original at an ancestor; source identifies a more specific descendant. Move original there. Grade difference 0; the imported ID has no user history.
c889a567-4df5-5aa6-9edb-a266597860ee,86497,259130,Way Cows,Way Cows,boulder,4,3,4264,4264,same_area,North America > United States > Utah > West Desert > Ibex,North America > United States > Utah > West Desert > Ibex,United States > Utah > West Desert > Ibex > Bouldering,,Unique original with same normalized name/start and type in the same final area. Grade difference 1; the imported ID has no user history.
cbf9537f-628a-5ba9-baec-33ea286b5283,44814,261211,Who's Your Daddy?,Who's Your Daddy,sport,21,20,287,287,same_area,North America > United States > Vermont > Northern Vermont > Bolton > Carcass Crag,North America > United States > Vermont > Northern Vermont > Bolton > Carcass Crag,United States > Vermont > 1. Northern Vermont > Bolton Area > Carcass Crag,,Unique original with same normalized name/start and type in the same final area. Grade difference 1; the imported ID has no user history.
cd39eca2-1e19-54cb-bffb-8dbd0598bd9a,43609,261968,Lono,Lono,boulder,1,2,4454,15921,new_descendant,North America > United States > Colorado > Morrison/Evergreen/Littleton > Matthews Winters Park,North America > United States > Colorado > Morrison/Evergreen/Littleton > Matthews Winters Park > Millennium Boulder,"United States > Colorado > Morrison/Evergreen/Littleton > Matthews-Winters Park > Millenium Boulder, The",,Unique original at an ancestor; source identifies a more specific descendant. Move original there. Grade difference 1; the imported ID has no user history.
cf6d87ba-d881-55fb-8f3c-8f0d6d40472e,42898,263335,Fractured Fairytales,Fractured Fairytales,sport,8,7,16098,16262,new_descendant,North America > United States > Colorado > South Platte,North America > United States > Colorado > South Platte > Goose Creek/Molly Gulch Campground > Helen's Dome,United States > Colorado > South Platte > Goose Creek/Molly Gulch Campground > Helen's Dome,,Unique original at an ancestor; source identifies a more specific descendant. Move original there. Grade difference 1; the imported ID has no user history.
d00b0a81-513f-5776-b81e-07aafb705a98,103364,263704,Monster Slayer,Monster Slayer,sport,22,22,20748,20754,new_descendant,North America > United States > New Mexico > Jemez Mountains and Jemez Valley > Upper East Fork (UEF),North America > United States > New Mexico > Jemez Mountains and Jemez Valley > Upper East Fork (UEF) > Monster Wall,United States > New Mexico > Jemez Mountains and Jemez Valley > Upper East Fork (UEF) > Monster Wall,,Unique original at an ancestor; source identifies a more specific descendant. Move original there. Grade difference 0; the imported ID has no user history.
d644a09e-c959-5575-a731-6ffc786568f2,42177,267449,Inyerbuttkwa,Inyerbuttkwa,sport,12,12,7406,7406,same_area,North America > United States > Colorado > Fort Collins > Poudre Canyon > Crystal Wall,North America > United States > Colorado > Fort Collins > Poudre Canyon > Crystal Wall,United States > Colorado > Fort Collins > Poudre Canyon > Crystal Wall,,Unique original with same normalized name/start and type in the same final area. Grade difference 0; the imported ID has no user history.
d8408dcb-621b-5882-9157-30dde745e22f,88322,268655,Fluffhead,Fluffhead,sport,15,16,1566,25068,old_descendant,North America > United States > Utah > Southwest Utah > Cedar City > Cedar Canyon > The Cetacean Wall,North America > United States > Utah > Southwest Utah > Cedar City > Cedar Canyon,United States > Utah > Southwest Utah > Cedar City > Cedar Canyon,,Unique original already at a more specific descendant than the source route. Grade difference 1; the imported ID has no user history.
db6c36ea-b9ee-5162-ad41-1da7f8019850,136135,270587,Purple Prow,Purple Prow,boulder,8,9,638,13131,old_descendant,North America > United States > California > Los Angeles Basin > Santa Monica Mountains > Purple Stones,North America > United States > California > Los Angeles Basin > Santa Monica Mountains,United States > California > Los Angeles Basin > Santa Monica Mountains > *Santa Monica Mountains Bouldering,,Unique original already at a more specific descendant than the source route. Grade difference 1; the imported ID has no user history.
dfbce58d-7a50-5016-acf6-e4860f54e936,96487,273212,Tax free,Tax Free $,sport,12,12,1756,1756,same_area,North America > United States > Utah > Southeast Utah > Potash Road > Mars,North America > United States > Utah > Southeast Utah > Potash Road > Mars,United States > Utah > Southeast Utah > Potash Road > Mars,,Unique original with same normalized name/start and type in the same final area. Grade difference 0; the imported ID has no user history.
e05465d5-b68a-549f-a0e7-aa8203d258f9,66634,273592,Daydream Nation,Daydream Nation,sport,14,14,1139,1139,same_area,North America > United States > Alabama > Griffin Falls,North America > United States > Alabama > Griffin Falls,United States > Alabama > Griffin Falls,,Unique original with same normalized name/start and type in the same final area. Grade difference 0; the imported ID has no user history.
e0b85b55-464a-5595-919e-d8be9b17d255,53308,273818,Smokey on Fire,Smokey On Fire,boulder,9,9,4528,4528,same_area,North America > United States > Washington > Northeast Corner & Spokane > Spokane > Minnehaha,North America > United States > Washington > Northeast Corner & Spokane > Spokane > Minnehaha,United States > Washington > Northeast Corner & Spokane > Spokane Area > Minnehaha,,Unique original with same normalized name/start and type in the same final area. Grade difference 0; the imported ID has no user history.
e2c34d32-f379-51d6-a127-2589427a9d91,59381,275086,danger boy,Danger Boy,sport,14,14,983,983,same_area,North America > United States > California > Central Coast > Hwy 33/Ojai > Wheeler Gorge,North America > United States > California > Central Coast > Hwy 33/Ojai > Wheeler Gorge,United States > California > Central Coast > Hwy 33/Ojai > Wheeler Gorge,,Unique original with same normalized name/start and type in the same final area. Grade difference 0; the imported ID has no user history.
e419c36d-7b90-5edf-b0a6-8cfda815b40d,81689,275931,Chain Gang,Chain Gang,boulder,9,9,1194,25068,old_descendant,North America > United States > Utah > Southwest Utah > Cedar City > Cedar Canyon > Cedar Slide,North America > United States > Utah > Southwest Utah > Cedar City > Cedar Canyon,United States > Utah > Southwest Utah > Cedar City > Cedar Canyon,,Unique original already at a more specific descendant than the source route. Grade difference 0; the imported ID has no user history.
e724dab7-f7a4-5c68-8f96-06d916e9b9bb,61913,277725,Visions of Impalement,Visions Of Impalement,sport,17,17,13379,13386,new_descendant,North America > United States > California > Redwood Coast > Trinity Arêtes,North America > United States > California > Redwood Coast > Trinity Arêtes > Visions Wall,United States > California > Redwood Coast > Trinity Arêtes > Visions Wall,,Unique original at an ancestor; source identifies a more specific descendant. Move original there. Grade difference 0; the imported ID has no user history.
e7b58b71-777f-5153-9205-511272e929dd,101578,278055,green camalots and huevos,Green Camalots & Huevos,sport,12,12,4474,16158,new_descendant,North America > United States > Colorado > South Platte > Devil's Head,North America > United States > Colorado > South Platte > Devil's Head > Cam and Eggs Wall,United States > Colorado > South Platte > Devil's Head > Cam and Eggs Wall,,Unique original at an ancestor; source identifies a more specific descendant. Move original there. Grade difference 0; the imported ID has no user history.
e8c4353c-2a67-59ef-9470-61c6c489be06,94566,278663,Gary Coleman for Prez!,Gary Coleman for Prez,boulder,3,3,24366,24371,new_descendant,North America > United States > Texas > Nolan River,North America > United States > Texas > Nolan River > Different Strokes Wall,United States > Texas > Nolan River > Different Strokes Wall,,Unique original at an ancestor; source identifies a more specific descendant. Move original there. Grade difference 0; the imported ID has no user history.
e8f87d3b-843a-5a33-9c17-c50777019324,79333,278768,Psychological Disorder,Psychological Disorder,boulder,11,11,1194,25068,old_descendant,North America > United States > Utah > Southwest Utah > Cedar City > Cedar Canyon > Cedar Slide,North America > United States > Utah > Southwest Utah > Cedar City > Cedar Canyon,United States > Utah > Southwest Utah > Cedar City > Cedar Canyon,,Unique original already at a more specific descendant than the source route. Grade difference 0; the imported ID has no user history.
f069a068-468a-5f4d-966a-cd3950758377,58623,283114,the tribe,The Tribe,sport,14,13,943,943,same_area,North America > United States > California > Sierra Eastside > Mammoth Lakes Area > Looking wall,North America > United States > California > Sierra Eastside > Mammoth Lakes Area > Looking wall,United States > California > Sierra Eastside > Mammoth Lakes Area > Looking Wall,,Unique original with same normalized name/start and type in the same final area. Grade difference 1; the imported ID has no user history.
f224f6e3-7e3b-5f86-be8a-88d8f154bbdc,79328,284176,Dink,Dink,sport,14,14,954,954,same_area,North America > United States > Colorado > Keystone a.k.a. Montezuma > Haus Rock,North America > United States > Colorado > Keystone a.k.a. Montezuma > Haus Rock,United States > Colorado > Keystone a.k.a. Montezuma > Haus Rock,,Unique original with same normalized name/start and type in the same final area. Grade difference 0; the imported ID has no user history.
f70ac95b-8b5f-5e37-b0ed-fbe8daaf39ef,84206,287093,The Stinger,The Stinger,sport,15,16,26620,26631,new_descendant,North America > United States > Wyoming > Fremont Canyon,"North America > United States > Wyoming > Fremont Canyon > Love Shack, The","United States > Wyoming > Fremont Canyon > Love Shack, The",,Unique original at an ancestor; source identifies a more specific descendant. Move original there. Grade difference 1; the imported ID has no user history.
f726dc2f-eccf-5c3e-ba6b-bba2c5c8d4e9,97911,287159,the warden,The Warden,sport,15,15,4474,16182,new_descendant,North America > United States > Colorado > South Platte > Devil's Head,North America > United States > Colorado > South Platte > Devil's Head > Hole in the Wall,United States > Colorado > South Platte > Devil's Head > Hole in the Wall,,Unique original at an ancestor; source identifies a more specific descendant. Move original there. Grade difference 0; the imported ID has no user history.
f86a63c5-4d3f-5006-bd56-a131bd5ce330,70484,287914,an undercling thing,An Undercling Thing,boulder,5,5,1296,4014,old_descendant,North America > United States > Arizona > Northern Arizona > Flagstaff > Glorias,North America > United States > Arizona > Northern Arizona > Flagstaff,United States > Arizona > Northern Arizona > *Northern AZ Bouldering* > *Flagstaff Bouldering*,,Unique original already at a more specific descendant than the source route. Grade difference 0; the imported ID has no user history.
f974ca83-1ec6-57d9-8d7d-f5c148331138,23873,288565,Progress,Progress,sport,14,14,287,287,same_area,North America > United States > Vermont > Northern Vermont > Bolton > Carcass Crag,North America > United States > Vermont > Northern Vermont > Bolton > Carcass Crag,United States > Vermont > 1. Northern Vermont > Bolton Area > Carcass Crag,,Unique original with same normalized name/start and type in the same final area. Grade difference 0; the imported ID has no user history.
f97a548a-99a9-558e-8a20-77967dc29f56,32442,288579,Super Fly,Super Fly,boulder,12,13,24366,24376,new_descendant,North America > United States > Texas > Nolan River,North America > United States > Texas > Nolan River > Quality Crontrol cliff band,United States > Texas > Nolan River > Quality Crontrol cliff band,,Unique original at an ancestor; source identifies a more specific descendant. Move original there. Grade difference 1; the imported ID has no user history.
fa5b4677-4e94-5658-8c17-334ec28c7f14,44623,289079,Whirlpool Roof,Whirlpool Roof,boulder,8,8,638,13131,old_descendant,North America > United States > California > Los Angeles Basin > Santa Monica Mountains > Purple Stones,North America > United States > California > Los Angeles Basin > Santa Monica Mountains,United States > California > Los Angeles Basin > Santa Monica Mountains > *Santa Monica Mountains Bouldering,,Unique original already at a more specific descendant than the source route. Grade difference 0; the imported ID has no user history.
fd1dab3c-5bac-5567-9803-f04ed6fd56d5,94404,290639,Soul Ignition,Soul Ignition,sport,18,18,1726,1726,same_area,North America > United States > Iowa > Pictured Rocks > Wild Iowa Wall,North America > United States > Iowa > Pictured Rocks > Wild Iowa Wall,United States > Iowa > Pictured Rocks > Wild Iowa Wall,,Unique original with same normalized name/start and type in the same final area. Grade difference 0; the imported ID has no user history.
fdbff5ac-9435-54c8-b07b-2a8f5f695fb1,67903,291063,Grace Under Pressure,Grace Under Pressure,sport,13,12,1139,1139,same_area,North America > United States > Alabama > Griffin Falls,North America > United States > Alabama > Griffin Falls,United States > Alabama > Griffin Falls,,Unique original with same normalized name/start and type in the same final area. Grade difference 1; the imported ID has no user history.
fef86b9b-cd5b-5893-9213-7ad1e78bfe80,77470,291776,Being there,Being There,sport,8,7,13105,13105,same_area,North America > United States > California > Los Angeles Basin > Angeles National Forest > Williamson Rock,North America > United States > California > Los Angeles Basin > Angeles National Forest > Williamson Rock,United States > California > Los Angeles Basin > Angeles National Forest > Williamson Rock,,Unique original with same normalized name/start and type in the same final area. Grade difference 1; the imported ID has no user history.
1dbbd046-98b6-5cee-9b6f-f423476625a2,89545,158968,Hang Ten,Hang Ten,boulder,3,3,4389,22638,new_descendant,North America > United States > Pennsylvania > South Central PA > Gretna,North America > United States > Pennsylvania > South Central PA > Gretna > Governor Dick Park (aka Mount Gretna) > Hang Ten Boulder,United States > Pennsylvania > South Central PA > Governor Dick Park (aka Mount Gretna) > Hang Ten Boulder,https://www.thecrag.com/en/climbing/united-states/mt-gretna,Mount Gretna Hang Ten is the specific source boulder.
40d9c8b5-f61e-5a42-bf7d-f0488870e9b4,20124,179419,Body Snap Sit,Body Snap Sit,boulder,8,7,4389,22637,new_descendant,North America > United States > Pennsylvania > South Central PA > Gretna,North America > United States > Pennsylvania > South Central PA > Gretna > Governor Dick Park (aka Mount Gretna) > Colflesh Area,United States > Pennsylvania > South Central PA > Governor Dick Park (aka Mount Gretna) > Colflesh Area,https://www.8a.nu/crags/bouldering/united-states/gretna/routes,Body Snap Sit is at Colflesh; stand Body Snap stays a separate climb.
727ae79d-63d3-5eb4-a17e-2a4a8ac227d9,33608,208639,Clutch,Clutch,boulder,6,6,4389,22636,new_descendant,North America > United States > Pennsylvania > South Central PA > Gretna,North America > United States > Pennsylvania > South Central PA > Gretna > Governor Dick Park (aka Mount Gretna) > Clutch Area,United States > Pennsylvania > South Central PA > Governor Dick Park (aka Mount Gretna) > Clutch Area,https://sambabiker.com/wp-content/uploads/2021/02/GovDick.pdf,Clutch belongs in the named Clutch Area of Governor Dick Park.
3635677d-bbd2-50c9-9d92-db80ace8cfe8,92688,173265,Righthand Arete,Righthand Arete,boulder,2,2,20962,20963,new_descendant,North America > United States > New Mexico > Taos Area > Pilar Area,North America > United States > New Mexico > Taos Area > Pilar Area > C3PO (aka The Overlooked Boulder),United States > New Mexico > Taos Area > Pilar Area Bouldering > C3PO (aka The Overlooked Boulder),https://27crags.com/crags/pilar/topos/c3po-11201,"Righthand Arete is on C3PO Boulder, a physical child of Pilar Area."
a25417da-d402-5427-9a13-c76a5f8ec5b9,44532,236608,Cousin Chewie,Cousin Chewie,boulder,9,8,20962,20963,new_descendant,North America > United States > New Mexico > Taos Area > Pilar Area,North America > United States > New Mexico > Taos Area > Pilar Area > C3PO (aka The Overlooked Boulder),United States > New Mexico > Taos Area > Pilar Area Bouldering > C3PO (aka The Overlooked Boulder),https://27crags.com/crags/pilar/topos/c3po-11201,Cousin Chewie stand is on C3PO Boulder; separate C3PO sit start stays intact.
9d1da991-153d-577b-be64-f7273baa689a,124131,233461,Surf Report,Surf Report,boulder,4,5,20962,20965,new_descendant,North America > United States > New Mexico > Taos Area > Pilar Area,North America > United States > New Mexico > Taos Area > Pilar Area > Surf Report Boulder,United States > New Mexico > Taos Area > Pilar Area Bouldering > Surf Report Boulder,https://www.mountainproject.com/area/106803637/surf-report-boulder,Surf Report belongs on Surf Report Boulder; SDS remains separate.
bee13d01-1ea2-5027-8f96-802feb3e795e,118450,253289,Charlie Don't Surf,Charlie Don't Surf,boulder,5,5,20962,20965,new_descendant,North America > United States > New Mexico > Taos Area > Pilar Area,North America > United States > New Mexico > Taos Area > Pilar Area > Surf Report Boulder,United States > New Mexico > Taos Area > Pilar Area Bouldering > Surf Report Boulder,https://www.mountainproject.com/area/106803637/surf-report-boulder,Charlie Don’t Surf belongs on Surf Report Boulder.
98a2fbe5-c311-57cf-9c01-48f01636744b,103620,230898,Western Gold,Western Gold,boulder,12,12,970,23734,new_descendant,North America > United States > Tennessee > Laurel Snow,North America > United States > Tennessee > Laurel Snow > Dayton Pocket/Laurel Falls > Trail Split Area > Western Gold Boulder,United States > Tennessee > Dayton Pocket/Laurel Falls Bouldering > Trail Split Area > Western Gold Boulder,https://vimeo.com/115866276,Western Gold is at Dayton Pocket Trail Split’s Western Gold Boulder.
edd7415d-aa88-5095-bd5c-dfc3e390ec16,118897,281651,Foundation,Foundation,boulder,12,12,970,23731,new_descendant,North America > United States > Tennessee > Laurel Snow,North America > United States > Tennessee > Laurel Snow > Dayton Pocket/Laurel Falls > Trail Split Area > Foundation Area,United States > Tennessee > Dayton Pocket/Laurel Falls Bouldering > Trail Split Area > Foundation Area,https://jimmywebb.blogspot.com/2011/,Foundation is at Dayton Pocket Trail Split’s Foundation Area.
7931d612-58e5-5c47-bbdf-cc78a205a565,40385,212482,The highwayman,The Highwayman,sport,25,25,7403,15909,new_descendant,North America > United States > Colorado > Morrison/Evergreen/Littleton > Morrison > Deer Creek Canyon,North America > United States > Colorado > Morrison/Evergreen/Littleton > Morrison > Deer Creek Canyon > Deer Creek Crag,United States > Colorado > Morrison/Evergreen/Littleton > Deer Creek Crag,https://www.mountainproject.com/area/105746614/deer-creek-crag,The Highwayman belongs at Deer Creek Crag within Deer Creek Canyon.
c83f143d-2d93-498c-bad8-d25dd4128599,16303,258975,Camay,Camay,trad,7,6,11337,11342,new_descendant,North America > Canada > Québec > Cantons-de-l'est > Mont Pinacle,North America > Canada > Québec > Cantons-de-l'est > Mont Pinacle > Le grand dièdre,Canada > Quebec > Cantons-de-l'est > Mont Pinacle > Le grand dièdre,https://fqme.qc.ca/wp-content/uploads/2018/09/Pinacle-rocher-TOPO-1.pdf,Camay climbs Le grand dièdre at Mont Pinacle.
2c19de67-366b-5061-8dbf-78d31ba5ea0a,94929,167349,Flash,Flash,sport,15,15,1726,17759,reviewed_cross_branch,North America > United States > Iowa > Pictured Rocks > Wild Iowa Wall,North America > United States > Iowa > Pictured Rocks > Comic Gallery,United States > Iowa > Pictured Rocks > Comic Gallery,https://www.accessfund.org/latest-news/open-gate-blog/pictured-rocks-climbing-community-rallies,Flash is at Comic Gallery rather than Wild Iowa Wall; independent Access Fund placement.
06e2c0d0-da3b-523d-a5e2-7489679828b7,74421,145221,Barker's Beauties,Barker's Beauties,boulder,6,5,247,24536,new_descendant,North America > United States > Utah > Central Utah > Price Canyon,North America > United States > Utah > Central Utah > Price Canyon > Baby's Got Biceps Boulder,United States > Utah > Central Utah > Price Canyon > Baby's Got Biceps Boulder,,Reviewed by two semantic spot-check agents: same physical route; move the original to the verified specific source area. Grade difference 1; imported ID has no user activity. distinct starts remain separate.
080620fe-9b8b-50a4-8ff1-641c9d12cdc7,59893,145918,The Prow,The Prow,boulder,5,5,889,17028,new_descendant,North America > United States > Georgia > Shaking Rock,North America > United States > Georgia > Shaking Rock > Front Line,United States > Georgia > Shaking Rock > Front Line,,Reviewed by two semantic spot-check agents: same physical route; move the original to the verified specific source area. Grade difference 0; imported ID has no user activity. distinct starts remain separate.
0d0ee282-a1da-50ff-addb-f8152b1152fe,77236,148808,Arcarsenal,Arcarsenal,boulder,10,10,1397,19101,new_descendant,North America > United States > Minnesota > Swede's Forest,North America > United States > Minnesota > Swede's Forest > Dead Leaves Boulder,United States > Minnesota > Swede's Forest Boulders > Dead Leaves Boulder.,,Reviewed by two semantic spot-check agents: same physical route; move the original to the verified specific source area. Grade difference 0; imported ID has no user activity. distinct starts remain separate.
0f5aa7e3-366e-5d41-b0e1-c4e4fba605a8,38381,150137,Multi Colored Poptart,Multi Colored Poptart,sport,10,9,411,411,same_area,North America > United States > Arkansas > River Valley and Ouachitas Region > Mount Magazine State Park > Mt. Magazine Proper,North America > United States > Arkansas > River Valley and Ouachitas Region > Mount Magazine State Park > Mt. Magazine Proper,United States > Arkansas > River Valley and Ouachitas Region > Mount Magazine State Park > Mt. Magazine Proper,,Reviewed by two semantic spot-check agents: same physical route; both IDs already share the same area. Grade difference 1; imported ID has no user activity. distinct starts remain separate.
16931ff0-1c5b-5ee0-9ba1-92503708e54a,73213,154520,bent brain,Bent Brain,sport,8,8,1155,1155,same_area,North America > United States > California > Central Coast > Santa Barbara > Fire Crags,North America > United States > California > Central Coast > Santa Barbara > Fire Crags,United States > California > Central Coast > Santa Barbara > Fire Crags,,Reviewed by two semantic spot-check agents: same physical route; both IDs already share the same area. Grade difference 0; imported ID has no user activity. distinct starts remain separate.
17d6ed21-3bd7-59c4-bd11-cf1b47a65205,86556,155359,Animal Logic,Animal Logic,boulder,5,5,1516,25065,old_descendant,North America > United States > Utah > Southwest Utah > Brian Head > Bunker Creek > The Meadows,North America > United States > Utah > Southwest Utah > Brian Head > Bunker Creek,United States > Utah > Southwest Utah > Brian Head > Bunker Creek,,Reviewed by two semantic spot-check agents: same physical route; keep the original specific area. Grade difference 0; imported ID has no user activity. distinct starts remain separate.
1a2602b7-6922-5270-849b-95cbb1246ddd,42753,156732,Deeper than Bones,Deeper Than Bones,boulder,6,5,264,18475,new_descendant,North America > United States > Maryland > Rocky Gorge Reservoir,North America > United States > Maryland > Rocky Gorge Reservoir > Summer Boulder,United States > Maryland > Rocky Gorge Reservoir  (T. Howard Duckett Reservoir) > Summer Boulder,,Reviewed by two semantic spot-check agents: same physical route; move the original to the verified specific source area. Grade difference 1; imported ID has no user activity. distinct starts remain separate.
1a904139-1291-5cd9-82c9-47f7a942ef3e,83085,156984,Infestation,Infestation,boulder,4,4,247,24540,new_descendant,North America > United States > Utah > Central Utah > Price Canyon,North America > United States > Utah > Central Utah > Price Canyon > Infestation Boulder,United States > Utah > Central Utah > Price Canyon > Infestation Boulder,,Reviewed by two semantic spot-check agents: same physical route; move the original to the verified specific source area. Grade difference 0; imported ID has no user activity. distinct starts remain separate.
1ee48bc2-dce6-5c2d-81be-6cad2ac6f7fd,80321,159660,Swedish Meatballs,Swedish Meatballs,boulder,8,9,1397,19113,new_descendant,North America > United States > Minnesota > Swede's Forest,North America > United States > Minnesota > Swede's Forest > Skink Boulders > Monkey Wrench Boulder,United States > Minnesota > Swede's Forest Boulders > Skink Boulders > Monkey Wrench Boulder,,Reviewed by two semantic spot-check agents: same physical route; move the original to the verified specific source area. Grade difference 1; imported ID has no user activity. distinct starts remain separate.
1f43de7c-69d1-5c38-8540-8de9debe3deb,128543,159856,Seul Avec Dieu,Seul Avec Dieu,boulder,9,8,845,23435,new_descendant,"North America > United States > South Dakota > Needles Of Rushmore, The > Mount Rushmore National Memorial","North America > United States > South Dakota > Needles Of Rushmore, The > Mount Rushmore National Memorial > Mount Baldy","United States > South Dakota > Needles Of Rushmore, The > Mount Rushmore National Memorial > Mount Baldy",,Reviewed by two semantic spot-check agents: same physical route; move the original to the verified specific source area. Grade difference 1; imported ID has no user activity. distinct starts remain separate.
20a7f150-bc93-5b22-a32a-ca73bf5191d9,62196,160651,grib dat hole,Grib Dat Hole,sport,14,14,1155,1155,same_area,North America > United States > California > Central Coast > Santa Barbara > Fire Crags,North America > United States > California > Central Coast > Santa Barbara > Fire Crags,United States > California > Central Coast > Santa Barbara > Fire Crags,,Reviewed by two semantic spot-check agents: same physical route; both IDs already share the same area. Grade difference 0; imported ID has no user activity. distinct starts remain separate.
234de720-a3ab-503a-9319-80be6b4dfba8,98023,162217,Natural Stimulant,Natural Stimulant,sport,13,13,411,411,same_area,North America > United States > Arkansas > River Valley and Ouachitas Region > Mount Magazine State Park > Mt. Magazine Proper,North America > United States > Arkansas > River Valley and Ouachitas Region > Mount Magazine State Park > Mt. Magazine Proper,United States > Arkansas > River Valley and Ouachitas Region > Mount Magazine State Park > Mt. Magazine Proper,,Reviewed by two semantic spot-check agents: same physical route; both IDs already share the same area. Grade difference 0; imported ID has no user activity. distinct starts remain separate.
289cbb7f-f715-5e29-853d-03c07a31c80c,75946,165313,Maggie,Maggie,boulder,10,10,1384,19009,old_descendant,North America > United States > Minnesota > Duluth Area > Ely's Peak,North America > United States > Minnesota > Duluth Area,United States > Minnesota > Duluth Area (Rock and Ice) > Duluth Rock Climbs > Duluth Bouldering,https://www.outdooractive.com/mobile/en/climbingspot/sector/ely-s-peak-bouldering/225942686/,Reviewed by two semantic spot-check agents: same physical route; keep the original specific area. Grade difference 0; imported ID has no user activity. distinct starts remain separate. Duluth Rock Climbs activity heading folds into geographic Duluth Area; original Ely’s Peak is more specific.
28ddc103-e740-5aa6-8e26-2540f619d50a,90637,165484,viva la revolucion,Viva La Revolucion,boulder,9,9,1590,4008,old_descendant,North America > United States > Arizona > Northern Arizona > Sedona > Grasshopper Point > grasshopper wall,North America > United States > Arizona > Northern Arizona > Sedona,United States > Arizona > Northern Arizona > *Northern AZ Bouldering* > *Sedona Bouldering*,,Reviewed by two semantic spot-check agents: same physical route; keep the original specific area. Grade difference 0; imported ID has no user activity. distinct starts remain separate.
29107544-bfa4-5f03-ab29-c9bf181ecc40,98050,165590,White Lotus,White Lotus,sport,17,18,407,12654,reviewed_cross_branch,North America > United States > California > Central Coast > Hwy 166/Silly Rock > Mr. Lee's,North America > United States > California > Central Coast > Hwy 166/Silly Rock > Mr. Lees Greater Hong Kong,United States > California > Central Coast > Hwy 166/Silly Rock > Mr. Lees Greater Hong Kong,https://app.advcollective.com/climbing/mr-lees-at-silly-rock-varied-climbing-in-californias-central-coast,Reviewed by two semantic spot-check agents: same physical route; move the original to the verified specific source area. Grade difference 1; imported ID has no user activity. distinct starts remain separate.
2c29797a-dc94-556a-a644-60be1258cc25,99595,167387,Lycrophilia,Lycrophilia,sport,10,10,411,411,same_area,North America > United States > Arkansas > River Valley and Ouachitas Region > Mount Magazine State Park > Mt. Magazine Proper,North America > United States > Arkansas > River Valley and Ouachitas Region > Mount Magazine State Park > Mt. Magazine Proper,United States > Arkansas > River Valley and Ouachitas Region > Mount Magazine State Park > Mt. Magazine Proper,,Reviewed by two semantic spot-check agents: same physical route; both IDs already share the same area. Grade difference 0; imported ID has no user activity. distinct starts remain separate.
355086e2-1193-510e-ae70-14b813f2b645,57445,172705,Paper Boy,Paper Boy,boulder,7,8,338,338,same_area,North America > United States > California > Los Angeles Basin > Beaches > Corona del Mar,North America > United States > California > Los Angeles Basin > Beaches > Corona del Mar,United States > California > Los Angeles Basin > Beaches > Corona Del Mar,,Reviewed by two semantic spot-check agents: same physical route; both IDs already share the same area. Grade difference 1; imported ID has no user activity. distinct starts remain separate.
43abef6d-bc0d-5864-8793-0cb4ee277c3b,42993,181058,Bigfoot,Bigfoot,boulder,8,8,264,18475,new_descendant,North America > United States > Maryland > Rocky Gorge Reservoir,North America > United States > Maryland > Rocky Gorge Reservoir > Summer Boulder,United States > Maryland > Rocky Gorge Reservoir  (T. Howard Duckett Reservoir) > Summer Boulder,,Reviewed by two semantic spot-check agents: same physical route; move the original to the verified specific source area. Grade difference 0; imported ID has no user activity. distinct starts remain separate.
48621362-7bd0-5c47-ad28-1ed988682459,97816,183774,Tug Boat,Tug Boat,boulder,6,6,299,18060,reviewed_cross_branch,North America > United States > Maine > Bar Harbor,North America > United States > Maine > Acadia National Park > Great Head Proper,United States > Maine > Acadia National Park > -MDI Bouldering > Great Head Proper,https://boulderacadia.weebly.com/great-head.html,Reviewed by two semantic spot-check agents: same physical route; move the original to the verified specific source area. Grade difference 0; imported ID has no user activity. distinct starts remain separate.
48cee8d1-200d-5921-ab4e-ba57de4ec911,105688,184038,Don't Tread On Me,Don't Tread On Me,sport,18,18,1817,1817,same_area,North America > United States > Utah > Wasatch Range > Northern Wasatch > Causey Reservoir,North America > United States > Utah > Wasatch Range > Northern Wasatch > Causey Reservoir,United States > Utah > Wasatch Range > Northern Wasatch > Causey Reservoir,,Reviewed by two semantic spot-check agents: same physical route; both IDs already share the same area. Grade difference 0; imported ID has no user activity. distinct starts remain separate.
4a997fde-d12e-51fc-83b8-5cd2b827a44a,62702,185123,Classic Corner,Classic Corner,boulder,5,5,1163,1163,same_area,North America > United States > South Dakota > Custer State Park > Sylvan Lake,North America > United States > South Dakota > Custer State Park > Sylvan Lake,United States > South Dakota > Custer State Park > Sylvan Lake > Sylvan Lake Bouldering,,Reviewed by two semantic spot-check agents: same physical route; both IDs already share the same area. Grade difference 0; imported ID has no user activity. distinct starts remain separate.
4d0cf620-b141-50aa-9def-79ee457047e1,51762,186592,Snow Bound Patriot,Snow Bound Patriot,boulder,10,9,870,26557,old_descendant,North America > United States > Wyoming > Dome Rock/Pedro Mountains > Aerolith 5 Boulders,North America > United States > Wyoming > Dome Rock/Pedro Mountains,United States > Wyoming > Dome Rock/Pedro Mountains,,Reviewed by two semantic spot-check agents: same physical route; keep the original specific area. Grade difference 1; imported ID has no user activity. distinct starts remain separate.
4fd303e6-162b-5e46-9948-368fe21426d2,104381,188180,Hierarchy,Hierarchy,sport,19,20,1817,1817,same_area,North America > United States > Utah > Wasatch Range > Northern Wasatch > Causey Reservoir,North America > United States > Utah > Wasatch Range > Northern Wasatch > Causey Reservoir,United States > Utah > Wasatch Range > Northern Wasatch > Causey Reservoir,,Reviewed by two semantic spot-check agents: same physical route; both IDs already share the same area. Grade difference 1; imported ID has no user activity. distinct starts remain separate.
55b67325-b15c-5fad-b21c-4152e23d4f47,59634,191657,Bland Cherokee,Bland Cherokee,sport,10,9,1091,25174,old_descendant,North America > United States > Utah > Wasatch Range > Central Wasatch > Mount Olympus > Sport Utility Wall,North America > United States > Utah > Wasatch Range > Central Wasatch > Mount Olympus,United States > Utah > Wasatch Range > Central Wasatch > Mount Olympus,,Reviewed by two semantic spot-check agents: same physical route; keep the original specific area. Grade difference 1; imported ID has no user activity. distinct starts remain separate.
57a5e221-b098-595f-b50b-0757e932f171,62168,192790,Monolith,Monolith,boulder,7,6,870,26557,old_descendant,North America > United States > Wyoming > Dome Rock/Pedro Mountains > Aerolith 5 Boulders,North America > United States > Wyoming > Dome Rock/Pedro Mountains,United States > Wyoming > Dome Rock/Pedro Mountains,,Reviewed by two semantic spot-check agents: same physical route; keep the original specific area. Grade difference 1; imported ID has no user activity. distinct starts remain separate.
5820c8e1-0ff4-5938-9a39-e935d3efddb9,74157,193080,Baby's Got Bigger Biceps,Baby's Got Bigger Biceps,boulder,6,6,247,24536,new_descendant,North America > United States > Utah > Central Utah > Price Canyon,North America > United States > Utah > Central Utah > Price Canyon > Baby's Got Biceps Boulder,United States > Utah > Central Utah > Price Canyon > Baby's Got Biceps Boulder,,Reviewed by two semantic spot-check agents: same physical route; move the original to the verified specific source area. Grade difference 0; imported ID has no user activity. distinct starts remain separate.
5fb4b190-f1c1-5c07-9f27-7b67886bc8d5,19410,197585,Spring Loaded,Spring Loaded,boulder,8,8,255,7419,old_descendant,North America > United States > Colorado > Boulder > Flatirons > Central > Dinosaur Mountain,North America > United States > Colorado > Boulder > Flatirons > Central,United States > Colorado > Boulder > Flatirons > Central,,Reviewed by two semantic spot-check agents: same physical route; keep the original specific area. Grade difference 0; imported ID has no user activity. distinct starts remain separate.
61451493-1a24-5e94-8ef7-b98d81e557bf,79276,198507,Choppin' Broccoli,Choppin' Broccoli,boulder,9,9,1397,19101,new_descendant,North America > United States > Minnesota > Swede's Forest,North America > United States > Minnesota > Swede's Forest > Dead Leaves Boulder,United States > Minnesota > Swede's Forest Boulders > Dead Leaves Boulder.,,Reviewed by two semantic spot-check agents: same physical route; move the original to the verified specific source area. Grade difference 0; imported ID has no user activity. distinct starts remain separate.
64ccb0cf-6249-55e4-b9a4-d59dd8cbbaae,97189,200543,Triathlon,Triathlon,sport,20,19,4092,13048,old_descendant,North America > United States > California > Tahoe > I-80 Corridor > Auburn and Grass Valley > Auburn Quarry,North America > United States > California > Tahoe > I-80 Corridor > Auburn and Grass Valley,United States > California > Lake Tahoe > I-80 Corridor > Auburn and Grass Valley,,Reviewed by two semantic spot-check agents: same physical route; keep the original specific area. Grade difference 1; imported ID has no user activity. distinct starts remain separate. Original Auburn Cliffs was consolidated into Auburn Quarry.
679d96f8-dc3f-505f-93e4-713551f67c43,64659,202210,Choss Warfare,Choss Warfare,sport,10,10,963,14628,new_descendant,North America > United States > Colorado > Carbondale Area > The Narrows,"North America > United States > Colorado > Carbondale Area > The Narrows > Front Porch, The","United States > Colorado > Carbondale Area > Narrows, The > Front Porch, The",,Reviewed by two semantic spot-check agents: same physical route; move the original to the verified specific source area. Grade difference 0; imported ID has no user activity. distinct starts remain separate.
693b65e2-c6b7-5c11-8f4c-90dde7edc2a7,44775,203189,Uber Ass,Uber Ass,sport,18,18,481,19638,old_descendant,North America > United States > Montana > Southwest Region > Gallatin Canyon > West Side > The Cube,North America > United States > Montana > Southwest Region > Gallatin Canyon > West Side,United States > Montana > Southwest Region > Gallatin Canyon > West Side,,Reviewed by two semantic spot-check agents: same physical route; keep the original specific area. Grade difference 0; imported ID has no user activity. distinct starts remain separate.
6a128f8e-e7bd-5e58-86a3-12544124201b,17730,203683,Wakin Up,Wakin' Up,boulder,10,10,247,24544,new_descendant,North America > United States > Utah > Central Utah > Price Canyon,North America > United States > Utah > Central Utah > Price Canyon > Showcase Showdown Boulder,United States > Utah > Central Utah > Price Canyon > Showcase Showdown Boulder,,Reviewed by two semantic spot-check agents: same physical route; move the original to the verified specific source area. Grade difference 0; imported ID has no user activity. distinct starts remain separate.
714fc019-2a0b-5602-a834-35df7688df47,62981,207967,Rennak's Delight,Rennak's Delight,boulder,9,9,255,7419,old_descendant,North America > United States > Colorado > Boulder > Flatirons > Central > Dinosaur Mountain,North America > United States > Colorado > Boulder > Flatirons > Central,United States > Colorado > Boulder > Flatirons > Central,,Reviewed by two semantic spot-check agents: same physical route; keep the original specific area. Grade difference 0; imported ID has no user activity. distinct starts remain separate.
74436469-46f2-5d48-a071-1b8d780167f2,38684,209675,Shores of Hell,Shores of Hell,sport,15,15,407,12651,reviewed_cross_branch,North America > United States > California > Central Coast > Hwy 166/Silly Rock > Mr. Lee's,North America > United States > California > Central Coast > Hwy 166/Silly Rock > Doom Wall,United States > California > Central Coast > Hwy 166/Silly Rock > Doom Wall,https://app.advcollective.com/climbing/doom-wall-sport-climbing-on-central-coast-sandstone,Reviewed by two semantic spot-check agents: same physical route; move the original to the verified specific source area. Grade difference 0; imported ID has no user activity. distinct starts remain separate.
7b879bf2-9f44-5d6f-a9f3-874ab1cf1482,21992,213800,Mordor Stand Start,Mordor Stand,boulder,10,10,264,18476,new_descendant,North America > United States > Maryland > Rocky Gorge Reservoir,"North America > United States > Maryland > Rocky Gorge Reservoir > Wishing Boulder, The","United States > Maryland > Rocky Gorge Reservoir  (T. Howard Duckett Reservoir) > Wishing Boulder, The",,Reviewed by two semantic spot-check agents: same physical route; move the original to the verified specific source area. Grade difference 0; imported ID has no user activity. distinct starts remain separate.
8a48491a-ccfc-50e1-82ac-f71d93786695,100443,222466,Turbulent Mirror,Turbulent Mirror,sport,23,23,1817,1817,same_area,North America > United States > Utah > Wasatch Range > Northern Wasatch > Causey Reservoir,North America > United States > Utah > Wasatch Range > Northern Wasatch > Causey Reservoir,United States > Utah > Wasatch Range > Northern Wasatch > Causey Reservoir,,Reviewed by two semantic spot-check agents: same physical route; both IDs already share the same area. Grade difference 0; imported ID has no user activity. distinct starts remain separate.
8c937b5c-1e44-542e-ad50-44e1a65bee18,37629,223852,Slough of Despair,Slough of Despair,sport,18,18,407,12651,reviewed_cross_branch,North America > United States > California > Central Coast > Hwy 166/Silly Rock > Mr. Lee's,North America > United States > California > Central Coast > Hwy 166/Silly Rock > Doom Wall,United States > California > Central Coast > Hwy 166/Silly Rock > Doom Wall,https://app.advcollective.com/climbing/doom-wall-sport-climbing-on-central-coast-sandstone,Reviewed by two semantic spot-check agents: same physical route; move the original to the verified specific source area. Grade difference 0; imported ID has no user activity. distinct starts remain separate.
8e70a397-ec7f-5f57-9372-d4e2c184c459,77719,224913,Tetanus Kettle Minndala,Tetanus Kettle (Minndala),boulder,10,10,1397,19101,new_descendant,North America > United States > Minnesota > Swede's Forest,North America > United States > Minnesota > Swede's Forest > Dead Leaves Boulder,United States > Minnesota > Swede's Forest Boulders > Dead Leaves Boulder.,,Reviewed by two semantic spot-check agents: same physical route; move the original to the verified specific source area. Grade difference 0; imported ID has no user activity. distinct starts remain separate.
9060e696-e982-5c43-88ed-635c19c9e227,56950,226042,Diamond Man,Diamond Man,boulder,5,5,338,338,same_area,North America > United States > California > Los Angeles Basin > Beaches > Corona del Mar,North America > United States > California > Los Angeles Basin > Beaches > Corona del Mar,United States > California > Los Angeles Basin > Beaches > Corona Del Mar,,Reviewed by two semantic spot-check agents: same physical route; both IDs already share the same area. Grade difference 0; imported ID has no user activity. distinct starts remain separate.
91e669ee-bcfe-5fce-bfa8-cfe9ead630f4,111582,226924,Snakebite Evangelist,Snakebite Evangelist,sport,23,22,845,23433,new_descendant,"North America > United States > South Dakota > Needles Of Rushmore, The > Mount Rushmore National Memorial","North America > United States > South Dakota > Needles Of Rushmore, The > Mount Rushmore National Memorial > Emancipation","United States > South Dakota > Needles Of Rushmore, The > Mount Rushmore National Memorial > Emancipation",,Reviewed by two semantic spot-check agents: same physical route; move the original to the verified specific source area. Grade difference 1; imported ID has no user activity. distinct starts remain separate.
9350050c-43cb-5659-ae1a-8cc109cef64a,60409,227772,Wrangler Girls,Wrangler Girls,sport,9,8,1091,25174,old_descendant,North America > United States > Utah > Wasatch Range > Central Wasatch > Mount Olympus > Sport Utility Wall,North America > United States > Utah > Wasatch Range > Central Wasatch > Mount Olympus,United States > Utah > Wasatch Range > Central Wasatch > Mount Olympus,,Reviewed by two semantic spot-check agents: same physical route; keep the original specific area. Grade difference 1; imported ID has no user activity. distinct starts remain separate.
a44497df-1de3-5082-a42a-25de05eac76c,99028,237772,Confusion Tactics,Confusion Tactics,sport,18,18,4092,13048,old_descendant,North America > United States > California > Tahoe > I-80 Corridor > Auburn and Grass Valley > Auburn Quarry,North America > United States > California > Tahoe > I-80 Corridor > Auburn and Grass Valley,United States > California > Lake Tahoe > I-80 Corridor > Auburn and Grass Valley,,Reviewed by two semantic spot-check agents: same physical route; keep the original specific area. Grade difference 0; imported ID has no user activity. distinct starts remain separate. Original Auburn Cliffs was consolidated into Auburn Quarry.
a664ac27-c3c6-5671-88ef-d025b41ddd56,55063,239073,Slice and Dice,Slice and Dice,sport,13,13,963,14628,new_descendant,North America > United States > Colorado > Carbondale Area > The Narrows,"North America > United States > Colorado > Carbondale Area > The Narrows > Front Porch, The","United States > Colorado > Carbondale Area > Narrows, The > Front Porch, The",,Reviewed by two semantic spot-check agents: same physical route; move the original to the verified specific source area. Grade difference 0; imported ID has no user activity. distinct starts remain separate.
ab90104d-99c4-5a6c-89c9-d872af81348b,62171,242087,Phil 'Em Up,Phil em' Up,sport,10,10,455,455,same_area,North America > United States > Montana > Southwest Region > Paradise Valley > Mill Creek,North America > United States > Montana > Southwest Region > Paradise Valley > Mill Creek,United States > Montana > Southwest Region > Paradise Valley > Mill Creek,,Reviewed by two semantic spot-check agents: same physical route; both IDs already share the same area. Grade difference 0; imported ID has no user activity. distinct starts remain separate.
afe2d5d5-4933-5bd6-a190-43be1bccffbc,74714,244624,Manic Hysteria,Manic Hysteria,boulder,4,4,1067,26822,reviewed_cross_branch,North America > United States > Wyoming > Medicine Bow National Forest,North America > United States > Wyoming > Laramie Range > Little Medicine Bow National Forest,United States > Wyoming > Laramie Range > Little Medicine Bow National Forest,https://www.mountainproject.com/area/107023587/laramie-range,Reviewed by two semantic spot-check agents: same physical route; move the original to the verified specific source area. Grade difference 0; imported ID has no user activity. distinct starts remain separate.
b20cc568-d592-55d8-b2b1-744f2da45fae,86490,245851,Jumption,Jumption,boulder,6,6,1384,19009,old_descendant,North America > United States > Minnesota > Duluth Area > Ely's Peak,North America > United States > Minnesota > Duluth Area,United States > Minnesota > Duluth Area (Rock and Ice) > Duluth Rock Climbs > Duluth Bouldering,https://www.outdooractive.com/mobile/en/climbingspot/sector/ely-s-peak-bouldering/225942686/,Reviewed by two semantic spot-check agents: same physical route; keep the original specific area. Grade difference 0; imported ID has no user activity. distinct starts remain separate. Duluth Rock Climbs activity heading folds into geographic Duluth Area; original Ely’s Peak is more specific.
bc157011-794e-5a43-836f-dbde9dbd3c7e,51167,251663,Mind the Gap,Mind The Gap,boulder,10,10,496,496,same_area,North America > United States > Colorado > Alpine Rock > Indian Peaks > Swissco,North America > United States > Colorado > Alpine Rock > Indian Peaks > Swissco,United States > Colorado > Alpine Rock > Indian Peaks > Swissco (bouldering),,Reviewed by two semantic spot-check agents: same physical route; both IDs already share the same area. Grade difference 0; imported ID has no user activity. distinct starts remain separate.
bc88f55c-b9ab-537b-94af-d5b9e3096cb5,85235,251954,Dead Leaves and the Dirty Ground,Dead Leaves and the Dirty Ground,boulder,7,8,1397,19101,new_descendant,North America > United States > Minnesota > Swede's Forest,North America > United States > Minnesota > Swede's Forest > Dead Leaves Boulder,United States > Minnesota > Swede's Forest Boulders > Dead Leaves Boulder.,,Reviewed by two semantic spot-check agents: same physical route; move the original to the verified specific source area. Grade difference 1; imported ID has no user activity. distinct starts remain separate.
c0b4d0a9-03ca-5787-9ad1-db55670ef529,87090,254420,Way back when,Way Back When,boulder,4,4,1516,25065,old_descendant,North America > United States > Utah > Southwest Utah > Brian Head > Bunker Creek > The Meadows,North America > United States > Utah > Southwest Utah > Brian Head > Bunker Creek,United States > Utah > Southwest Utah > Brian Head > Bunker Creek,,Reviewed by two semantic spot-check agents: same physical route; keep the original specific area. Grade difference 0; imported ID has no user activity. distinct starts remain separate.
c4352b77-6967-5394-86c1-96213948aac1,55613,256544,Snake Eyes Sit,Snake Eyes Sit,boulder,6,6,889,17029,new_descendant,North America > United States > Georgia > Shaking Rock,North America > United States > Georgia > Shaking Rock > Shaking Rock Block,United States > Georgia > Shaking Rock > Shaking Rock Block,,Reviewed by two semantic spot-check agents: same physical route; move the original to the verified specific source area. Grade difference 0; imported ID has no user activity. distinct starts remain separate.
c8a8140e-9ebe-5ae1-a222-e335e0fe3e8b,56825,259203,Manly Fingertips,Manly Fingertips,sport,12,12,455,455,same_area,North America > United States > Montana > Southwest Region > Paradise Valley > Mill Creek,North America > United States > Montana > Southwest Region > Paradise Valley > Mill Creek,United States > Montana > Southwest Region > Paradise Valley > Mill Creek,,Reviewed by two semantic spot-check agents: same physical route; both IDs already share the same area. Grade difference 0; imported ID has no user activity. distinct starts remain separate.
ca196457-cec7-5454-a70a-e62eec2b0558,95057,260034,Dakota Farms Cheese,Dakota Farms Cheese,sport,14,14,244,26333,new_descendant,North America > United States > Wisconsin > Central > Necedah (Petenwell Rock),North America > United States > Wisconsin > Central > Necedah (Petenwell Rock) > Y-Crack Wall,United States > Wisconsin > Central > Necedah (Petenwell Rock) > 02. Y-Crack Wall,,Reviewed by two semantic spot-check agents: same physical route; move the original to the verified specific source area. Grade difference 0; imported ID has no user activity. distinct starts remain separate.
e35c6de5-73d9-5a3a-94a1-e47a4aab2281,38075,275497,Sonya Come Home,Sonya Come Home,sport,12,12,411,411,same_area,North America > United States > Arkansas > River Valley and Ouachitas Region > Mount Magazine State Park > Mt. Magazine Proper,North America > United States > Arkansas > River Valley and Ouachitas Region > Mount Magazine State Park > Mt. Magazine Proper,United States > Arkansas > River Valley and Ouachitas Region > Mount Magazine State Park > Mt. Magazine Proper,,Reviewed by two semantic spot-check agents: same physical route; both IDs already share the same area. Grade difference 0; imported ID has no user activity. distinct starts remain separate.
e5a20e7c-4366-5fb8-b0e0-a1d6e08776ce,80313,276832,Garfield Goes To Washington,Garfield Goes To Washington,trad,8,8,845,23433,new_descendant,"North America > United States > South Dakota > Needles Of Rushmore, The > Mount Rushmore National Memorial","North America > United States > South Dakota > Needles Of Rushmore, The > Mount Rushmore National Memorial > Emancipation","United States > South Dakota > Needles Of Rushmore, The > Mount Rushmore National Memorial > Emancipation",,Reviewed by two semantic spot-check agents: same physical route; move the original to the verified specific source area. Grade difference 0; imported ID has no user activity. distinct starts remain separate.
e763f731-0000-54e0-9aa0-2ed0aea92ede,86384,277865,Sea of the Beast,Sea Of The Beast,boulder,7,7,496,496,same_area,North America > United States > Colorado > Alpine Rock > Indian Peaks > Swissco,North America > United States > Colorado > Alpine Rock > Indian Peaks > Swissco,United States > Colorado > Alpine Rock > Indian Peaks > Swissco (bouldering),,Reviewed by two semantic spot-check agents: same physical route; both IDs already share the same area. Grade difference 0; imported ID has no user activity. distinct starts remain separate.
ec37d0ce-c7ac-5c38-9663-016ddc7ddca2,18488,280699,Far Cry,Far Cry,boulder,8,8,251,6936,old_descendant,North America > United States > California > Tahoe > West Shore > Bliss > Middle Bliss,North America > United States > California > Tahoe > West Shore > Bliss,United States > California > Lake Tahoe > West Shore > Bliss,,Reviewed by two semantic spot-check agents: same physical route; keep the original specific area. Grade difference 0; imported ID has no user activity. distinct starts remain separate.
ee0fe6f6-d19f-57d0-9059-367ac0a07907,87811,281765,berlin,Berlin,boulder,9,8,1590,4008,old_descendant,North America > United States > Arizona > Northern Arizona > Sedona > Grasshopper Point > grasshopper wall,North America > United States > Arizona > Northern Arizona > Sedona,United States > Arizona > Northern Arizona > *Northern AZ Bouldering* > *Sedona Bouldering*,,Reviewed by two semantic spot-check agents: same physical route; keep the original specific area. Grade difference 1; imported ID has no user activity. distinct starts remain separate.
f1362765-1561-53d7-a203-e6ddb3395285,57202,283567,Onion Man,Onion Man,boulder,3,2,338,338,same_area,North America > United States > California > Los Angeles Basin > Beaches > Corona del Mar,North America > United States > California > Los Angeles Basin > Beaches > Corona del Mar,United States > California > Los Angeles Basin > Beaches > Corona Del Mar,,Reviewed by two semantic spot-check agents: same physical route; both IDs already share the same area. Grade difference 1; imported ID has no user activity. distinct starts remain separate.
f35f7064-c880-50ae-993c-73c2f3c11d3d,101744,284944,Mordor,Mordor,boulder,11,11,264,18476,new_descendant,North America > United States > Maryland > Rocky Gorge Reservoir,"North America > United States > Maryland > Rocky Gorge Reservoir > Wishing Boulder, The","United States > Maryland > Rocky Gorge Reservoir  (T. Howard Duckett Reservoir) > Wishing Boulder, The",,Reviewed by two semantic spot-check agents: same physical route; move the original to the verified specific source area. Grade difference 0; imported ID has no user activity. distinct starts remain separate.
f8d545d2-aa6f-5d5f-a907-aa9663adb11a,58605,288188,Cherokee Divebomb,Cherokee DiveBomb,boulder,8,8,1067,26822,reviewed_cross_branch,North America > United States > Wyoming > Medicine Bow National Forest,North America > United States > Wyoming > Laramie Range > Little Medicine Bow National Forest,United States > Wyoming > Laramie Range > Little Medicine Bow National Forest,https://www.mountainproject.com/area/107023587/laramie-range,Reviewed by two semantic spot-check agents: same physical route; move the original to the verified specific source area. Grade difference 0; imported ID has no user activity. distinct starts remain separate.
faa71d45-b2f1-5883-b167-c61470fbf831,54854,289255,Trash,Trash,boulder,6,6,889,17028,new_descendant,North America > United States > Georgia > Shaking Rock,North America > United States > Georgia > Shaking Rock > Front Line,United States > Georgia > Shaking Rock > Front Line,,Reviewed by two semantic spot-check agents: same physical route; move the original to the verified specific source area. Grade difference 0; imported ID has no user activity. distinct starts remain separate.
fec68223-0767-51d1-8423-94cbb8340785,68131,291651,Left Yellow Wall,Left Yellow Wall,boulder,4,5,1163,1163,same_area,North America > United States > South Dakota > Custer State Park > Sylvan Lake,North America > United States > South Dakota > Custer State Park > Sylvan Lake,United States > South Dakota > Custer State Park > Sylvan Lake > Sylvan Lake Bouldering,,Reviewed by two semantic spot-check agents: same physical route; both IDs already share the same area. Grade difference 1; imported ID has no user activity. distinct starts remain separate.
ff1ebfd6-dff2-5493-9be0-c3ae1d8b985c,17567,291858,Early Times,Early Times,sport,14,14,244,26333,new_descendant,North America > United States > Wisconsin > Central > Necedah (Petenwell Rock),North America > United States > Wisconsin > Central > Necedah (Petenwell Rock) > Y-Crack Wall,United States > Wisconsin > Central > Necedah (Petenwell Rock) > 02. Y-Crack Wall,,Reviewed by two semantic spot-check agents: same physical route; move the original to the verified specific source area. Grade difference 0; imported ID has no user activity. distinct starts remain separate.
7b570018-2aa5-4275-a8a0-9a0ae05089b3,3358,213670,B60 OFO,B60 OFO (30 Something),sport,18,18,8877,8877,reviewed_alias_same_area,North America > Canada > Alberta > Bow Valley > Grassi Lakes > Meathooks Area,North America > Canada > Alberta > Bow Valley > Grassi Lakes > Meathooks Area,Canada > Alberta > Bow Valley > Grassi Lakes (Closed 2022) > Meathooks Area,https://www.mountainproject.com/route/109179061/b60-ofo-30-something,"Exact B60 OFO title core, sport grade, and Meathooks cave placement; official route title adds parenthetical alias. Preserve original climb ID and source GPS."
