openbeta_id,betabook_id,openbeta_name,betabook_name,type,openbeta_grade,betabook_grade_ordinal,grade_gap,name_kind,source_path,betabook_path,area_alias,area_alias_whole_ratio,independent_path_support_count,independent_review_support_count,independent_accepted_support_count,tier
00071497-ba2a-4340-9822-099701bfe271,16501,One for the Queen,One for the Queen,boulder,v1,2,0,exact,Canada > British Columbia > Squamish > Stawamus Chief > North Wall Boulders,North America > Canada > British Columbia > Squamish > North Walls > Action Man,north walls,95.2,53,53,0,exact_grade
0044bdb1-18c3-4edf-a431-d9aeb272ffe5,66670,Rhino Face,Rhino Face,boulder,v3,3,1,exact,Canada > British Columbia > Squamish > Stawamus Chief > North Wall Boulders,North America > Canada > British Columbia > Squamish > North Walls > The Farm,north walls,95.2,54,54,0,near_grade
004e295a-fbd2-4231-b398-a71342904e9d,139990,Kickback,Kickback,boulder,v0,1,0,exact,Canada > British Columbia > Squamish > Stawamus Chief > North Wall Boulders,North America > Canada > British Columbia > Squamish > North Walls > The Clean Boulders > Death star,north walls,95.2,53,53,0,exact_grade
00ceb1cc-77eb-5e8c-926d-36929017cb64,58509,Bombardino,Bombardino,sport,5.11d,17,0,exact,"United States > West Virginia > New River Gorge, The > Summersville (Gauley River) Area > Summersville Lake (main)",North America > United States > West Virginia > New River Gorge > Summersville Lake > Long wall,summersville lake,87.2,44,44,0,exact_grade
00f930b1-4f9e-5257-85c6-219621bf7bec,106505,Orange Oswald,Orange oswald,sport,5.10a,10,0,exact,"United States > West Virginia > New River Gorge, The > Summersville (Gauley River) Area > Summersville Lake (main)",North America > United States > West Virginia > New River Gorge > Summersville Lake,summersville lake,87.2,44,44,0,exact_grade
01b8136a-3018-5482-99d8-19b1853c8be0,22046,Tequila Sunset,Tequila Sunset,boulder,V4,5,0,exact,United States > Utah > Wasatch Range > Central Wasatch > Little Cottonwood Canyon,North America > United States > Utah > Little Cottonwood,little cottonwood,82.9,41,41,0,exact_grade
030f9c7e-988e-4e72-940d-7a5b436ad0c1,16510,Element of Crime,Element of Crime,sport,5.12b,18,1,exact,Canada > Alberta > Banff National Park > Radium Highway (92 South) > Stanley Headwall (Rock),North America > Canada > Alberta > Banff National Park > Stanley Headwall > Stanley Sport > Gery's Wall,stanley headwall,86.5,11,11,0,near_grade
0351044e-5af7-470d-87ed-59cbef7d71d1,1700,New Sheriff in Town,New Sheriff in Town,boulder,v1-,1,1,exact,Canada > British Columbia > Squamish > Stawamus Chief > North Wall Boulders,North America > Canada > British Columbia > Squamish > North Walls > Lower Sheriff's Badge Trail,north walls,95.2,54,54,0,near_grade
0396c995-18e1-4edc-ad63-31c0275f1e26,3804,Robins Span,Robins Span,boulder,v3-4,4,0,exact,Canada > British Columbia > Fraser Valley > The Stacks > Lower Right Stacks,North America > Canada > British Columbia > Fraser Valley > Hope > The Stacks > Lower Stacks > Lower Right,lower stacks,80.0,19,19,0,exact_grade
03a863bd-427a-44c5-968c-0556e2a903b1,21007,Napping Caribou,Napping Caribou,boulder,v4,5,0,exact,Canada > British Columbia > Fraser Valley > The Stacks > Lower Right Stacks,North America > Canada > British Columbia > Fraser Valley > Hope > The Stacks > Lower Stacks > Lower Right,lower stacks,80.0,19,19,0,exact_grade
03abc81b-92d3-55e7-835c-f7d7b965ef07,92764,Hot Monkey Love,Hot Monkey Love,sport,5.11a,14,0,exact,United States > Oregon > Central Oregon > Smith Rock > (l) Christian Brothers,North America > United States > Oregon > Smith Rock > Christian Brothers,christian brothers,94.7,20,20,0,exact_grade
03fe3bae-c763-5016-a3da-42140cba7d15,133254,Errors of Our Ways,Errors of Our Ways,sport,5.6,7,1,exact,United States > Utah > Wasatch Range > Central Wasatch > Big Cottonwood Canyon,North America > United States > Utah > Big Cottonwood,big cottonwood,80.0,42,42,0,near_grade
046bae28-b231-55cf-8c00-69a57cef75f4,36858,Irreverence,Irreverence,sport,5.10a,10,0,exact,United States > Oregon > Central Oregon > Smith Rock > (l) Christian Brothers,North America > United States > Oregon > Smith Rock > Christian Brothers,christian brothers,94.7,20,20,0,exact_grade
0470653e-2af3-51ed-af43-daa7059d5202,22418,Mystic Void,Mystic Void,sport,5.10a,10,0,exact,United States > Oregon > Portland & The Gorge > Broughton Bluff > (6) Bat Wall,North America > United States > Oregon > Broughton Bluff > Bat Wall,bat wall,88.9,7,7,0,exact_grade
053e8dbe-3977-4561-9465-ba99c5513dea,8526,Compulsiveness,Compulsiveness,boulder,v4,5,0,exact,Canada > British Columbia > Squamish > Stawamus Chief > North Wall Boulders,North America > Canada > British Columbia > Squamish > North Walls > Swamp Thing,north walls,95.2,53,53,0,exact_grade
05e0e120-d4df-51d2-a568-94ee4f2ed199,65016,Tobacco Road,Tobacco Road,sport,5.12a/b,19,1,exact,"United States > West Virginia > New River Gorge, The > Summersville (Gauley River) Area > Summersville Lake (main)",North America > United States > West Virginia > New River Gorge > Summersville Lake > The Coliseum,summersville lake,87.2,45,45,0,near_grade
05f57ffa-1080-503d-b5e4-78a4b3db651c,118139,Stemming the Tide,Stemming the Tide,sport,5.10d,13,0,exact,United States > Utah > Southwest Utah > Saint George > Crawdad Canyon / Veyo,North America > United States > Utah > St. George > Crawdad Canyon,crawdad canyon,84.8,41,41,0,exact_grade
05ff66ef-9dbc-5a6d-a712-64735cb35e46,21661,The Backbone,The Backbone,sport,5.13a,22,0,exact,United States > Oregon > Central Oregon > Smith Rock > (s) Monkey Face,North America > United States > Oregon > Smith Rock > Monkey Face,monkey face,91.7,3,3,0,exact_grade
0628d2fc-7a1e-591f-bfb9-3354f9874a8e,25783,The Deficit,The Deficit,sport,5.10d,13,0,exact,"United States > West Virginia > New River Gorge, The > Summersville (Gauley River) Area > Summersville Lake (main)",North America > United States > West Virginia > New River Gorge > Summersville Lake,summersville lake,87.2,44,44,0,exact_grade
065978e6-2e45-43ce-b001-ff4f13995de0,107008,Morse Code,Morse code,trad,5.9,9,0,exact,Canada > British Columbia > Squamish > Shannon Falls > Shannon Springs Wall,North America > Canada > British Columbia > Squamish > Shannon Springs,shannon springs,85.7,7,7,0,exact_grade
0671ed19-5b38-5799-a845-904d88ed3d32,90462,Caress the Cullis,Caress the Cullis,sport,5.7,8,1,exact,United States > Utah > Central Utah > Maple Canyon > Maple Canyon Road,North America > United States > Utah > Maple Canyon > Platform Wall,maple canyon,82.8,82,14,68,near_grade
06b64b5f-69f8-4ba6-9695-96700edc28f4,31460,Dark Room,Dark Room,boulder,v3-4,4,0,exact,Canada > British Columbia > Fraser Valley > The Stacks > Lower Left Stacks,North America > Canada > British Columbia > Fraser Valley > Hope > The Stacks > Lower Stacks,lower stacks,82.8,17,17,0,exact_grade
06e5fbd7-978c-49d2-b8a3-c54dd790568d,95555,The Furnace Stand,The Furnace Stand,boulder,v2+,3,0,exact,Canada > British Columbia > Sunshine Coast > Raven's Cry Connector,North America > Canada > British Columbia > Sunshine Coast > Raven’s Cry Connector Boulders,ravens cry connector,97.6,3,3,0,exact_grade
074073f8-2874-446a-9aae-f717533e15b2,138645,Le Petit Ange,Le petit ange,sport,5.12a,18,0,exact,Canada > Quebec > Lanaudiere > Lac du Cap > Banlieue,North America > Canada > Québec > Lac du Cap > La Banlieue,la banlieue,84.2,9,9,0,exact_grade
07476577-9c3f-55e0-acc6-16e84f5b5f3b,22350,Lost Boys,lost boys,sport,5.10d,13,0,exact,United States > Oregon > Portland & The Gorge > Broughton Bluff > (6) Bat Wall,North America > United States > Oregon > Broughton Bluff > Bat Wall,bat wall,88.9,7,7,0,exact_grade
0758db24-2733-5703-8d4b-47f94e82b295,61941,Ransom Demand,Ransom Demand,sport,5.10a,10,0,exact,United States > Utah > Southwest Utah > Saint George > Crawdad Canyon / Veyo,North America > United States > Utah > St. George > Crawdad Canyon,crawdad canyon,84.8,41,41,0,exact_grade
07fe5dda-132c-5002-b2b5-9d9e7ba2ab10,90153,"Dat be up da Butt, Bob","Dat Be Up Da Butt, Bob",sport,5.11c,16,0,exact,United States > Oregon > Central Oregon > Smith Rock > (yy) Basalt Rimrock,North America > United States > Oregon > Smith Rock > Basalt Rimrock,basalt rimrock,90.3,14,14,0,exact_grade
0848b657-da60-587e-8b83-72635145e778,45012,Nine Gallon Buckets,Nine Gallon Buckets,sport,5.10c,12,0,exact,United States > Oregon > Central Oregon > Smith Rock > (g) Morning Glory Wall,North America > United States > Oregon > Smith Rock > Morning Glory Wall,morning glory wall,94.7,17,17,0,exact_grade
0889bc3c-9a7b-415d-b0f8-907db4f7c618,2962,Call Sign,Call Sign,trad,5.6,7,1,exact,Canada > British Columbia > Squamish > Shannon Falls > Shannon Springs Wall,North America > Canada > British Columbia > Squamish > Shannon Springs,shannon springs,85.7,8,8,0,near_grade
08c6f2a5-67cc-40ea-a443-862a08c03316,107174,Mono Mystery,Mono mystery,trad,5.10a/b,11,1,exact,Canada > British Columbia > Squamish > Shannon Falls > Shannon Springs Wall,North America > Canada > British Columbia > Squamish > Shannon Springs,shannon springs,85.7,8,8,0,near_grade
08f9cd80-1695-5395-a705-4eae1b4e511e,127640,Chug A Jug,Chug a Jug,sport,5.8,8,0,exact,United States > Utah > Wasatch Range > Central Wasatch > Big Cottonwood Canyon,North America > United States > Utah > Big Cottonwood,big cottonwood,80.0,41,41,0,exact_grade
092afa99-2010-43a1-b650-d7285d80a9bf,51921,Way Better Than Nothing,Way Better Than Nothing,sport,5.9,9,0,exact,Canada > British Columbia > Kootenays West > Rossland > Rossland - Better Than Nothing,North America > Canada > British Columbia > Better Than Nothing,better than nothing,80.9,3,3,0,exact_grade
09f5e548-8f42-4c29-81c6-d731150b3a7a,16179,Half Pint,Half Pint,boulder,v5,6,0,exact,Canada > British Columbia > Fraser Valley > The Stacks > Lower Right Stacks,North America > Canada > British Columbia > Fraser Valley > Hope > The Stacks > Lower Stacks > Lower Right,lower stacks,80.0,19,19,0,exact_grade
0a4d0788-3c58-47ff-a4a6-3291b8986d0e,6976,Bad Company,Bad Company,sport,5.11a,14,0,exact,Canada > Alberta > Bow Valley > Porcupine Creek > Blind Man's Bluff,North America > Canada > Alberta > Kananaskis > Porcupine Creek > Blind Man's Bluff Right,blind man s bluff right,85.0,3,3,0,exact_grade
0a524ab7-4858-51d6-97f7-e37fa83f296d,65196,Hobbit's Pockets,Hobbit's Pockets,sport,5.10c,13,1,exact,United States > Oregon > Central Oregon > Smith Rock > (f) Cocaine Gully,North America > United States > Oregon > Smith Rock > Cocaine Gully,cocaine gully,92.9,8,8,0,near_grade
0a6f0a6b-3ad0-56ed-a7c5-bdd3f3677a26,14360,Overnight Sensation,Overnight Sensation,sport,5.11b,14,1,exact,United States > Oregon > Central Oregon > Smith Rock > (l) Christian Brothers,North America > United States > Oregon > Smith Rock > Christian Brothers,christian brothers,94.7,21,21,0,near_grade
0aadaca8-5667-51af-9a3c-5f77b890c742,131648,The Outsiders,The Outsiders,sport,5.9,9,0,exact,United States > Oregon > Central Oregon > Smith Rock > (g) Morning Glory Wall,North America > United States > Oregon > Smith Rock > Morning Glory Wall,morning glory wall,94.7,17,17,0,exact_grade
0b62248c-5295-4a87-8e57-b598433ec50a,80349,Sheriff's Snack,Sheriff's Snack,boulder,V3,4,0,exact,Canada > British Columbia > Squamish > Stawamus Chief > North Wall Boulders,North America > Canada > British Columbia > Squamish > North Walls > Lower Sheriff's Badge Trail,north walls,95.2,53,53,0,exact_grade
0b860144-9901-44ca-83a8-c8ac730590f3,18365,Peasant's Route,Peasant's Route,trad,5.10c,12,0,exact,Canada > British Columbia > Squamish > Stawamus Chief > Grand Wall Base Area,North America > Canada > British Columbia > Squamish > The Chief > Grand Wall,grand wall,80.0,5,5,0,exact_grade
0be5c7ad-2d82-5b88-985c-b205941f1b39,35970,I'll Take Sue,I'll Take Sue,sport,5.11b,14,1,exact,United States > Kentucky > Red River Gorge > Pendergrass-Murray Recreational Preserve (PMRP) > Chica Bonita Wall,North America > United States > Kentucky > Red River Gorge > PMRP > Chica Bonita,chica bonita,82.8,12,12,0,near_grade
0bf9d44b-9fdf-4461-be44-e55cee3a7bf5,8596,The Slugmeister's High-Techs,The Slugmeisters High Techs,sport,5.10a,10,0,compact,Canada > Ontario > Ontario South Bouldering and Rock > Lion's Head > Lady Slipper Wall,North America > Canada > Ontario > Lion's head > Lady Slipper,lady slipper,82.8,5,5,0,exact_grade
0c02959a-e47a-537f-b7d3-d72b9e911d0f,62505,Ring of Fire,Ring Of Fire,sport,5.11d,17,0,exact,United States > Oregon > Central Oregon > Smith Rock > (l) Christian Brothers,North America > United States > Oregon > Smith Rock > Christian Brothers,christian brothers,94.7,20,20,0,exact_grade
0c0fc95b-75ea-51fd-b10a-efb1e896068f,95639,Pour the Lead,Pour the Lead,sport,5.10b,11,0,exact,"United States > West Virginia > New River Gorge, The > Summersville (Gauley River) Area > Whippoorwill",North America > United States > West Virginia > New River Gorge > Whipporwill > North Whipporwill,whipporwill,95.7,2,2,0,exact_grade
0c1eae6e-e1f3-51b1-bd0c-b1d04a6ecaa8,97011,Gun Tower,Gun Tower,sport,5.12c,20,0,exact,United States > Utah > Central Utah > Maple Canyon > Maple Canyon Road,North America > United States > Utah > Maple Canyon > The Compound,maple canyon,82.8,81,13,68,exact_grade
0c4ad97d-6592-5476-983b-cae24f247af6,92437,Beer Can Cave,Beer can cave,boulder,V10,11,0,exact,United States > Utah > Wasatch Range > Central Wasatch > Little Cottonwood Canyon,North America > United States > Utah > Little Cottonwood,little cottonwood,82.9,41,41,0,exact_grade
0cb006dc-9cc0-55bf-9e4e-2636e751c6a1,90415,I Am Pokey,I Am Pokey,sport,5.8,8,0,exact,United States > Arizona > Northern Arizona > Winslow- Hwy’s 87 & 99 Corridors > Jacks Canyon,North America > United States > Arizona > Jack's Canyon,jack s canyon,96.0,68,68,0,exact_grade
0d1e21bf-1e4f-4337-9ded-8aaca37102d8,134997,Pocket Full of Worms,Pocket Full of Worms,sport,5.9+,9,0,exact,Canada > Alberta > Bow Valley > Grassi Lakes (Closed 2022) > Gardener's Wall,North America > Canada > Alberta > Bow Valley > Grassi Lakes > Gardeners Wall,gardeners wall,96.6,11,11,0,exact_grade
0d1ed637-511d-585e-be85-6f2d76edc87e,18753,Burning Bridges,Burning Bridges,sport,5.12a,18,0,exact,United States > Utah > Southwest Utah > Saint George > Crawdad Canyon / Veyo,North America > United States > Utah > St. George > Crawdad Canyon,crawdad canyon,84.8,41,41,0,exact_grade
0da465c6-34ee-4ffd-92cb-1106e6c52473,62254,Rusted Wheel,Rusted Wheel,boulder,v2,3,0,exact,Canada > British Columbia > Kootenays West > Nelson > Bealby Boulders,North America > Canada > British Columbia > West Kootenay > Nelson > Bealby Rd,bealby rd,80.0,8,8,0,exact_grade
0db643b6-ce11-55d5-a059-3590fc0495ee,88229,Fontanero,Fontanero,sport,5.10b,11,0,exact,"United States > West Virginia > New River Gorge, The > Summersville (Gauley River) Area > Summersville Lake (main)",North America > United States > West Virginia > New River Gorge > Summersville Lake,summersville lake,87.2,44,44,0,exact_grade
0db6bcac-4fbd-5e83-867a-a75c55c6591b,68850,Majestic Pigeon,Majestic Pigeon,sport,5.12a,18,0,exact,United States > Oregon > Central Oregon > Smith Rock > (d) Aggro Gully,North America > United States > Oregon > Smith Rock > Aggro Gully,aggro gully,91.7,8,8,0,exact_grade
0db9cbac-50a5-5238-8f43-4269c32e6b76,38306,Jack & Jill Go Bolting,Jack and Jill Go Bolting,sport,5.10a,10,0,exact,United States > Arizona > Northern Arizona > Winslow- Hwy’s 87 & 99 Corridors > Jacks Canyon,North America > United States > Arizona > Jack's Canyon,jack s canyon,96.0,68,68,0,exact_grade
0ec8c2ad-45cc-5b30-bcfd-e9082afdb4f3,63980,Reason To Be,Reason to Be,sport,5.11a,14,0,exact,United States > Oregon > Central Oregon > Smith Rock > Mesa Verde Wall,North America > United States > Oregon > Smith Rock > Mesa Verde,mesa verde,80.0,3,3,0,exact_grade
0f3cb063-7f91-55d6-a2f1-721ebf9675a3,97842,Half Hearted,Half Hearted,sport,5.10d,14,1,exact,United States > Utah > Central Utah > Maple Canyon > Maple Canyon Road,North America > United States > Utah > Maple Canyon > Windshield Wiper Wall,maple canyon,82.8,82,14,68,near_grade
0ff5e7a5-678f-4caa-8531-8877241f6f83,8,Space Monkey,Space Monkey,boulder,v5,6,0,exact,Canada > British Columbia > Squamish > Stawamus Chief > North Wall Boulders,North America > Canada > British Columbia > Squamish > North Walls > The Magic Kingdom,north walls,95.2,53,53,0,exact_grade
1000b559-fd2c-5860-932a-58e7d5d147f3,5403,Sacrificial Lizard,Sacrificial Lizard,sport,5.11a/b,15,1,exact,United States > Arizona > Northern Arizona > Winslow- Hwy’s 87 & 99 Corridors > Jacks Canyon,North America > United States > Arizona > Jack's Canyon,jack s canyon,96.0,69,69,0,near_grade
1038d4f4-1874-5070-90a9-039e16e1487f,18665,Andrugen,Andrugen,boulder,V1,2,0,exact,United States > New York > Adirondacks > H: Southern Mountains > Nine Corner Lake,North America > United States > New York > Nine Corners Lake,nine corners lake,97.0,14,14,0,exact_grade
1050fe40-2c72-55c6-bcce-f95016629738,131621,Heart Shaped Drill,Heart Shaped Drill,sport,5.12c,20,0,exact,United States > Arizona > Northern Arizona > Winslow- Hwy’s 87 & 99 Corridors > Jacks Canyon,North America > United States > Arizona > Jack's Canyon,jack s canyon,96.0,68,68,0,exact_grade
107dbdce-e2dd-533b-a9ac-c9c9b484da9d,48171,Kings of Rap,Kings Of Rap,sport,5.12d,21,0,exact,United States > Oregon > Central Oregon > Smith Rock > (g) Morning Glory Wall,North America > United States > Oregon > Smith Rock > Morning Glory Wall,morning glory wall,94.7,17,17,0,exact_grade
11ee0124-1cd2-5b8e-9900-65a86f567176,51839,Sweaty Bully,Sweaty Bully,sport,5.10b,11,0,exact,United States > Wyoming > Lander Area > Wild Iris > Aspen Glade,North America > United States > Wyoming > Wild Iris > Aspen Glades,aspen glades,95.7,12,12,0,exact_grade
120ac082-8a34-4b8b-805e-e7a7b083d6a8,82463,Bear Bumps,Bear Bumps,boulder,v2,3,0,exact,Canada > British Columbia > Sunshine Coast > Raven's Cry Connector,North America > Canada > British Columbia > Sunshine Coast > Raven’s Cry Connector Boulders,ravens cry connector,97.6,3,3,0,exact_grade
12fd08f7-3d58-5731-ba53-9877e9116950,11593,Self Medication,Self Medication,sport,5.11b/c,14,1,exact,United States > Kentucky > Red River Gorge > Miller Fork Recreational Preserve (MFRP) > Coopers Cove,North America > United States > Kentucky > Red River Gorge > MFRP > Cooper's Cove,cooper s cove,96.0,7,7,0,near_grade
13127671-7241-51f5-a298-6a6993b14898,84768,Meat and Potatoes,Meat and Potatoes,boulder,V1+,3,1,exact,United States > New York > Adirondacks > H: Southern Mountains > Nine Corner Lake,North America > United States > New York > Nine Corners Lake,nine corners lake,97.0,15,15,0,near_grade
13138b59-cfa1-4ddf-8711-15dc7ce0ec2a,137324,Of Quartz It Goes!,Of quartz it goes,trad,5.9,9,0,exact,Canada > British Columbia > Squamish > Shannon Falls > Shannon Springs Wall,North America > Canada > British Columbia > Squamish > Shannon Springs,shannon springs,85.7,7,7,0,exact_grade
1390bad0-245c-598b-9662-f8ce7d8e17a4,24801,Scoot Your Muffin,Scoot your muffin,sport,5.10b,11,0,exact,"United States > West Virginia > New River Gorge, The > Summersville (Gauley River) Area > Summersville Lake (main)",North America > United States > West Virginia > New River Gorge > Summersville Lake,summersville lake,87.2,44,44,0,exact_grade
13f173ec-24ff-4660-b2f7-3336ffd0a433,107451,Acte Patriotique,Acte patriotique,sport,5.10b,10,1,exact,Canada > Quebec > Lanaudiere > Lac du Cap > Banlieue,North America > Canada > Québec > Lac du Cap > La Banlieue,la banlieue,84.2,10,10,0,near_grade
1409edbd-27ab-5231-9470-06691122781b,130880,Barking Crawdad,Barking Crawdad,sport,5.10c,12,0,exact,United States > Utah > Southwest Utah > Saint George > Crawdad Canyon / Veyo,North America > United States > Utah > St. George > Crawdad Canyon,crawdad canyon,84.8,41,41,0,exact_grade
141c977a-6736-50bc-9625-1800e3b13270,26870,White Wedding,White Wedding,sport,5.14a,25,1,exact,United States > Oregon > Central Oregon > Smith Rock > (d) Aggro Gully,North America > United States > Oregon > Smith Rock > Aggro Gully,aggro gully,91.7,9,9,0,near_grade
14348a80-c2a3-417c-91e9-9b929b4d56a6,69018,Golden God,Golden God,boulder,v4,4,1,exact,Canada > British Columbia > Squamish > Stawamus Chief > North Wall Boulders,North America > Canada > British Columbia > Squamish > North Walls > Upper Sheriff's Badge Trail,north walls,95.2,54,54,0,near_grade
147321fd-a92c-5efe-915e-4422651667d7,6593,Lets Face It,Let's Face It,sport,5.10b,11,0,compact,United States > Oregon > Central Oregon > Smith Rock > (u) Red Wall,North America > United States > Oregon > Smith Rock > Red Wall,red wall,88.9,7,7,0,exact_grade
150f8ea0-dd89-579f-823a-c76530dfecd3,33942,Churning in the Ozone,Churning In The Ozone,sport,5.13b,23,0,exact,United States > Oregon > Central Oregon > Smith Rock > (g) Morning Glory Wall,North America > United States > Oregon > Smith Rock > Morning Glory Wall,morning glory wall,94.7,17,17,0,exact_grade
1521a605-25dd-5f42-8014-663429d5aee6,52178,The Contortionist,The contortionist,sport,5.12a,18,0,exact,"United States > West Virginia > New River Gorge, The > Summersville (Gauley River) Area > Summersville Lake (main)",North America > United States > West Virginia > New River Gorge > Summersville Lake,summersville lake,87.2,44,44,0,exact_grade
1529d8f0-874e-5ac6-b97d-27433e27fa11,4895,American Beauty,American Beauty,sport,5.12b,19,0,exact,United States > Wyoming > Lander Area > Wild Iris > Aspen Glade,North America > United States > Wyoming > Wild Iris > Aspen Glades,aspen glades,95.7,12,12,0,exact_grade
1536b443-851f-4f3e-81e0-3a3b95ea62e3,3579,Magic Bean Juice,Magic bean juice,trad,5.8,8,0,exact,Canada > British Columbia > Squamish > Shannon Falls > Shannon Springs Wall,North America > Canada > British Columbia > Squamish > Shannon Springs,shannon springs,85.7,7,7,0,exact_grade
15b7c8ae-4be9-5a53-a44b-41fafaf72c82,128595,Nosferatu,Nosferatu,sport,5.10a,11,1,exact,United States > Utah > Wasatch Range > Central Wasatch > Big Cottonwood Canyon,North America > United States > Utah > Big Cottonwood,big cottonwood,80.0,42,42,0,near_grade
15cfc89b-8a29-5491-b373-cac1e93ecbc1,108999,Bad Moon Rising,Bad Moon Rising,sport,5.11a,14,0,exact,United States > Oregon > Central Oregon > Smith Rock > Mesa Verde Wall,North America > United States > Oregon > Smith Rock > Mesa Verde,mesa verde,80.0,3,3,0,exact_grade
163eb81c-459f-5d0a-bb77-f90217b2492b,113995,Voyage of the Cowdog,Voyage of the Cow Dog,sport,5.8+,9,1,compact,United States > Oregon > Central Oregon > Smith Rock > (a) Picnic Lunch Wall,North America > United States > Oregon > Smith Rock > Picnic Lunch Wall,picnic lunch wall,94.4,4,4,0,near_grade
1669152f-3a3f-586c-a0ee-74c54e3cc8e7,131365,Strong Arm With the Lads,Strong Arm with the Lads,sport,5.11a,14,0,exact,United States > Utah > Wasatch Range > Central Wasatch > Big Cottonwood Canyon,North America > United States > Utah > Big Cottonwood,big cottonwood,80.0,41,41,0,exact_grade
16804b16-a610-5624-8f9b-ed4ae44f74fd,83745,One Armed Bandit,One Armed Bandit,sport,5.10a,10,0,exact,United States > Arizona > Northern Arizona > Winslow- Hwy’s 87 & 99 Corridors > Jacks Canyon,North America > United States > Arizona > Jack's Canyon,jack s canyon,96.0,68,68,0,exact_grade
1695e1b7-f4c8-532a-9ad2-2fac1678bcb1,124460,Kiss it Goodbye,Kiss It Goodbye,sport,5.12d,21,0,exact,United States > Utah > Wasatch Range > Central Wasatch > Big Cottonwood Canyon,North America > United States > Utah > Big Cottonwood,big cottonwood,80.0,41,41,0,exact_grade
16b3a4bb-5a3d-5ea7-ba26-061e590a99f7,90672,Bloodline,Bloodline,sport,5.12b,19,0,exact,United States > Oregon > Portland & The Gorge > Broughton Bluff > (6) Bat Wall,North America > United States > Oregon > Broughton Bluff > Bat Wall,bat wall,88.9,7,7,0,exact_grade
16fc7c9d-f0d9-514d-b655-9642981cb8d9,92960,Snap to Attention,Snap to Attention,boulder,V2,4,1,exact,United States > Washington > Northeast Corner & Spokane > Spokane Area > Tum Tum,"North America > United States > Washington > Tum Tum, WA",tum tum wa,82.4,3,3,0,near_grade
1740f659-1c4b-416f-9e8d-d4ac9949aa1d,5594,Hotel California,Hotel California,boulder,v2,3,0,exact,Canada > British Columbia > Kootenays West > Nelson > Bealby Boulders,North America > Canada > British Columbia > West Kootenay > Nelson > Bealby Rd,bealby rd,80.0,8,8,0,exact_grade
17696196-c116-5dec-bc5a-52e3510081d4,90814,Paradigm Shift,Paradigm Shift,sport,5.12b,19,0,exact,United States > Utah > Southwest Utah > Saint George > Crawdad Canyon / Veyo,North America > United States > Utah > St. George > Crawdad Canyon,crawdad canyon,84.8,41,41,0,exact_grade
17ba6ecc-0c88-5fa0-a7f5-f11f7bfe68fa,86371,Packs a Punch,Packs a Punch,boulder,V6-7,8,1,exact,United States > Utah > Wasatch Range > Central Wasatch > Little Cottonwood Canyon,North America > United States > Utah > Little Cottonwood,little cottonwood,82.9,42,42,0,near_grade
180bbff8-2bf7-5eac-8c37-f162cd172964,65697,Sweaty Balls,Sweaty Balls,sport,5.10b,11,0,exact,United States > Wyoming > Lander Area > Wild Iris > Aspen Glade,North America > United States > Wyoming > Wild Iris > Aspen Glades,aspen glades,95.7,12,12,0,exact_grade
183ba127-19ca-59ea-9846-1757fd449753,51799,The Heathen,The Heathen,sport,5.13a,22,0,exact,United States > Oregon > Central Oregon > Smith Rock > (yy) Basalt Rimrock,North America > United States > Oregon > Smith Rock > Basalt Rimrock,basalt rimrock,90.3,14,14,0,exact_grade
1844bcd2-8094-5a15-82b6-e8bcf620cc5c,19229,Bored Of Inquiry,Bored of Inquiry,sport,5.12b,19,0,exact,United States > Arizona > Northern Arizona > Winslow- Hwy’s 87 & 99 Corridors > Jacks Canyon,North America > United States > Arizona > Jack's Canyon,jack s canyon,96.0,68,68,0,exact_grade
18751659-05f5-403a-8ce3-4415a09efa90,99996,Mr. Bigglesworth,Mr. Bigglesworth,boulder,v8-,8,1,exact,Canada > British Columbia > Squamish > Stawamus Chief > Grand Wall Boulders,North America > Canada > British Columbia > Squamish > Grand Wall Boulders > Titanic North,grand wall,100.0,201,0,201,near_grade
1893cd4c-e62a-4dee-874f-344f855e8bce,19784,A Thor et a Travers,A Thor et a Travers,boulder,v7,8,0,exact,Canada > British Columbia > Fraser Valley > The Stacks > Upper Left Stacks,North America > Canada > British Columbia > Fraser Valley > Hope > The Stacks > Upper Stacks,upper stacks,82.8,5,5,0,exact_grade
18bd4b12-73e0-531e-acea-765692590ae1,58648,Beware of Dog,Beware of Dog,sport,5.10d,13,0,exact,United States > Utah > Wasatch Range > Central Wasatch > Big Cottonwood Canyon,North America > United States > Utah > Big Cottonwood,big cottonwood,80.0,41,41,0,exact_grade
196589d7-d02a-5103-87bc-5cc2749186ec,109277,Bill's Flake,Bill's Flake,trad,5.10a,10,0,exact,United States > Oregon > Central Oregon > Smith Rock > (u) Red Wall,North America > United States > Oregon > Smith Rock > Red Wall,red wall,88.9,7,7,0,exact_grade
19e94060-6f0e-4bf6-99ad-c1e5df9eaee6,76105,La ligne féministe,La ligne féministe,sport,5.8,8,0,exact,Canada > Quebec > Bas-Saint-Laurent > La montagne à Coton > Le fils à Coton,North America > Canada > Québec > Montagne à Coton > Fils à Coton,fils a coton,88.9,2,2,0,exact_grade
19ea2d08-1a6d-57c7-8ec9-b54b13ae1de9,92940,Red Light District,Red Light District,sport,5.10a,9,1,exact,United States > Utah > Wasatch Range > Central Wasatch > Big Cottonwood Canyon,North America > United States > Utah > Big Cottonwood,big cottonwood,80.0,42,42,0,near_grade
1a4e77dc-83c0-5e52-a6b6-3557ff2afbc4,95501,Christopher Reeve,Christopher Reeve,boulder,V2,3,0,exact,United States > Utah > Wasatch Range > Central Wasatch > Little Cottonwood Canyon,North America > United States > Utah > Little Cottonwood,little cottonwood,82.9,41,41,0,exact_grade
1a5a9fb9-0433-43e0-ac8b-ad22f0ec07e6,93393,Trepanning,Trepanning,boulder,v6,7,0,exact,Canada > British Columbia > Fraser Valley > The Stacks > Upper Left Stacks,North America > Canada > British Columbia > Fraser Valley > Hope > The Stacks > Upper Stacks,upper stacks,82.8,5,5,0,exact_grade
1af98254-c9e1-5aca-85f8-710654db9e95,44296,Bovine Intervention,Bovine Intervention,sport,5.10d,13,0,exact,United States > Wyoming > Lander Area > Wild Iris > Aspen Glade,North America > United States > Wyoming > Wild Iris > Aspen Glades,aspen glades,95.7,12,12,0,exact_grade
1bccf9e1-c596-5d44-9c38-a683ec7169a3,22511,Fabulous Groupies,Fabulous Groupies,sport,5.9+,9,0,exact,"United States > West Virginia > New River Gorge, The > Summersville (Gauley River) Area > Summersville Lake (main)",North America > United States > West Virginia > New River Gorge > Summersville Lake,summersville lake,87.2,44,44,0,exact_grade
1be7e5a1-1ceb-5333-b376-d7db1a9da71c,60932,The Cryptologist,The cryptologist,boulder,V3,4,0,exact,United States > New York > Adirondacks > H: Southern Mountains > Nine Corner Lake,North America > United States > New York > Nine Corners Lake,nine corners lake,97.0,14,14,0,exact_grade
1c6b48fa-4d15-5ae3-b78f-ef095039c9b3,70205,Exclamation Point,Exclamation Point,boulder,V0,1,0,exact,United States > New York > Adirondacks > H: Southern Mountains > Nine Corner Lake,North America > United States > New York > Nine Corners Lake,nine corners lake,97.0,14,14,0,exact_grade
1c7be251-165c-4eaa-9dad-72baa657b575,18516,Pre History,Pre History,boulder,v3,4,0,exact,Canada > British Columbia > Fraser Valley > The Stacks > Lower Left Stacks,North America > Canada > British Columbia > Fraser Valley > Hope > The Stacks > Lower Stacks,lower stacks,82.8,17,17,0,exact_grade
1d0d334f-e022-4a17-bebb-ef6892e023ad,99495,Tortillas,Tortillas,boulder,V0,1,0,exact,Canada > British Columbia > Squamish > Stawamus Chief > North Wall Boulders,North America > Canada > British Columbia > Squamish > North Walls > The Magic Kingdom,north walls,95.2,53,53,0,exact_grade
1d44d23d-aaeb-5542-88fe-174d3f960453,28356,Narcissus,Narcissus,sport,5.12a,18,0,exact,"United States > West Virginia > New River Gorge, The > Summersville (Gauley River) Area > Summersville Lake (main)",North America > United States > West Virginia > New River Gorge > Summersville Lake,summersville lake,87.2,44,44,0,exact_grade
1d5d46a0-e17c-56f5-8107-710d5ddb68b7,62978,Critical Mass,Critical Mass,sport,5.11c,16,0,exact,United States > Oregon > Portland & The Gorge > Broughton Bluff > (3) Red Wall,North America > United States > Oregon > Broughton Bluff > Red Wall,red wall,88.9,3,3,0,exact_grade
1db93b77-efc0-4c0c-bc4d-1641a6083e16,53353,Super Sirius,Super Sirius,boulder,V9,9,1,exact,Canada > British Columbia > Squamish > Stawamus Chief > North Wall Boulders,North America > Canada > British Columbia > Squamish > North Walls > The Dark Side,north walls,95.2,54,54,0,near_grade
1e075918-e230-573a-ae19-10c547351573,21383,Satan's Corner,Satan's Corner,trad,5.8,8,0,exact,United States > Utah > Wasatch Range > Central Wasatch > Little Cottonwood Canyon,North America > United States > Utah > Little Cottonwood,little cottonwood,82.9,41,41,0,exact_grade
1e1ee0bb-5f26-5aa7-995d-fa5917f409d6,32482,Mental Block Party,Mental Block Party,sport,5.11a,14,0,exact,United States > Arizona > Northern Arizona > Winslow- Hwy’s 87 & 99 Corridors > Jacks Canyon,North America > United States > Arizona > Jack's Canyon > Moenkopi > Cracker Jacks,jack s canyon,96.0,68,68,0,exact_grade
1e32fb7a-d30b-5059-bf19-603974383273,129005,Bong A Long,Bong a Long,sport,5.9-,9,0,exact,United States > Utah > Wasatch Range > Central Wasatch > Big Cottonwood Canyon,North America > United States > Utah > Big Cottonwood,big cottonwood,80.0,41,41,0,exact_grade
1e96e2de-12d8-51d2-ad2f-8f32e2f386ce,41013,Zebra Direct,Zebra Direct,sport,5.11a,15,1,exact,United States > Oregon > Central Oregon > Smith Rock > (g) Morning Glory Wall,North America > United States > Oregon > Smith Rock > Morning Glory Wall,morning glory wall,94.7,18,18,0,near_grade
1e9c9547-487a-45c0-ba88-918e3d03b2a0,37190,Briefing,Briefing,boulder,v0,1,0,exact,Canada > British Columbia > Squamish > Stawamus Chief > North Wall Boulders,North America > Canada > British Columbia > Squamish > North Walls > The Clean Boulders,north walls,95.2,53,53,0,exact_grade
1f1c3f50-708b-4cef-9d54-1c5e17b67395,12720,Troposphere,Troposphere,trad,5.10a,10,0,exact,Canada > British Columbia > Squamish > Shannon Falls > Shannon Springs Wall,North America > Canada > British Columbia > Squamish > Shannon Springs,shannon springs,85.7,7,7,0,exact_grade
1fe02ee7-5f20-4e02-a38e-dd05320c7910,15411,Blind Man's Bluff,Blind Man's Bluff,sport,5.10c,12,0,exact,Canada > Alberta > Bow Valley > Porcupine Creek > Blind Man's Bluff,North America > Canada > Alberta > Kananaskis > Porcupine Creek > Blind Man's Bluff Centre,blind man s bluff centre,82.9,4,4,0,exact_grade
203fc753-e556-4fdb-aa87-2eb688d482c4,140572,Green Onions and Ham,Green Onions and Ham,boulder,v5,6,0,exact,Canada > British Columbia > Fraser Valley > The Stacks > Upper Right Stacks,North America > Canada > British Columbia > Fraser Valley > Hope > The Stacks > Upper Stacks,upper stacks,80.0,8,8,0,exact_grade
204bf575-fde7-50c1-9070-c55231d995cc,118595,Caesar's Corner,Caesar's Corner,sport,5.9,9,0,exact,United States > Utah > Southwest Utah > Saint George > Crawdad Canyon / Veyo,North America > United States > Utah > St. George > Crawdad Canyon,crawdad canyon,84.8,41,41,0,exact_grade
20b7d0d3-20f6-5f36-b676-ccf3b56fd339,7290,White Trash,White Trash,sport,5.12a,18,0,exact,United States > Oregon > Central Oregon > Smith Rock > (z) Lower Gorge,North America > United States > Oregon > Smith Rock > Lower Gorge,lower gorge,91.7,11,11,0,exact_grade
20edc2d8-7a2d-5327-9958-0589df35cbd7,133680,High Dive,High Dive,sport,5.11b,15,0,exact,United States > Utah > Wasatch Range > Central Wasatch > Big Cottonwood Canyon,North America > United States > Utah > Big Cottonwood,big cottonwood,80.0,41,41,0,exact_grade
21410e18-1c52-4834-a116-07872f45f22d,78088,Ambidextrous,Ambidextrous,sport,5.9,9,0,exact,Canada > British Columbia > Kootenays West > Rossland > Rossland - Better Than Nothing,North America > Canada > British Columbia > Better Than Nothing,better than nothing,80.9,3,3,0,exact_grade
2159ad02-9488-558a-b232-5e24301fe5e6,46891,Coleslaw and Chemicals,Coleslaw and Chemicals,sport,5.13a,22,0,exact,United States > Oregon > Central Oregon > Smith Rock > (a) Picnic Lunch Wall,North America > United States > Oregon > Smith Rock > Picnic Lunch Wall,picnic lunch wall,94.4,3,3,0,exact_grade
21942388-c9c0-5287-8778-41690832cdeb,126191,Haul of Flame,Haul of Flame,sport,5.13b,23,0,exact,United States > Arizona > Northern Arizona > Winslow- Hwy’s 87 & 99 Corridors > Jacks Canyon,North America > United States > Arizona > Jack's Canyon,jack s canyon,96.0,68,68,0,exact_grade
21b202cb-e8bc-5adc-86cb-2d00cef1afd4,10268,Imposter Complex,Imposter Complex,sport,5.10b,12,1,exact,United States > Oregon > Central Oregon > Smith Rock > (v) Monument Area,North America > United States > Oregon > Smith Rock > The Monument,monument,88.9,10,10,0,near_grade
220e7fde-95e5-5751-87eb-9cf984fdb2e9,45604,Unique Monique,Unique Monique,sport,5.12a,18,0,exact,United States > Oregon > Central Oregon > Smith Rock > (zz) Upper Gorge,North America > United States > Oregon > Smith Rock > Upper Gorge,upper gorge,88.0,3,3,0,exact_grade
226d7516-bf76-4a31-ae50-b10cf18b251a,110936,Allégorie de la caverne,Allégorie de la caverne,boulder,v3,4,0,exact,Canada > Quebec > Mauricie > Site d'escalade de Trois-Rives > 10 - Les blocs,North America > Canada > Québec > Trois-Rives > Les blocs,les blocs,85.7,8,8,0,exact_grade
22cd20b0-7dec-515a-bf6e-6e84017910b2,973,"She got the Bosch, I got Drilled","She Got the Bosch, I Got Drilled",sport,5.10a,10,0,exact,"United States > West Virginia > New River Gorge, The > Summersville (Gauley River) Area > Summersville Lake (main)",North America > United States > West Virginia > New River Gorge > Summersville Lake,summersville lake,87.2,44,44,0,exact_grade
22fe3cf1-401a-4691-bf67-1671f586acbe,35535,Action Man,Action Man,boulder,v8,9,0,exact,Canada > British Columbia > Squamish > Stawamus Chief > North Wall Boulders,North America > Canada > British Columbia > Squamish > North Walls > Action Man,north walls,95.2,53,53,0,exact_grade
23085c05-7439-5e7e-9efb-331beae4b2cb,83605,Classic Overhang Direct,Classic Overhang Direct,boulder,V3,4,0,exact,United States > North Carolina > 3. Piedmont Region > Crowders Mountain > Dixon School Boulders,North America > United States > North Carolina > Dixon School Road Boulders,dixon school road,82.8,4,4,0,exact_grade
231c6214-544a-57c3-8dd2-e5c4211ed5be,109410,Finger Puppet,Finger Puppet,sport,5.10a,10,0,exact,United States > Oregon > Central Oregon > Smith Rock > (u) Red Wall,North America > United States > Oregon > Smith Rock > Red Wall,red wall,88.9,7,7,0,exact_grade
233a7b48-c437-58e8-8c1f-245b63bc9874,17633,Time Step,Time Step,sport,5.10b,11,0,exact,United States > Oregon > Central Oregon > Smith Rock > (v) Monument Area,North America > United States > Oregon > Smith Rock > The Monument,monument,88.9,9,9,0,exact_grade
23712bdf-0d16-5a13-b63f-9569bdac692c,92452,"Bears, Beets, Battlestar Galactica","Bears, Beets, Battlestar Galactica",boulder,V3,4,0,exact,United States > Washington > Northeast Corner & Spokane > Spokane Area > Tum Tum,"North America > United States > Washington > Tum Tum, WA",tum tum wa,82.4,2,2,0,exact_grade
237d8991-edb9-59b6-96fa-bf837cca484e,107754,Winking Owl,Winking Owl,sport,5.10d,13,0,exact,United States > Utah > Wasatch Range > Central Wasatch > Little Cottonwood Canyon,North America > United States > Utah > Little Cottonwood,little cottonwood,82.9,41,41,0,exact_grade
239aedb7-3838-553e-9894-75849869e28c,87038,Pray to the Feather,Pray to the feather,sport,5.11b,15,0,exact,United States > Utah > Southwest Utah > Parowan > Parowan Gap (all crags),North America > United States > Utah > Cedar City > Parowan Gap,parowan gap,84.6,3,3,0,exact_grade
23f97488-0a00-5b24-81c9-14ae2de6ffbc,95351,Satisfaction Guaranteed,Satisfaction Guaranteed,sport,5.11a/b,14,0,exact,"United States > West Virginia > New River Gorge, The > Summersville (Gauley River) Area > Summersville Lake (main)",North America > United States > West Virginia > New River Gorge > Summersville Lake > Satisfaction Wall,summersville lake,87.2,44,44,0,exact_grade
24aeceda-eb13-4082-b25b-f2c9e837dc92,942,Burning Cross,Burning Cross,sport,5.11c,16,0,exact,Canada > British Columbia > Okanagan > Cedar Park > Devil's Furnace,North America > Canada > British Columbia > Kelowna > Cedar Park > Devils furnace,devils furnace,96.6,2,2,0,exact_grade
25413e57-6da7-4842-bad0-59cff108591b,40011,Double the Points,Double the Points,boulder,v0,1,0,exact,Canada > British Columbia > Squamish > Stawamus Chief > North Wall Boulders,North America > Canada > British Columbia > Squamish > North Walls > The Clean Boulders > Death star,north walls,95.2,53,53,0,exact_grade
254cb4b0-c1d7-4064-a768-948e9a8379f8,27572,Pounce Method,Pounce Method,boulder,v7,8,0,exact,Canada > British Columbia > Fraser Valley > The Stacks > Upper Right Stacks,North America > Canada > British Columbia > Fraser Valley > Hope > The Stacks > Upper Stacks,upper stacks,80.0,8,8,0,exact_grade
257e2517-af2d-57df-b6c5-554e895125e4,22547,Sweet as Hank,Sweet as Hank,sport,5.12b,20,1,exact,United States > Oregon > Central Oregon > Smith Rock > (v) Monument Area,North America > United States > Oregon > Smith Rock > The Monument,monument,88.9,10,10,0,near_grade
25c1d657-32ef-58e3-af18-216c7291ba7f,18221,Jackson Five Ten,Jackson Five Ten,sport,5.10a,10,0,exact,United States > Arizona > Northern Arizona > Winslow- Hwy’s 87 & 99 Corridors > Jacks Canyon,North America > United States > Arizona > Jack's Canyon,jack s canyon,96.0,68,68,0,exact_grade
25de7807-fbc0-51a8-86da-356b7a68b88b,17015,Blood Clot,Blood Clot,trad,5.10b,11,0,exact,United States > Oregon > Central Oregon > Smith Rock > (z) Lower Gorge,North America > United States > Oregon > Smith Rock > Lower Gorge,lower gorge,91.7,11,11,0,exact_grade
263184ce-7d96-5d45-bc61-9282d668fa12,92720,Narcissist,Narcissist,sport,5.13a,22,0,exact,United States > California > San Bernardino Mountains > Highway 38 Crags > (c) Frustration Creek,North America > United States > California > Frustration Creek,frustration creek,94.4,7,7,0,exact_grade
2659c007-cb74-5569-a762-518765745c31,70351,Teddy Bear's Picnic,Teddy Bear's Picnic,sport,5.10b,11,0,exact,United States > Oregon > Central Oregon > Smith Rock > (a) Picnic Lunch Wall,North America > United States > Oregon > Smith Rock > Picnic Lunch Wall,picnic lunch wall,94.4,3,3,0,exact_grade
26e0eade-1cb8-4d62-989a-adf9aced8f5e,11674,Cash for Clunkers,Cash For Clunkers,boulder,v1,2,0,exact,Canada > British Columbia > Squamish > Stawamus Chief > North Wall Boulders,North America > Canada > British Columbia > Squamish > North Walls > The Clean Boulders > Death star,north walls,95.2,53,53,0,exact_grade
27001e0c-2362-5ac2-aa76-4570b9571c85,82932,I Am Sam,I Am Sam,boulder,V5,6,0,exact,United States > Utah > Wasatch Range > Central Wasatch > Little Cottonwood Canyon,North America > United States > Utah > Little Cottonwood,little cottonwood,82.9,41,41,0,exact_grade
272a15d8-d5d9-4974-9895-7276f6383a47,23188,Kingdom of the Blind,Kingdom of the Blind,sport,5.12a,18,0,exact,Canada > Alberta > Banff National Park > Radium Highway (92 South) > Stanley Headwall (Rock),North America > Canada > Alberta > Banff National Park > Stanley Headwall > Stanley Sport > Gery's Wall,stanley headwall,86.5,10,10,0,exact_grade
276280ac-d210-4330-aaaf-89cec5471e23,118850,Dino Riders,Dino Riders,boulder,v0,1,0,exact,Canada > British Columbia > Fraser Valley > The Stacks > Lower Left Stacks,North America > Canada > British Columbia > Fraser Valley > Hope > The Stacks > Lower Stacks,lower stacks,82.8,17,17,0,exact_grade
27c39cb8-0158-5788-8bac-b1b3e8704ef7,81772,Jumbo Jack,Jumbo Jack,sport,5.10b,11,0,exact,United States > Arizona > Northern Arizona > Winslow- Hwy’s 87 & 99 Corridors > Jacks Canyon,North America > United States > Arizona > Jack's Canyon,jack s canyon,96.0,68,68,0,exact_grade
2880c361-aa8e-5fca-952a-5fbdd23aef1e,118739,Fish Story,Fish Story,sport,5.9,9,0,exact,United States > Utah > Southwest Utah > Saint George > Crawdad Canyon / Veyo,North America > United States > Utah > St. George > Crawdad Canyon,crawdad canyon,84.8,41,41,0,exact_grade
28d8426b-a812-5f7b-9ddd-d2bab9862656,59132,Fun in the Sun,Fun in the Sun,sport,5.10d,13,0,exact,United States > Utah > Southwest Utah > Saint George > Crawdad Canyon / Veyo,North America > United States > Utah > St. George > Crawdad Canyon,crawdad canyon,84.8,41,41,0,exact_grade
29065eff-f127-55ce-a6e4-3ddd6f429027,139468,Hopscotch,Hop Scotch,sport,5.12a,19,1,compact,United States > Utah > Southwest Utah > Saint George > Crawdad Canyon / Veyo,North America > United States > Utah > St. George > Crawdad Canyon,crawdad canyon,84.8,42,42,0,near_grade
2919c6dd-786d-5299-af10-59c7bf64afe0,111795,Vaseline Vision,Vaseline Vision,sport,5.12a/b,19,1,exact,"United States > West Virginia > New River Gorge, The > Summersville (Gauley River) Area > Summersville Lake (main)",North America > United States > West Virginia > New River Gorge > Summersville Lake,summersville lake,87.2,45,45,0,near_grade
297cca22-7e0c-425e-acd6-b31e256fe6b9,18351,Resurrection,Resurrection,boulder,v9,9,1,exact,Canada > British Columbia > Squamish > Stawamus Chief > North Wall Boulders,North America > Canada > British Columbia > Squamish > North Walls > The Farm,north walls,95.2,54,54,0,near_grade
2a3aa8f4-c2b4-5f70-8ca0-314baf757734,26069,Armed and Dangerous,Armed & Dangerous,sport,5.10b,11,0,exact,"United States > West Virginia > New River Gorge, The > Summersville (Gauley River) Area > Summersville Lake (main)",North America > United States > West Virginia > New River Gorge > Summersville Lake,summersville lake,87.2,44,44,0,exact_grade
2a3ae8ef-17e2-5afc-9e8c-604374f22aa5,106066,Orange Crush,Orange Crush,sport,5.13b,24,1,exact,United States > Utah > Wasatch Range > Central Wasatch > Little Cottonwood Canyon,North America > United States > Utah > Little Cottonwood,little cottonwood,82.9,42,42,0,near_grade
2a7fda16-8312-5b5b-994b-c791d5799871,115243,Precardial Thump,Precardial Thump,sport,5.10d,13,0,exact,United States > Utah > Southwest Utah > Saint George > Crawdad Canyon / Veyo,North America > United States > Utah > St. George > Crawdad Canyon,crawdad canyon,84.8,41,41,0,exact_grade
2a85f9c5-fe1d-5395-b245-ee031c1f03de,30784,Black Monday,Black Monday,sport,5.11a,14,0,exact,United States > Utah > Wasatch Range > Central Wasatch > Big Cottonwood Canyon,North America > United States > Utah > Big Cottonwood,big cottonwood,80.0,41,41,0,exact_grade
2af31bd7-b8ca-54c0-a920-69b51ce191a0,25227,Hanging Judge,Hanging Judge,sport,5.11a,14,0,exact,United States > Oregon > Portland & The Gorge > Broughton Bluff > (6) Bat Wall,North America > United States > Oregon > Broughton Bluff > Bat Wall,bat wall,88.9,7,7,0,exact_grade
2b278e8a-b0e9-5dc0-8156-ebeae3d9975d,9798,Mickey Goes to Vegas,Mickey Goes to Vegas,sport,5.9,9,0,exact,United States > Arizona > Northern Arizona > Winslow- Hwy’s 87 & 99 Corridors > Jacks Canyon,North America > United States > Arizona > Jack's Canyon,jack s canyon,96.0,68,68,0,exact_grade
2b7b02cc-5299-5ff1-9b04-3a5331927513,57374,Devious Dogs,Devious Dogs,sport,5.10d,14,1,exact,United States > Utah > Wasatch Range > Central Wasatch > Big Cottonwood Canyon,North America > United States > Utah > Big Cottonwood,big cottonwood,80.0,42,42,0,near_grade
2b81ea1c-4cee-5977-ab53-d4c42b4b2f6b,74340,Sands of Blood,Sands of Blood,sport,5.9,9,0,exact,United States > Utah > Southwest Utah > Saint George > Chuckawalla Wall,North America > United States > Utah > St. George > Chuckawalla,chuckawalla,81.5,17,17,0,exact_grade
2ba0c4a5-e8dc-544c-a820-a60df356912b,54804,Fly Soup,Fly Soup,sport,5.7,7,0,exact,United States > Utah > Southwest Utah > Saint George > Crawdad Canyon / Veyo,North America > United States > Utah > St. George > Crawdad Canyon,crawdad canyon,84.8,41,41,0,exact_grade
2bb01df4-a12f-5896-ab12-23ea2c0749c6,28072,Dark Arts,Dark Arts,sport,5.10d,13,0,exact,United States > Oregon > Portland & The Gorge > Broughton Bluff > (6) Bat Wall,North America > United States > Oregon > Broughton Bluff > Bat Wall,bat wall,88.9,7,7,0,exact_grade
2c3e9b32-0b65-49a1-9ba0-2a2b37ef8f9d,40830,Hello M'Lady,Hello M'Lady,boulder,v2,3,0,exact,Canada > British Columbia > Fraser Valley > The Stacks > Upper Right Stacks,North America > Canada > British Columbia > Fraser Valley > Hope > The Stacks > Upper Stacks,upper stacks,80.0,8,8,0,exact_grade
2c9942e7-2603-57e3-9be5-88d8363cbeca,124493,Strong Arming the Little Guy,Strong Arming The Little Guy,sport,5.10b,11,0,exact,"United States > West Virginia > New River Gorge, The > Summersville (Gauley River) Area > Summersville Lake (main)",North America > United States > West Virginia > New River Gorge > Summersville Lake,summersville lake,87.2,44,44,0,exact_grade
2cabd94e-1ec8-5fcc-a5ac-7cfb593ec4e7,91810,Deep Splash,Deep Splash,sport,5.11d,17,0,exact,United States > Oregon > Central Oregon > Smith Rock > (l) Christian Brothers,North America > United States > Oregon > Smith Rock > Christian Brothers,christian brothers,94.7,20,20,0,exact_grade
2d0f9d24-ca03-5fcc-a540-ceae6cbe5271,68623,Step Right Up,Step Right Up,sport,5.9,9,0,exact,United States > Arizona > Northern Arizona > Winslow- Hwy’s 87 & 99 Corridors > Jacks Canyon,North America > United States > Arizona > Jack's Canyon,jack s canyon,96.0,68,68,0,exact_grade
2d4ff332-24d9-4969-9cf0-68ff03ba73fe,40520,Man Overboard,Man Overboard,sport,5.11c,16,0,exact,Canada > Ontario > Ontario South Bouldering and Rock > Lion's Head > Lady Slipper Wall,North America > Canada > Ontario > Lion's head > Lady Slipper,lady slipper,82.8,5,5,0,exact_grade
2e1e34b9-e036-4263-b586-4f79f495f411,106750,Podorythmik,Podorythmik,sport,5.11b,15,0,exact,Canada > Quebec > Lanaudiere > Lac du Cap > Banlieue,North America > Canada > Québec > Lac du Cap > La Banlieue,la banlieue,84.2,9,9,0,exact_grade
2e459fa2-3ad1-5e3e-95e0-a11c99ab9396,23062,Basic Reality,Basic Reality,sport,5.10c,11,1,exact,United States > Arizona > Northern Arizona > Winslow- Hwy’s 87 & 99 Corridors > Jacks Canyon,North America > United States > Arizona > Jack's Canyon,jack s canyon,96.0,69,69,0,near_grade
2e4cbf89-67cf-5c99-830f-98f93dc7bbfc,40639,Death From Above,Death from Above,sport,5.13b,23,0,exact,United States > Utah > Central Utah > Maple Canyon > Maple Canyon Road,North America > United States > Utah > Maple Canyon > The Compound,maple canyon,82.8,81,13,68,exact_grade
2e5c02a3-ee74-5eb4-b9ff-95bff58dd0b6,37724,Black Jack Crack,Black Jack Crack,sport,5.10a,11,1,exact,United States > Arizona > Northern Arizona > Winslow- Hwy’s 87 & 99 Corridors > Jacks Canyon,North America > United States > Arizona > Jack's Canyon,jack s canyon,96.0,69,69,0,near_grade
2fb5fba2-e714-405f-beec-1a5410e1ffda,1938,Cabin Boys,Cabin Boys,trad,5.10d,13,0,exact,Canada > British Columbia > Squamish > The Smoke Bluffs > Cabin Boy's Office,North America > Canada > British Columbia > Squamish > Smoke Bluffs > Cabin Boy’s Office,cabin boys office,97.1,4,4,0,exact_grade
2fc42c4d-c349-51ff-beb5-61129ce6d6b0,45825,Neptune's Spear,Neptune's Spear,sport,5.13b,23,0,exact,United States > Utah > Central Utah > Maple Canyon > Maple Canyon Road,North America > United States > Utah > Maple Canyon > The Compound,maple canyon,82.8,81,13,68,exact_grade
300cbf0f-daf7-5288-b5b3-742758107fa0,107037,Angle of Attack,Angle of Attack,sport,5.12c,20,0,exact,"United States > West Virginia > New River Gorge, The > Summersville (Gauley River) Area > Summersville Lake (main)",North America > United States > West Virginia > New River Gorge > Summersville Lake,summersville lake,87.2,44,44,0,exact_grade
3114697c-88af-5e01-8ac7-a2d3c8a81e2c,43792,Buzzer Beater,Buzzer Beater,sport,5.10d,12,1,exact,United States > Oregon > Central Oregon > Smith Rock > (v) Monument Area,North America > United States > Oregon > Smith Rock > The Monument,monument,88.9,10,10,0,near_grade
31178f06-4a9c-5520-beb8-b8e7487e3382,89732,Waste Case,Waste Case,sport,5.13b/c,23,0,exact,United States > Oregon > Central Oregon > Smith Rock > (g) Morning Glory Wall,North America > United States > Oregon > Smith Rock > Morning Glory Wall,morning glory wall,94.7,17,17,0,exact_grade
311a08e6-7418-47e9-86c3-2a0dbfb47a7e,34089,Elbow Room,Elbow Room,boulder,v2,3,0,exact,Canada > British Columbia > Fraser Valley > The Stacks > Lower Left Stacks,North America > Canada > British Columbia > Fraser Valley > Hope > The Stacks > Lower Stacks,lower stacks,82.8,17,17,0,exact_grade
31db5d95-afc3-5744-8841-5ba412cc7656,84359,Icky Thump,Icky Thump,boulder,V1-,1,1,exact,United States > North Carolina > 3. Piedmont Region > Crowders Mountain > Dixon School Boulders,North America > United States > North Carolina > Dixon School Road Boulders,dixon school road,82.8,5,5,0,near_grade
3246556b-c0a4-4c11-942e-01da27784b37,9192,Lumpy Lane,Lumpy Lane,sport,5.9,9,0,exact,Canada > Alberta > Bow Valley > Grassi Lakes (Closed 2022) > Gardener's Wall,North America > Canada > Alberta > Bow Valley > Grassi Lakes > Gardeners Wall,gardeners wall,96.6,11,11,0,exact_grade
3257666f-73e1-54b1-b424-1cdf0f25405a,106057,Six Dollars,Six Dollars,sport,5.11d,17,0,exact,"United States > West Virginia > New River Gorge, The > Summersville (Gauley River) Area > Summersville Lake (main)",North America > United States > West Virginia > New River Gorge > Summersville Lake,summersville lake,87.2,44,44,0,exact_grade
32784394-b16f-5732-8232-efd67258482c,114009,Seven Minutes of Heaven,Seven Minutes of Heaven,sport,5.12a,17,1,exact,"United States > West Virginia > New River Gorge, The > Summersville (Gauley River) Area > Summersville Lake (main)",North America > United States > West Virginia > New River Gorge > Summersville Lake,summersville lake,87.2,45,45,0,near_grade
329e0827-9acc-51b4-bc21-034380b571af,15394,Bay of Pigs,Bay of Pigs,sport,5.10d,12,1,exact,United States > Oregon > Central Oregon > Smith Rock > (u) Red Wall,North America > United States > Oregon > Smith Rock > Red Wall,red wall,88.9,8,8,0,near_grade
32bfa2c2-ab9d-5ad5-ad6c-ea4655229c76,17621,Take The Money and Run,Take the money and run,sport,5.11b/c,15,0,exact,United States > Arizona > Northern Arizona > Winslow- Hwy’s 87 & 99 Corridors > Jacks Canyon,North America > United States > Arizona > Jack's Canyon,jack s canyon,96.0,68,68,0,exact_grade
32f177d5-3b4a-55b8-875a-c338c6043dd5,48389,Papillion,Papillion,sport,5.8+,8,0,exact,United States > Oregon > Central Oregon > Smith Rock > (u) Red Wall,North America > United States > Oregon > Smith Rock > Red Wall,red wall,88.9,7,7,0,exact_grade
336b585c-32a0-55b9-a15d-3a98db4a2b22,76831,Party Pooper,Party Pooper,boulder,V4,5,0,exact,United States > Utah > Wasatch Range > Central Wasatch > Little Cottonwood Canyon,North America > United States > Utah > Little Cottonwood,little cottonwood,82.9,41,41,0,exact_grade
33acde11-c1ff-5022-bf18-61fecebffb21,140741,Choke Cherry Eyes,Choke Cherry Eyes,sport,5.12a,18,0,exact,United States > Wyoming > Lander Area > Wild Iris > Aspen Glade,North America > United States > Wyoming > Wild Iris > Aspen Glades,aspen glades,95.7,12,12,0,exact_grade
33caa356-fda4-5ec8-957b-3e6ee192098e,23419,Toys In The Attic,Toys in the Attic,trad,5.9,9,0,exact,United States > Oregon > Central Oregon > Smith Rock > (l) Christian Brothers,North America > United States > Oregon > Smith Rock > Christian Brothers,christian brothers,94.7,20,20,0,exact_grade
344c012e-2167-43eb-b16a-4e3b9eb92fee,84635,Catabolism,Catabolism,boulder,v6,7,0,exact,Canada > Newfoundland and Labrador > Newfoundland > Avalon Peninsula > Butter Pot Park,North America > Canada > Newfoundland > Butterpot Park,butterpot park,96.6,3,3,0,exact_grade
3467114f-4e0f-4753-ae19-5f8b5d7f7d92,13344,Squealing Pork,Squealing Pork,boulder,v7,8,0,exact,Canada > British Columbia > Squamish > Stawamus Chief > North Wall Boulders,North America > Canada > British Columbia > Squamish > North Walls > The Farm,north walls,95.2,53,53,0,exact_grade
34765fe5-aed7-4341-81c8-70c9643e9458,80999,Soul Mining,Soul Mining,sport,5.12b,19,0,exact,Canada > Alberta > Banff National Park > Radium Highway (92 South) > Stanley Headwall (Rock),North America > Canada > Alberta > Banff National Park > Stanley Headwall > Stanley Sport > Gery's Wall,stanley headwall,86.5,10,10,0,exact_grade
350129e8-a5ac-51be-8b57-58c97ef436d3,73217,Capacity Tenacity,Capacity Tenacity,sport,5.12c,20,0,exact,United States > Oregon > Central Oregon > Smith Rock > (v) Monument Area,North America > United States > Oregon > Smith Rock > The Monument,monument,88.9,9,9,0,exact_grade
35389ac1-933b-5b4e-bb78-64c522895411,1301,New Testament,New Testament,trad,5.10a,10,0,exact,United States > Oregon > Central Oregon > Smith Rock > (l) Christian Brothers,North America > United States > Oregon > Smith Rock > Christian Brothers,christian brothers,94.7,20,20,0,exact_grade
361a121c-e6bf-56cd-a1d0-b1d039734a01,5309,Cruel Sister,Cruel Sister,trad,5.10a,11,1,exact,United States > Oregon > Central Oregon > Smith Rock > (z) Lower Gorge,North America > United States > Oregon > Smith Rock > Lower Gorge,lower gorge,91.7,12,12,0,near_grade
36c87d18-eecf-5e76-98a7-cf14511cb8cd,124603,Ionic Bonding,IONIC BONDING,sport,5.11a,14,0,exact,United States > Utah > Wasatch Range > Central Wasatch > Big Cottonwood Canyon,North America > United States > Utah > Big Cottonwood,big cottonwood,80.0,41,41,0,exact_grade
36fa02fb-1387-5ddb-a709-40fef47fa16a,96283,13 Black,13 Black,sport,5.11a,14,0,exact,United States > Arizona > Northern Arizona > Winslow- Hwy’s 87 & 99 Corridors > Jacks Canyon,North America > United States > Arizona > Jack's Canyon,jack s canyon,96.0,68,68,0,exact_grade
3803bacc-929e-58d1-89b9-5aca457dfed3,13121,Hanky Panky,Hanky Panky,sport,5.11b,15,0,exact,United States > Oregon > Central Oregon > Smith Rock > (v) Monument Area,North America > United States > Oregon > Smith Rock > The Monument,monument,88.9,9,9,0,exact_grade
38806712-8199-5ae8-aeb1-a59a84dcb777,83200,Happy Meal,Happy Meal,sport,5.10b,10,1,exact,United States > Oregon > Central Oregon > Smith Rock > (f) Cocaine Gully,North America > United States > Oregon > Smith Rock > Cocaine Gully,cocaine gully,92.9,8,8,0,near_grade
38886091-928e-5bb0-b156-c630aedb8583,89784,Hand Job,Handjob,trad,5.10b,10,1,compact,United States > Oregon > Central Oregon > Smith Rock > (z) Lower Gorge,North America > United States > Oregon > Smith Rock > Lower Gorge,lower gorge,91.7,12,12,0,near_grade
38a5a9e9-136a-5c5e-97e0-82bc5f07f7aa,71816,Hang it Loose,Hang it Loose,trad,5.10b/c,11,0,exact,United States > Oregon > Central Oregon > Smith Rock > (yy) Basalt Rimrock,North America > United States > Oregon > Smith Rock > Basalt Rimrock,basalt rimrock,90.3,14,14,0,exact_grade
38c40185-6ac4-5fac-9f2e-336352fcb1b3,84303,Lucky Pigeon,Lucky Pigeon,sport,5.13c,24,0,exact,United States > Oregon > Central Oregon > Smith Rock > (d) Aggro Gully,North America > United States > Oregon > Smith Rock > Aggro Gully,aggro gully,91.7,8,8,0,exact_grade
393803a7-b8fa-5540-8e19-7f46c2aa1636,79836,Pure Palm,Pure Palm,sport,5.11a,14,0,exact,United States > Oregon > Central Oregon > Smith Rock > (z) Lower Gorge,North America > United States > Oregon > Smith Rock > Lower Gorge,lower gorge,91.7,11,11,0,exact_grade
397beb78-fe7e-5bc0-9336-a29eaf53ed77,32509,Walking While Intoxicated,Walking While Intoxicated,sport,5.10b,11,0,exact,United States > Oregon > Central Oregon > Smith Rock > (c) Shipwreck Wall,North America > United States > Oregon > Smith Rock > Shipwreck Wall,shipwreck wall,93.3,7,7,0,exact_grade
399b35fe-a2bd-4414-9ab5-f60355a3c99b,32894,Tit for Tat,Tit for Tat,trad,5.10b,11,0,exact,Canada > British Columbia > Sunshine Coast > Powell River > Lois Lake Bluffs,North America > Canada > British Columbia > Sunshine Coast > Powell River > Lake Bluffs,lake bluffs,81.5,2,2,0,exact_grade
39d6f4dd-02b1-56f3-b0c3-fddbf286392e,16495,High Roller,High Roller,sport,5.12a,18,0,exact,United States > Arizona > Northern Arizona > Winslow- Hwy’s 87 & 99 Corridors > Jacks Canyon,North America > United States > Arizona > Jack's Canyon,jack s canyon,96.0,68,68,0,exact_grade
3a6337c0-cf6b-55b6-99ff-bb3abc4919c6,74905,Corrupting the Natives,Corrupting the Natives,sport,5.8,7,1,exact,United States > Utah > Southwest Utah > Saint George > Crawdad Canyon / Veyo,North America > United States > Utah > St. George > Crawdad Canyon,crawdad canyon,84.8,42,42,0,near_grade
3ab1ab37-9e11-5b49-bb91-b0ee0cd8f17b,15749,The Blade,The Blade,sport,5.12a,18,0,exact,United States > Oregon > Central Oregon > Smith Rock > (f) Cocaine Gully,North America > United States > Oregon > Smith Rock > Cocaine Gully,cocaine gully,92.9,7,7,0,exact_grade
3adc4fa3-aaab-594a-965a-8d6894f7884f,27414,Big Plans,Big Plans,sport,5.9,10,1,exact,United States > Arizona > Northern Arizona > Winslow- Hwy’s 87 & 99 Corridors > Jacks Canyon,North America > United States > Arizona > Jack's Canyon,jack s canyon,96.0,69,69,0,near_grade
3b2393e6-cea6-531b-aa94-5a98de00b54e,9722,Shortest Straw,Shortest Straw,sport,5.11d,18,1,exact,United States > Arizona > Northern Arizona > Winslow- Hwy’s 87 & 99 Corridors > Jacks Canyon,North America > United States > Arizona > Jack's Canyon,jack s canyon,96.0,69,69,0,near_grade
3b29e79b-7d64-480b-bdd9-6e7ef64bae69,90004,A Tribe Called Quest,A Tribe Called Quest,boulder,V4,5,0,exact,Canada > British Columbia > Squamish > Stawamus Chief > North Wall Boulders,North America > Canada > British Columbia > Squamish > North Walls > The Magic Kingdom,north walls,95.2,53,53,0,exact_grade
3b576942-959e-56a6-a13b-a5d668853fc6,102703,Brain Doner,Brain Doner,sport,5.11b,15,0,exact,United States > Utah > Wasatch Range > Central Wasatch > Little Cottonwood Canyon,North America > United States > Utah > Little Cottonwood,little cottonwood,82.9,41,41,0,exact_grade
3b84f814-7270-59bb-aeb8-9dd79943aa05,21923,Long Live Legos,Long Live Legos,boulder,V7,8,0,exact,United States > New York > Adirondacks > H: Southern Mountains > Nine Corner Lake,North America > United States > New York > Nine Corners Lake,nine corners lake,97.0,14,14,0,exact_grade
3bfbbb31-2982-44a5-9df1-338e92fa6cbc,2689,Baby Beluga,Baby Beluga,boulder,v1-,1,1,exact,Canada > British Columbia > Squamish > Stawamus Chief > North Wall Boulders,North America > Canada > British Columbia > Squamish > North Walls > The Farm,north walls,95.2,54,54,0,near_grade
3bfeef9f-1ba9-5418-a361-43a97ec19688,39773,Beckey's Wall,Beckey's Wall,trad,5.7,7,0,exact,United States > Utah > Wasatch Range > Central Wasatch > Little Cottonwood Canyon,North America > United States > Utah > Little Cottonwood,little cottonwood,82.9,41,41,0,exact_grade
3c105ad2-f5bb-59a5-b283-867217f825a2,28856,The Quickening,The Quickening,sport,5.12c,21,1,exact,United States > Oregon > Central Oregon > Smith Rock > (d) Aggro Gully,North America > United States > Oregon > Smith Rock > Aggro Gully,aggro gully,91.7,9,9,0,near_grade
3c337bfe-e1b3-4df1-b6be-f8f76d2e6b44,19038,Ride the Waves Low,Ride the Waves Low,boulder,v10,11,0,exact,Canada > British Columbia > Squamish > Stawamus Chief > North Wall Boulders,North America > Canada > British Columbia > Squamish > North Walls > The Farm,north walls,95.2,53,53,0,exact_grade
3c4d2321-0186-5d69-8218-24b74631afc8,132203,Touchy Subject,Touchy Subject,sport,5.11c,15,1,exact,United States > Utah > Wasatch Range > Central Wasatch > Big Cottonwood Canyon,North America > United States > Utah > Big Cottonwood,big cottonwood,80.0,42,42,0,near_grade
3cfdeb0c-7ca2-52d3-9fe8-5dd8f124c2cb,133426,Iraq in the Back Attack,Iraq in the Back Attack,sport,5.6,7,1,exact,United States > Utah > Wasatch Range > Central Wasatch > Big Cottonwood Canyon,North America > United States > Utah > Big Cottonwood,big cottonwood,80.0,42,42,0,near_grade
3d04a663-0dc1-4acc-bc3c-01e556a93ec1,116649,Wild Kingdom,Wild Kingdom,boulder,v3,4,0,exact,Canada > British Columbia > Squamish > Stawamus Chief > North Wall Boulders,North America > Canada > British Columbia > Squamish > North Walls > The Magic Kingdom,north walls,95.2,53,53,0,exact_grade
3d0a2b4f-6a25-5c8e-ad0d-8b8bc92b6ca2,84920,Lightning Strike,Lightning Strike,sport,5.12a,18,0,exact,United States > California > San Bernardino Mountains > Highway 38 Crags > (c) Frustration Creek,North America > United States > California > Frustration Creek,frustration creek,94.4,7,7,0,exact_grade
3d50067e-cd0c-518b-b01b-30b5f425eb69,131124,Metamorphosis,Metamorphosis,sport,5.11a,14,0,exact,United States > Utah > Southwest Utah > Saint George > Crawdad Canyon / Veyo,North America > United States > Utah > St. George > Crawdad Canyon,crawdad canyon,84.8,41,41,0,exact_grade
3d79f6ca-75aa-4eab-8b20-650e09ad021a,121173,Spring in Your Step,Spring in your step,sport,5.8,8,0,exact,Canada > British Columbia > Squamish > Shannon Falls > Shannon Springs Wall,North America > Canada > British Columbia > Squamish > Shannon Springs,shannon springs,85.7,7,7,0,exact_grade
3d9b9a0e-fe26-5881-97ee-21fd9297de59,77385,Hollow Man,Hollow Man,sport,5.9,9,0,exact,United States > Utah > Wasatch Range > Central Wasatch > Big Cottonwood Canyon,North America > United States > Utah > Big Cottonwood,big cottonwood,80.0,41,41,0,exact_grade
3dcbdcc0-1b2e-45f5-94e5-16bb9addbad0,24,Tennis Star,Tennis Star,boulder,v1-2,2,0,exact,Canada > British Columbia > Squamish > Stawamus Chief > North Wall Boulders,North America > Canada > British Columbia > Squamish > North Walls > The Clean Boulders > Death star,north walls,95.2,53,53,0,exact_grade
3de8257c-6a63-4f56-ae3c-9104a93e3a77,78336,Laser Blade 5000,Laser Blade 5000,boulder,v5,6,0,exact,Canada > British Columbia > Squamish > Stawamus Chief > North Wall Boulders,North America > Canada > British Columbia > Squamish > North Walls > Upper Sheriff's Badge Trail,north walls,95.2,53,53,0,exact_grade
3dee9b3e-7c5f-50e7-b4d8-76e84869b291,72747,Soul Crusher,Soul Crusher,sport,5.12b,19,0,exact,United States > Oregon > Central Oregon > Smith Rock > (d) Aggro Gully,North America > United States > Oregon > Smith Rock > Aggro Gully,aggro gully,91.7,8,8,0,exact_grade
3e34b241-9990-5dbb-bdf4-d54960b23578,132060,Return of the Jedi,Return of the Jedi,sport,5.11b,15,0,exact,United States > Utah > Southwest Utah > Saint George > Crawdad Canyon / Veyo,North America > United States > Utah > St. George > Crawdad Canyon,crawdad canyon,84.8,41,41,0,exact_grade
3e8d2fa6-85b8-5a89-aff7-5fa3536b7d13,11861,Morning Sky,Morning Sky,sport,5.10c,12,0,exact,United States > Oregon > Central Oregon > Smith Rock > (g) Morning Glory Wall,North America > United States > Oregon > Smith Rock > Morning Glory Wall,morning glory wall,94.7,17,17,0,exact_grade
3ea2cfb0-297a-559f-a24b-79a6cacd6b70,35104,The Big R,The Big R,sport,5.14a,26,0,exact,United States > Oregon > Central Oregon > Smith Rock > (a) Picnic Lunch Wall,North America > United States > Oregon > Smith Rock > Picnic Lunch Wall,picnic lunch wall,94.4,3,3,0,exact_grade
3eae29f9-099e-5e9c-b00d-e104fb9aa812,74648,Chambered Nautilus,Chambered Nautilus,sport,5.10a,10,0,exact,United States > Utah > Wasatch Range > Central Wasatch > Big Cottonwood Canyon,North America > United States > Utah > Big Cottonwood,big cottonwood,80.0,41,41,0,exact_grade
3ef29dac-6945-5a0e-a245-303d05c16fc6,76620,Cross Town,Cross Town,sport,5.11c,15,1,exact,United States > Utah > Wasatch Range > Central Wasatch > Big Cottonwood Canyon,North America > United States > Utah > Big Cottonwood,big cottonwood,80.0,42,42,0,near_grade
3f26202e-2e0a-57f8-a89a-24eb768ad3bc,37179,Fe Fi Fo Fun,fe fi fo fun,sport,5.11d,17,0,exact,United States > Arizona > Northern Arizona > Winslow- Hwy’s 87 & 99 Corridors > Jacks Canyon,North America > United States > Arizona > Jack's Canyon,jack s canyon,96.0,68,68,0,exact_grade
3f563f66-b203-598d-bdeb-6d83444169fc,62199,Turnstyles,Turnstyles,sport,5.9,9,0,exact,United States > Utah > Southwest Utah > Saint George > Crawdad Canyon / Veyo,North America > United States > Utah > St. George > Crawdad Canyon,crawdad canyon,84.8,41,41,0,exact_grade
3fc230c5-639d-5a78-acf1-45a09746fe36,132466,Royally Flushed,Royally Flushed,sport,5.11c,17,1,exact,United States > Arizona > Northern Arizona > Winslow- Hwy’s 87 & 99 Corridors > Jacks Canyon,North America > United States > Arizona > Jack's Canyon,jack s canyon,96.0,69,69,0,near_grade
3fe36e70-832e-5de1-99e6-9edbb4ec4a34,66434,Green Face Sit Start,Green face sit,boulder,V4,5,0,exact,United States > Utah > Wasatch Range > Central Wasatch > Little Cottonwood Canyon,North America > United States > Utah > Little Cottonwood,little cottonwood,82.9,41,41,0,exact_grade
4031b91c-9a55-4244-8baf-9268892ac2d4,74518,Murderous Intent,Murderous Intent,sport,5.11c,16,0,exact,Canada > Alberta > Banff National Park > Radium Highway (92 South) > Stanley Headwall (Rock),North America > Canada > Alberta > Banff National Park > Stanley Headwall > Stanley Sport > Gery's Wall,stanley headwall,86.5,10,10,0,exact_grade
403badb7-0d4d-4e7e-8aba-16834a1df94e,68351,Out for Blood,OUT FOR BLOOD,sport,5.10c,12,0,exact,Canada > Alberta > Banff National Park > Radium Highway (92 South) > Stanley Headwall (Rock),North America > Canada > Alberta > Banff National Park > Stanley Headwall > Stanley Sport > Gery's Wall,stanley headwall,86.5,10,10,0,exact_grade
40439c27-7b3e-4453-93cc-3510bbe769f5,60007,Blind Spot,Blind Spot,boulder,v0,1,0,exact,Canada > British Columbia > Squamish > Stawamus Chief > North Wall Boulders,North America > Canada > British Columbia > Squamish > North Walls > The Clean Boulders,north walls,95.2,53,53,0,exact_grade
40e21584-efec-56dc-a881-5ff909e7329b,59080,Ectomorph Arete,Ectomorph Arête,sport,5.12d,21,0,exact,"United States > West Virginia > New River Gorge, The > Summersville (Gauley River) Area > Summersville Lake (main)",North America > United States > West Virginia > New River Gorge > Summersville Lake,summersville lake,87.2,44,44,0,exact_grade
41b2a5dc-6156-45d3-96ea-bf7465467db7,106686,Giv'er Onions,Giver Onions,boulder,v4,5,0,compact,Canada > British Columbia > Fraser Valley > The Stacks > Upper Right Stacks,North America > Canada > British Columbia > Fraser Valley > Hope > The Stacks > Upper Stacks,upper stacks,80.0,8,8,0,exact_grade
41b3e04c-015f-53ca-a8d0-d85e7e90d08b,34372,Roll the Dice,Roll the Dice,sport,5.10d,13,0,exact,United States > Arizona > Northern Arizona > Winslow- Hwy’s 87 & 99 Corridors > Jacks Canyon,North America > United States > Arizona > Jack's Canyon,jack s canyon,96.0,68,68,0,exact_grade
4230503b-ee22-5f9a-96ae-aa497d795505,30973,Animal Magnetism,Animal Magnetism,sport,5.12c,20,0,exact,United States > Oregon > Central Oregon > Smith Rock > (v) Monument Area,North America > United States > Oregon > Smith Rock > The Monument,monument,88.9,9,9,0,exact_grade
423b4ba9-d5c6-4194-aaf0-8ce400d594bc,93331,Bottom Shelf,Bottom Shelf,boulder,v2,3,0,exact,Canada > British Columbia > Squamish > Stawamus Chief > North Wall Boulders,North America > Canada > British Columbia > Squamish > North Walls > The Clean Boulders > Death star,north walls,95.2,53,53,0,exact_grade
424dc3ca-1ce3-538b-bdda-7f60f18928cf,343,Ragged Edges,Ragged Edges,trad,5.8,8,0,exact,United States > Nevada > Southern Nevada > Red Rocks > Willow Spring,North America > United States > Nevada > Red Rocks > Willow Springs > Ragged Edges,willow springs,96.3,11,11,0,exact_grade
42bb9102-8363-555a-9c21-1bc083b0cb46,4504,Lion Zion,Lion Zion,sport,5.10c,12,0,exact,United States > Oregon > Central Oregon > Smith Rock > (g) Morning Glory Wall,North America > United States > Oregon > Smith Rock > Morning Glory Wall,morning glory wall,94.7,17,17,0,exact_grade
42ca2596-d3de-4963-a682-257e0c0f5172,105014,Maya's Mutiny,Maya's Mutiny,sport,5.12a,18,0,exact,Canada > Alberta > Bow Valley > Porcupine Creek > Blind Man's Bluff,North America > Canada > Alberta > Kananaskis > Porcupine Creek > Blind Man's Bluff Centre,blind man s bluff centre,82.9,4,4,0,exact_grade
42e50f2a-4b0a-52b9-a021-17601834e192,75870,Evil Offspring,Evil Offspring,sport,5.12d,22,1,exact,United States > Arizona > Northern Arizona > Winslow- Hwy’s 87 & 99 Corridors > Jacks Canyon,North America > United States > Arizona > Jack's Canyon,jack s canyon,96.0,69,69,0,near_grade
435c72c0-ca92-53d1-b838-fac4834b0e43,77911,Farmers Tan,Farmers Tan,sport,5.11d,17,0,exact,United States > Utah > Southwest Utah > Saint George > Chuckawalla Wall,North America > United States > Utah > St. George > Chuckawalla,chuckawalla,81.5,17,17,0,exact_grade
4361c34d-31b5-514f-9f98-e5d994708e0d,46637,Flirting with E,Flirting With E,sport,5.11d,17,0,exact,"United States > West Virginia > New River Gorge, The > Summersville (Gauley River) Area > Summersville Lake (main)",North America > United States > West Virginia > New River Gorge > Summersville Lake,summersville lake,87.2,44,44,0,exact_grade
43dcb689-8819-46d6-a38f-65ed0b4581d9,10026,Rutabaga,Rutabaga,trad,5.11a,14,0,exact,Canada > British Columbia > Squamish > Stawamus Chief > Grand Wall Base Area,North America > Canada > British Columbia > Squamish > The Chief > Grand Wall,grand wall,80.0,5,5,0,exact_grade
4411cfa1-18c7-5738-859e-7027f779481d,125331,Three Bars Black,Three Bars Black,sport,5.13a,23,1,exact,United States > Utah > Southwest Utah > Saint George > Chuckawalla Wall,North America > United States > Utah > St. George > Chuckawalla,chuckawalla,81.5,18,18,0,near_grade
444b214f-bd83-53ac-a8fc-d80d8417b9bb,1629,Energy Crisis,Energy Crisis,sport,5.12b,19,0,exact,United States > Oregon > Central Oregon > Smith Rock > (g) Morning Glory Wall,North America > United States > Oregon > Smith Rock > Morning Glory Wall,morning glory wall,94.7,17,17,0,exact_grade
44978eb0-c55c-4522-9f50-60d6d0305694,20173,Marcus' Warm-Up,Marcus' Warm Up,boulder,v0,1,0,exact,Canada > British Columbia > Kootenays West > Nelson > Bealby Boulders,North America > Canada > British Columbia > West Kootenay > Nelson > Bealby Rd,bealby rd,80.0,8,8,0,exact_grade
44b1901c-f3be-5f6b-9a6b-77f29a458357,30613,Right Pile,Right Pile,sport,5.11d,17,0,exact,United States > Utah > Wasatch Range > Central Wasatch > Big Cottonwood Canyon,North America > United States > Utah > Big Cottonwood,big cottonwood,80.0,41,41,0,exact_grade
4520bd2e-45af-5eea-a9b3-17e8d907134e,20302,Mothers Milk,Mothers Milk,sport,5.12d,21,0,exact,United States > Oregon > Central Oregon > Smith Rock > (c) Shipwreck Wall,North America > United States > Oregon > Smith Rock > Shipwreck Wall,shipwreck wall,93.3,7,7,0,exact_grade
45f8ba84-1e90-5948-92d0-54f335779a6d,15404,Process of Elimination,Process of Elimination,sport,5.11b,15,0,exact,"United States > West Virginia > New River Gorge, The > Summersville (Gauley River) Area > Summersville Lake (main)",North America > United States > West Virginia > New River Gorge > Summersville Lake,summersville lake,87.2,44,44,0,exact_grade
45feedd1-8d97-502f-8fa7-db557a3311cc,70181,The Succubus,The Succubus,sport,5.13b,24,1,exact,United States > Oregon > Central Oregon > Smith Rock > (yy) Basalt Rimrock,North America > United States > Oregon > Smith Rock > Basalt Rimrock,basalt rimrock,90.3,15,15,0,near_grade
46070249-4de5-41d8-9cda-02270a49444f,60015,Chive On,Chive On,boulder,v1,2,0,exact,Canada > British Columbia > Squamish > Stawamus Chief > North Wall Boulders,North America > Canada > British Columbia > Squamish > North Walls > The Farm,north walls,95.2,53,53,0,exact_grade
4650b3bd-62aa-5ed3-9cb8-5729f183179b,124983,Depth of Field,Depth of Field,sport,5.12a,18,0,exact,United States > Utah > Wasatch Range > Central Wasatch > Big Cottonwood Canyon,North America > United States > Utah > Big Cottonwood,big cottonwood,80.0,41,41,0,exact_grade
469366a6-c0d5-5cdd-bf98-4f8ad533b55b,77873,Bull in a China Shop,Bull in a China Shop,sport,5.11a,14,0,exact,United States > Arizona > Northern Arizona > Winslow- Hwy’s 87 & 99 Corridors > Jacks Canyon,North America > United States > Arizona > Jack's Canyon,jack s canyon,96.0,68,68,0,exact_grade
47269c83-243b-5670-add8-c52fbe656635,42917,Deserter,Deserter,boulder,V1,2,0,exact,United States > Utah > Wasatch Range > Central Wasatch > Little Cottonwood Canyon,North America > United States > Utah > Little Cottonwood,little cottonwood,82.9,41,41,0,exact_grade
47545570-295e-4497-87b3-02eb4f9b568a,79601,The Wash,The Wash,boulder,v1,2,0,exact,Canada > British Columbia > Sunshine Coast > Raven's Cry Connector,North America > Canada > British Columbia > Sunshine Coast > Raven’s Cry Connector Boulders,ravens cry connector,97.6,3,3,0,exact_grade
47882da5-df78-5d35-9888-37f289ea1e59,133185,Bodiddly,Bodiddly,trad,5.11a/b,13,1,exact,United States > Nevada > Southern Nevada > Red Rocks > Willow Spring,North America > United States > Nevada > Red Rocks > Willow Springs > Ragged Edges,willow springs,96.3,12,12,0,near_grade
4824be00-a31e-5c68-a1d5-6d636c492066,24679,Panic Attack,Panic Attack,sport,5.12a,18,0,exact,United States > Oregon > Central Oregon > Smith Rock > (l) Christian Brothers,North America > United States > Oregon > Smith Rock > Christian Brothers,christian brothers,94.7,20,20,0,exact_grade
48cd3853-d088-5a75-8be9-c8043d2515f0,109366,Cosmic Web,Cosmic Web,sport,5.10b,11,0,exact,United States > Utah > Wasatch Range > Central Wasatch > Little Cottonwood Canyon,North America > United States > Utah > Little Cottonwood,little cottonwood,82.9,41,41,0,exact_grade
48ec1a9a-75c2-5862-991b-3f84bb1b3338,124825,E-Type Jag,E Type Jag,sport,5.11a,14,0,exact,United States > Oregon > Central Oregon > Smith Rock > (zz) Upper Gorge,North America > United States > Oregon > Smith Rock > Upper Gorge,upper gorge,88.0,3,3,0,exact_grade
491bec77-c35e-5b56-8906-99f3426ea0e5,126714,The Professor,The Professor,sport,5.12c,20,0,exact,United States > Utah > Wasatch Range > Central Wasatch > Big Cottonwood Canyon,North America > United States > Utah > Big Cottonwood,big cottonwood,80.0,41,41,0,exact_grade
496779b4-99bf-5e93-b868-12b95e291271,653,Trigger Happy,Trigger Happy,sport,5.10a,10,0,exact,"United States > West Virginia > New River Gorge, The > Summersville (Gauley River) Area > Summersville Lake (main)",North America > United States > West Virginia > New River Gorge > Summersville Lake,summersville lake,87.2,44,44,0,exact_grade
4b257e17-4bf0-53e1-8b11-258e9d557728,25186,Aggro Monkey,Aggro Monkey,sport,5.13b,23,0,exact,United States > Oregon > Central Oregon > Smith Rock > (d) Aggro Gully,North America > United States > Oregon > Smith Rock > Aggro Gully,aggro gully,91.7,8,8,0,exact_grade
4bdb8bb8-b2d8-5878-bdb1-638af57108e4,5189,Limestone Cowgirl,Limestone Cowgirl,sport,5.12a,18,0,exact,United States > Arizona > Northern Arizona > Winslow- Hwy’s 87 & 99 Corridors > Jacks Canyon,North America > United States > Arizona > Jack's Canyon > Moenkopi > Main Wall,jack s canyon,96.0,68,68,0,exact_grade
4c4a4ac0-7f65-542e-90f5-0402600645df,139610,Soul Asylum,Soul Asylum,sport,5.10d,13,0,exact,United States > Utah > Wasatch Range > Central Wasatch > Little Cottonwood Canyon,North America > United States > Utah > Little Cottonwood,little cottonwood,82.9,41,41,0,exact_grade
4cb2cb85-a986-58f8-a4f8-ba3ac6d631b0,80235,Last Episode,Last Episode,sport,5.10c,13,1,exact,United States > Arizona > Northern Arizona > Winslow- Hwy’s 87 & 99 Corridors > Jacks Canyon,North America > United States > Arizona > Jack's Canyon,jack s canyon,96.0,69,69,0,near_grade
4d5a8a38-b807-5979-bc38-991dd803d5bb,124659,Happiness is Coming,Happiness is Coming,sport,5.11d,17,0,exact,United States > Utah > Southwest Utah > Saint George > Chuckawalla Wall,North America > United States > Utah > St. George > Chuckawalla,chuckawalla,81.5,17,17,0,exact_grade
4dc27fb1-5d6e-5f26-8d66-de18dd56fbf4,92692,Sweet Jane Variation,Sweet Jane Variation,trad,5.7,7,0,exact,United States > Utah > Wasatch Range > Central Wasatch > Little Cottonwood Canyon,North America > United States > Utah > Little Cottonwood,little cottonwood,82.9,41,41,0,exact_grade
4dcf666a-ad67-4ec5-bb72-27027912caad,11392,Double Clutch,Double Clutch,boulder,v4-5,6,1,exact,Canada > British Columbia > Fraser Valley > The Stacks > Lower Left Stacks,North America > Canada > British Columbia > Fraser Valley > Hope > The Stacks > Lower Stacks,lower stacks,82.8,18,18,0,near_grade
4de1c925-4167-4d8d-8f30-c66748b6729a,15085,Wet Bananas,Wet Bananas,sport,5.11c,16,0,exact,Canada > Alberta > Bow Valley > Porcupine Creek > Blind Man's Bluff,North America > Canada > Alberta > Kananaskis > Porcupine Creek > Blind Man's Bluff Right,blind man s bluff right,85.0,3,3,0,exact_grade
4ebc9cdf-6c6e-517a-af5f-d4c5c869baa4,130737,Jack be Quick,Jack Be Quick,sport,5.11d,17,0,exact,United States > Arizona > Northern Arizona > Winslow- Hwy’s 87 & 99 Corridors > Jacks Canyon,North America > United States > Arizona > Jack's Canyon,jack s canyon,96.0,68,68,0,exact_grade
4ecc5819-9ce0-4bfc-b27b-1cc17b32d516,98161,Undercover Brother,Undercover Brother,sport,5.12a,18,0,exact,Canada > Alberta > Bow Valley > Echo Canyon > The Hideaway,North America > Canada > Alberta > Bow Valley > Echo Canyon > The Hideaway,hideaway,100.0,19,0,19,exact_grade
4eddd9c8-378b-41db-9f5b-233cd95f4c6c,9209,Lonely Boy,Lonely Boy,boulder,v2,3,0,exact,Canada > British Columbia > Fraser Valley > The Stacks > Lower Right Stacks,North America > Canada > British Columbia > Fraser Valley > Hope > The Stacks > Lower Stacks > Lower Right,lower stacks,80.0,19,19,0,exact_grade
4f498dc5-621f-5177-9b41-25827b34398e,35002,Chemical Ali,Chemical Ali,sport,5.14a,26,0,exact,United States > Oregon > Central Oregon > Smith Rock > (l) Christian Brothers,North America > United States > Oregon > Smith Rock > Christian Brothers,christian brothers,94.7,20,20,0,exact_grade
5082e8ab-5214-4b89-9ea8-3c0de1184fe2,84156,Anti-Rex,Anti Rex,boulder,v3,4,0,exact,Canada > Newfoundland and Labrador > Newfoundland > Avalon Peninsula > Butter Pot Park,North America > Canada > Newfoundland > Butterpot Park,butterpot park,96.6,3,3,0,exact_grade
5093f0c6-321f-41c4-99b9-d9141ab2ec1e,93340,Vielfrass,Vielfrass,sport,5.12a,18,0,exact,Canada > Alberta > Banff National Park > Radium Highway (92 South) > Stanley Headwall (Rock),North America > Canada > Alberta > Banff National Park > Stanley Headwall > Stanley Sport > Gery's Wall,stanley headwall,86.5,10,10,0,exact_grade
50e76b7c-081e-5941-a663-491f141e79d3,96041,Jack's Back,Jack’s Back,sport,5.11a,14,0,compact,United States > Arizona > Northern Arizona > Winslow- Hwy’s 87 & 99 Corridors > Jacks Canyon,North America > United States > Arizona > Jack's Canyon,jack s canyon,96.0,68,68,0,exact_grade
510ee6b2-197b-46a7-ab1c-52f359fedd6c,13184,Get Yourself Connected,Get Yourself Connected,sport,5.13a,22,0,exact,Canada > Alberta > Banff National Park > Radium Highway (92 South) > Stanley Headwall (Rock),North America > Canada > Alberta > Banff National Park > Stanley Headwall > Stanley Sport > Gery's Wall,stanley headwall,86.5,10,10,0,exact_grade
520860d9-8fe8-51aa-a08e-e902d04a475f,66036,Cold Hard Bitch,Cold Hard Bitch,sport,5.12b,19,0,exact,United States > Kentucky > Red River Gorge > Pendergrass-Murray Recreational Preserve (PMRP) > Chica Bonita Wall,North America > United States > Kentucky > Red River Gorge > PMRP > Chica Bonita,chica bonita,82.8,11,11,0,exact_grade
523bcf3d-589e-562c-bf78-13f0863ae188,55126,Neuromancer,Neuromancer,sport,5.11a,14,0,exact,United States > Oregon > Portland & The Gorge > Broughton Bluff > (9) Jungle Cliff,North America > United States > Oregon > Broughton Bluff > Jungle Cliff,jungle cliff,92.3,4,4,0,exact_grade
524906e4-4f3f-53e4-95bf-ad63e43dd93d,55389,Welcome to the Jungle,Welcome to the Jungle,sport,5.11a,14,0,exact,United States > Oregon > Portland & The Gorge > Broughton Bluff > (9) Jungle Cliff,North America > United States > Oregon > Broughton Bluff > Jungle Cliff,jungle cliff,92.3,4,4,0,exact_grade
526ba07f-fa20-5112-bf3f-dfecef518b36,99005,Emergency Exit,Emergency Exit,sport,5.12b,19,0,exact,United States > Utah > Southwest Utah > Saint George > Chuckawalla Wall,North America > United States > Utah > St. George > Chuckawalla,chuckawalla,81.5,17,17,0,exact_grade
528253b0-f29e-4a56-857a-8704f531de90,133308,Good Training,Good Training,boulder,v4,5,0,exact,Canada > British Columbia > Squamish > Stawamus Chief > North Wall Boulders,North America > Canada > British Columbia > Squamish > North Walls > The Lost World,north walls,95.2,53,53,0,exact_grade
52d8c515-5281-5cae-b50a-c80684799333,133757,Life of your Time,Life of Your Time,sport,5.11a,14,0,exact,United States > Utah > Central Utah > Maple Canyon > Maple Canyon Road,North America > United States > Utah > Maple Canyon > Willy Wall,maple canyon,82.8,81,13,68,exact_grade
5307d5aa-513c-56b0-94ba-9d8d2bfc2717,130838,Smooth Boy,Smooth Boy,sport,5.13b,23,0,exact,United States > Oregon > Central Oregon > Smith Rock > (l) Christian Brothers,North America > United States > Oregon > Smith Rock > Christian Brothers,christian brothers,94.7,20,20,0,exact_grade
5368ce79-b95e-40b2-ae31-c169703b7756,10356,Rocky Road,Rocky Road,sport,5.9,9,0,exact,Canada > Alberta > Bow Valley > Grassi Lakes (Closed 2022) > Gardener's Wall,North America > Canada > Alberta > Bow Valley > Grassi Lakes > Gardeners Wall,gardeners wall,96.6,11,11,0,exact_grade
53bfb923-1f24-5a96-ad4a-18944fb14f20,17092,Breakdown in Paradise,Breakdown in Paradise,sport,5.10c,11,1,exact,United States > Oregon > Central Oregon > Smith Rock > (u) Red Wall,North America > United States > Oregon > Smith Rock > Red Wall,red wall,88.9,8,8,0,near_grade
54639219-51c8-5577-bf4f-e148ab307966,134747,Cacophony,Cacophony,sport,5.11c,15,1,exact,United States > Utah > Southwest Utah > Saint George > Crawdad Canyon / Veyo,North America > United States > Utah > St. George > Crawdad Canyon,crawdad canyon,84.8,42,42,0,near_grade
554b990b-b819-50e9-ae04-f142cda15f71,43129,The Great Divide,The Great Divide,boulder,V10-,11,0,exact,United States > Utah > Wasatch Range > Central Wasatch > Little Cottonwood Canyon,North America > United States > Utah > Little Cottonwood,little cottonwood,82.9,41,41,0,exact_grade
554d69ea-3e61-5c02-a3d2-4c37fea67bb7,115393,Crack Pipe,Crack Pipe,sport,5.8,8,0,exact,United States > Utah > Southwest Utah > Saint George > Crawdad Canyon / Veyo,North America > United States > Utah > St. George > Crawdad Canyon,crawdad canyon,84.8,41,41,0,exact_grade
55cc054b-2bd2-454c-a1c0-6db1229edb09,113323,Fiberglass Undies,Fiberglass Undies,sport,5.10c,12,0,exact,Canada > Alberta > Bow Valley > Grassi Lakes (Closed 2022) > Gardener's Wall,North America > Canada > Alberta > Bow Valley > Grassi Lakes > Gardeners Wall,gardeners wall,96.6,11,11,0,exact_grade
5667d76d-730f-5c04-a100-2af79a8f09bc,31949,The Tutorial,The Tutorial,sport,5.10a,10,0,exact,United States > Oregon > Central Oregon > Smith Rock > (v) Monument Area,North America > United States > Oregon > Smith Rock > The Monument,monument,88.9,9,9,0,exact_grade
5748f9b3-455e-54b7-9dd9-bbc645c3fe6d,96573,Microcosm,Microcosm,sport,5.11b,15,0,exact,United States > Oregon > Central Oregon > Smith Rock > (yy) Basalt Rimrock,North America > United States > Oregon > Smith Rock > Basalt Rimrock,basalt rimrock,90.3,14,14,0,exact_grade
576c6198-dfa7-5f45-90bd-85cbbed7a5ca,5341,Plea Bargain,Plea Bargain,sport,5.10a,10,0,exact,United States > Wyoming > Ten Sleep Canyon > Home Alone,North America > United States > Wyoming > Tensleep Canyon > Home Alone Wall,home alone wall,80.0,4,4,0,exact_grade
587dc9f3-68d9-5b28-92c5-30fe52117702,12981,Chunko Goes Bowling,Chunko Goes Bowling,sport,5.9+,9,0,exact,"United States > West Virginia > New River Gorge, The > Summersville (Gauley River) Area > Summersville Lake (main)",North America > United States > West Virginia > New River Gorge > Summersville Lake,summersville lake,87.2,44,44,0,exact_grade
5887dcea-d32f-5c3b-9f34-fde87a400e51,99411,Charlie Don't Send,Charlie Don't Send,sport,5.9+,9,0,exact,United States > Arizona > Northern Arizona > Winslow- Hwy’s 87 & 99 Corridors > Jacks Canyon,North America > United States > Arizona > Jack's Canyon,jack s canyon,96.0,68,68,0,exact_grade
58e03c4a-5382-52c8-9b61-e4d61c9a2f11,87142,After Party,After Party,boulder,V6+,8,1,exact,United States > Utah > Wasatch Range > Central Wasatch > Little Cottonwood Canyon,North America > United States > Utah > Little Cottonwood,little cottonwood,82.9,42,42,0,near_grade
594b7a96-68c4-5431-a0c8-a76fc0a7e208,2097,Kindest Cut,Kindest Cut,sport,5.12b,19,0,exact,United States > Arizona > Northern Arizona > Winslow- Hwy’s 87 & 99 Corridors > Jacks Canyon,North America > United States > Arizona > Jack's Canyon,jack s canyon,96.0,68,68,0,exact_grade
59db23fa-991d-4028-8760-42eee57cccd3,10429,Funky Seaweed,Funky Seaweed,boulder,v7,8,0,exact,Canada > British Columbia > Fraser Valley > The Stacks > Lower Right Stacks,North America > Canada > British Columbia > Fraser Valley > Hope > The Stacks > Lower Stacks,lower stacks,80.0,19,19,0,exact_grade
5aa874d5-0680-45f0-a49d-ada1a2987040,15349,Rock Garden,Rock Garden,sport,5.9,9,0,exact,Canada > Alberta > Bow Valley > Grassi Lakes (Closed 2022) > Gardener's Wall,North America > Canada > Alberta > Bow Valley > Grassi Lakes > Gardeners Wall,gardeners wall,96.6,11,11,0,exact_grade
5bad9d0d-5184-5b02-931e-e2a936e09853,98729,Sandcastle,Sand Castle,sport,5.10c,12,0,compact,United States > Utah > Southwest Utah > Saint George > Chuckawalla Wall,North America > United States > Utah > St. George > Chuckawalla,chuckawalla,81.5,17,17,0,exact_grade
5c182c5f-d884-5db8-891d-09bafc9a5955,7115,Talk About It,Talk about it,sport,5.10b/c,11,0,exact,"United States > West Virginia > New River Gorge, The > Summersville (Gauley River) Area > Summersville Lake (main)",North America > United States > West Virginia > New River Gorge > Summersville Lake,summersville lake,87.2,44,44,0,exact_grade
5cba0c85-5a93-4ff0-af2e-e95833878665,87358,Skill and Frustration,Skill And Frustration,sport,5.12a/b,18,0,exact,Canada > British Columbia > Okanagan > Cedar Park > Devil's Furnace,North America > Canada > British Columbia > Kelowna > Cedar Park > Devils furnace,devils furnace,96.6,2,2,0,exact_grade
5cf93ba3-e691-5d08-9666-86a7c2855302,137349,Victim of Circumstance,Victim of Circumstance,sport,5.11b/c,15,0,exact,United States > Utah > Southwest Utah > Saint George > Crawdad Canyon / Veyo,North America > United States > Utah > St. George > Crawdad Canyon,crawdad canyon,84.8,41,41,0,exact_grade
5d1a23d8-3ccb-5aaf-a0da-6fcbb77a111e,126443,Nitrous Oxide,Nitrous Oxide,sport,5.12a,18,0,exact,United States > Utah > Wasatch Range > Central Wasatch > Big Cottonwood Canyon,North America > United States > Utah > Big Cottonwood,big cottonwood,80.0,41,41,0,exact_grade
5d648c37-0bdd-561d-a5c8-00437e2998bb,118884,Negative Ions,Negative Ions,sport,5.9,9,0,exact,United States > Utah > Southwest Utah > Saint George > Crawdad Canyon / Veyo,North America > United States > Utah > St. George > Crawdad Canyon,crawdad canyon,84.8,41,41,0,exact_grade
5d740fe3-e99a-596e-9cc9-ae20eccfae0b,60832,Crown Jewel,Crown Jewel,boulder,V4,6,1,exact,United States > Arizona > Central Arizona > **Phoenix Areas > South Mountain,North America > United States > Arizona > South Mountain,south mountain,100.0,40,0,40,near_grade
5e1b397e-a79b-569a-b1b2-6492bea102ca,89641,Cry of the Poor,Cry of the Poor,trad,5.11a,14,0,exact,United States > Oregon > Central Oregon > Smith Rock > (z) Lower Gorge,North America > United States > Oregon > Smith Rock > Lower Gorge,lower gorge,91.7,11,11,0,exact_grade
5e1eb3da-638a-585a-be22-873acaf1fc9e,129642,The Benefactor,The Benefactor,sport,5.12b,19,0,exact,United States > Utah > Wasatch Range > Central Wasatch > Big Cottonwood Canyon,North America > United States > Utah > Big Cottonwood,big cottonwood,80.0,41,41,0,exact_grade
5e96f623-ef27-5c42-9bd4-f8ec7e404d75,9581,Can You See My Eyeball,Can You See My Eyeball,boulder,V3,4,0,exact,United States > New York > Adirondacks > H: Southern Mountains > Nine Corner Lake,North America > United States > New York > Nine Corners Lake,nine corners lake,97.0,14,14,0,exact_grade
5f30e638-45c1-5cff-b088-5e284639db6b,73615,Big in Japan,Big in Japan,sport,5.12b,19,0,exact,United States > Utah > Wasatch Range > Central Wasatch > Big Cottonwood Canyon,North America > United States > Utah > Big Cottonwood,big cottonwood,80.0,41,41,0,exact_grade
5f5d194a-a8cb-54b7-a4e6-2ee46b830ad5,95901,28 Weeks Later,28 Weeks Later,sport,5.9,9,0,exact,"United States > West Virginia > New River Gorge, The > Summersville (Gauley River) Area > Whippoorwill",North America > United States > West Virginia > New River Gorge > Whipporwill > South Whipporwill,whipporwill,95.7,2,2,0,exact_grade
5f6b5ae2-5eb7-48bf-b428-c816cdac09d8,91996,Ghost Writer,Ghost Writer,boulder,v7,8,0,exact,Canada > British Columbia > Fraser Valley > The Stacks > Lower Right Stacks,North America > Canada > British Columbia > Fraser Valley > Hope > The Stacks > Lower Stacks > Lower Right,lower stacks,80.0,19,19,0,exact_grade
601c24f4-5ef8-52a9-b24a-386c2a6a3f97,80747,Never Bitter,Never bitter,sport,5.12b,19,0,exact,United States > Arizona > Northern Arizona > Winslow- Hwy’s 87 & 99 Corridors > Jacks Canyon,North America > United States > Arizona > Jack's Canyon,jack s canyon,96.0,68,68,0,exact_grade
608b6d45-e92f-5079-b0c0-c5d0ca290c4b,5075,Heart Shaped Box,Heart shaped box,sport,5.12b,19,0,exact,United States > Arizona > Northern Arizona > Winslow- Hwy’s 87 & 99 Corridors > Jacks Canyon,North America > United States > Arizona > Jack's Canyon,jack s canyon,96.0,68,68,0,exact_grade
60abeedd-3a49-5843-bc1f-4b37cf9c0533,110975,Leggo My Eggo,Leggo My Eggo,sport,5.10a,10,0,exact,United States > Utah > Wasatch Range > Central Wasatch > Little Cottonwood Canyon,North America > United States > Utah > Little Cottonwood,little cottonwood,82.9,41,41,0,exact_grade
60ec7fa0-5330-531b-ba0f-8fe795308206,110346,Dirty Pinkos,Dirty Pinkos,sport,5.9+,9,0,exact,United States > Oregon > Central Oregon > Smith Rock > (u) Red Wall,North America > United States > Oregon > Smith Rock > Red Wall,red wall,88.9,7,7,0,exact_grade
61a997bf-d684-5afe-8d6d-c0d42c96a37a,72017,Monkey Space,Monkey Space,sport,5.11b,15,0,exact,United States > Oregon > Central Oregon > Smith Rock > (s) Monkey Face,North America > United States > Oregon > Smith Rock > Monkey Face,monkey face,91.7,3,3,0,exact_grade
61d18199-2bce-5390-b9c5-ecb74325fa8f,86817,Euro Roof Low,Euro Roof Low,boulder,V13,13,1,exact,United States > Utah > Wasatch Range > Central Wasatch > Little Cottonwood Canyon,North America > United States > Utah > Little Cottonwood,little cottonwood,82.9,42,42,0,near_grade
61e14bee-f901-57c5-b2c8-b03c12661c3a,81250,Edge your Bets,Edge Your Bets,sport,5.10a,10,0,exact,United States > Arizona > Northern Arizona > Winslow- Hwy’s 87 & 99 Corridors > Jacks Canyon,North America > United States > Arizona > Jack's Canyon,jack s canyon,96.0,68,68,0,exact_grade
622eb5a9-b0cf-5821-abf7-a3867a41fb18,35763,Ok Ok Ok,Ok Ok Ok,trad,5.6,7,1,exact,United States > Nevada > Southern Nevada > Red Rocks > Willow Spring,North America > United States > Nevada > Red Rocks > Willow Springs > Ragged Edges,willow springs,96.3,12,12,0,near_grade
62811e9c-b4a1-5660-99f0-d44db8126794,42668,On The Road,On The Road,trad,5.11a,14,0,exact,United States > Oregon > Central Oregon > Smith Rock > (z) Lower Gorge,North America > United States > Oregon > Smith Rock > Lower Gorge,lower gorge,91.7,11,11,0,exact_grade
62a842f3-402e-5887-9fbf-b1322819c83b,125134,Lady Luck,Lady Luck,sport,5.12a,18,0,exact,United States > Arizona > Northern Arizona > Winslow- Hwy’s 87 & 99 Corridors > Jacks Canyon,North America > United States > Arizona > Jack's Canyon,jack s canyon,96.0,68,68,0,exact_grade
62e97a7c-2dd0-4cfd-b022-29f0badc1625,93342,Stevie Nicks,Stevie Nicks,boulder,V3,3,1,exact,Canada > British Columbia > Squamish > Stawamus Chief > North Wall Boulders,North America > Canada > British Columbia > Squamish > North Walls > The Dark Side,north walls,95.2,54,54,0,near_grade
62f01ac1-359c-551e-a3f4-fcf33434c7dc,65018,Reckless Abandon,Reckless Abandon,sport,5.12a/b,18,0,exact,"United States > West Virginia > New River Gorge, The > Summersville (Gauley River) Area > Summersville Lake (main)",North America > United States > West Virginia > New River Gorge > Summersville Lake > The Coliseum,summersville lake,87.2,44,44,0,exact_grade
6350ebc3-5aab-5926-9a3f-0fcde99e39eb,126564,Wrecking Ball,Wrecking Ball,sport,5.11a,15,1,exact,United States > Utah > Wasatch Range > Central Wasatch > Big Cottonwood Canyon,North America > United States > Utah > Big Cottonwood,big cottonwood,80.0,42,42,0,near_grade
63c25e29-6a69-4902-93ae-bb2856cc8de5,66970,Around the Bend,Around the Bend,boulder,v4,5,0,exact,Canada > British Columbia > Fraser Valley > The Stacks > Lower Left Stacks,North America > Canada > British Columbia > Fraser Valley > Hope > The Stacks > Lower Stacks,lower stacks,82.8,17,17,0,exact_grade
64816828-dc38-4886-9589-0641160391f7,116668,Arrowroot,Arrowroot,trad,5.10b,11,0,exact,Canada > British Columbia > Squamish > Stawamus Chief > Grand Wall Base Area,North America > Canada > British Columbia > Squamish > The Chief > Grand Wall,grand wall,80.0,5,5,0,exact_grade
64a4508a-61ca-5871-a57c-7e15bf339961,6728,Jack and the Beanstalk,jack and the beanstalk,sport,5.11a,14,0,exact,United States > Arizona > Northern Arizona > Winslow- Hwy’s 87 & 99 Corridors > Jacks Canyon,North America > United States > Arizona > Jack's Canyon,jack s canyon,96.0,68,68,0,exact_grade
6516bb99-efcc-508c-86ec-5d0211c369da,82042,Madison Avenue,Madison Avenue,sport,5.10d,13,0,exact,United States > Utah > Wasatch Range > Central Wasatch > Big Cottonwood Canyon,North America > United States > Utah > Big Cottonwood,big cottonwood,80.0,41,41,0,exact_grade
651cad5d-d8c9-50f9-b72c-a5aa14dbd03a,113474,Dark of the Moon,Dark of the Moon,sport,5.10c,12,0,exact,United States > Utah > Wasatch Range > Central Wasatch > Little Cottonwood Canyon,North America > United States > Utah > Little Cottonwood,little cottonwood,82.9,41,41,0,exact_grade
654bacdf-ca26-4672-b69d-08fc55876bd1,10011,Big Chicken,Big Chicken,boulder,v9,11,1,exact,Canada > British Columbia > Squamish > Stawamus Chief > North Wall Boulders,North America > Canada > British Columbia > Squamish > North Walls > The Farm,north walls,95.2,54,54,0,near_grade
6586e1f9-0791-5629-abba-b4323ed70fa7,136041,Eviction Notice,Eviction Notice,sport,5.11b,15,0,exact,United States > Utah > Southwest Utah > Saint George > Crawdad Canyon / Veyo,North America > United States > Utah > St. George > Crawdad Canyon,crawdad canyon,84.8,41,41,0,exact_grade
6599a2eb-6a4b-4a15-ba8b-95a5eb622a0f,84561,V-Groove,V Groove,boulder,v0,1,0,exact,Canada > British Columbia > Kootenays West > Nelson > Bealby Boulders,North America > Canada > British Columbia > West Kootenay > Nelson > Bealby Rd,bealby rd,80.0,8,8,0,exact_grade
6750ff4c-7cb4-420e-838d-67d7636f20db,140863,Three Men in a Tub,Three Men in a Tub,boulder,v0,1,0,exact,Canada > British Columbia > Squamish > Stawamus Chief > North Wall Boulders,North America > Canada > British Columbia > Squamish > North Walls > The Clean Boulders > Death star,north walls,95.2,53,53,0,exact_grade
679476f3-48cc-4b44-ab61-f50e6f64d220,1689,Backwards in an Easy Chair,Backwards in an Easy Chair,boulder,v4,5,0,exact,Canada > British Columbia > Squamish > Stawamus Chief > North Wall Boulders,North America > Canada > British Columbia > Squamish > North Walls > Lower Sheriff's Badge Trail,north walls,95.2,53,53,0,exact_grade
68277f4d-e589-54f9-a0a9-10fd6cc81be3,124870,New Cliche,New Cliche,sport,5.12c/d,21,1,exact,United States > Utah > Wasatch Range > Central Wasatch > Big Cottonwood Canyon,North America > United States > Utah > Big Cottonwood,big cottonwood,80.0,42,42,0,near_grade
68334fb6-fc0a-4ba6-82ca-ff0d74d5b568,15211,Short But Small,Short but Small,sport,5.9,9,0,exact,Canada > Alberta > Bow Valley > Porcupine Creek > Blind Man's Bluff,North America > Canada > Alberta > Kananaskis > Porcupine Creek > Blind Man's Bluff Left,blind man s bluff left,87.2,3,3,0,exact_grade
6876e2fb-2dd1-5c40-8581-da935f583a09,5192,Cool Ranch Flavor,Cool Ranch Flavor,sport,5.11b,14,1,exact,United States > Oregon > Central Oregon > Smith Rock > (g) Morning Glory Wall,North America > United States > Oregon > Smith Rock > Morning Glory Wall,morning glory wall,94.7,18,18,0,near_grade
68aa2a12-d16c-41a1-bf54-bac6233fdd9a,46702,Klingon Anime,Klingon Anime,boulder,v1,2,0,exact,Canada > British Columbia > Fraser Valley > The Stacks > Lower Right Stacks,North America > Canada > British Columbia > Fraser Valley > Hope > The Stacks > Lower Stacks > Lower Right,lower stacks,80.0,19,19,0,exact_grade
68f37314-106c-4e99-ae29-6f03acea3bf2,3431,Left the Nest,Left the nest,trad,5.8,8,0,exact,Canada > British Columbia > Squamish > Shannon Falls > Shannon Springs Wall,North America > Canada > British Columbia > Squamish > Shannon Springs,shannon springs,85.7,7,7,0,exact_grade
693f07d9-b284-4657-b6c6-33846aff50b8,48824,Pissing Bliss,Pissing Bliss,sport,5.11b,14,1,exact,Canada > British Columbia > Okanagan > Cedar Park > Devil's Furnace,North America > Canada > British Columbia > Kelowna > Cedar Park > Devils furnace,devils furnace,96.6,3,3,0,near_grade
69abea05-f094-537f-9a4c-4a5375a6db1e,22871,Golgotha,Golgotha,trad,5.11b,15,0,exact,United States > Oregon > Central Oregon > Smith Rock > (l) Christian Brothers,North America > United States > Oregon > Smith Rock > Christian Brothers,christian brothers,94.7,20,20,0,exact_grade
6a094500-5ced-59d7-a533-43757afa4c7e,135915,Hickory Stick,Hickory Stick,sport,5.12a,18,0,exact,United States > Utah > Southwest Utah > Saint George > Crawdad Canyon / Veyo,North America > United States > Utah > St. George > Crawdad Canyon,crawdad canyon,84.8,41,41,0,exact_grade
6a38bbc0-8bf6-59ed-816c-adcb43504928,109932,Super Slab,Super Slab,trad,5.6,7,1,exact,United States > Oregon > Central Oregon > Smith Rock > (u) Red Wall,North America > United States > Oregon > Smith Rock > Red Wall,red wall,88.9,8,8,0,near_grade
6a68342b-07a4-4291-8b8b-e9a95e852ddd,6689,Space Robber,Space Robber,boulder,v6,7,0,exact,Canada > British Columbia > Squamish > Stawamus Chief > North Wall Boulders,North America > Canada > British Columbia > Squamish > North Walls > The Magic Kingdom,north walls,95.2,53,53,0,exact_grade
6b549d35-db36-5bf2-94a7-5c881215fa44,110411,Two Bit Fantasy,Two Bit Fantasy,sport,5.10b/c,11,0,exact,United States > Arizona > Northern Arizona > Winslow- Hwy’s 87 & 99 Corridors > Jacks Canyon,North America > United States > Arizona > Jack's Canyon,jack s canyon,96.0,68,68,0,exact_grade
6ba05513-4803-52e5-a516-c948b4b940a9,1874,Vomit Launch,Vomit Launch,sport,5.11b,15,0,exact,United States > Oregon > Central Oregon > Smith Rock > (f) Cocaine Gully,North America > United States > Oregon > Smith Rock > Cocaine Gully,cocaine gully,92.9,7,7,0,exact_grade
6bbc0e2d-8f38-55c5-96ff-b02e999e8dcb,58349,Limestoned,LimeStoned,sport,5.11a,14,0,exact,United States > Wyoming > Ten Sleep Canyon > Home Alone,North America > United States > Wyoming > Tensleep Canyon > Home Alone Wall,home alone wall,80.0,4,4,0,exact_grade
6bfe6312-6b0f-4f4d-9763-c3d9c3e6b95b,105495,Dusty Roads,Dusty Roads,boulder,v5,5,1,exact,Canada > British Columbia > Kootenays West > Nelson > Bealby Boulders,North America > Canada > British Columbia > West Kootenay > Nelson > Bealby Rd,bealby rd,80.0,9,9,0,near_grade
6c10e053-a72e-5590-bcab-3de27733a364,89910,Life is Good,Life is Good,sport,5.11a,14,0,exact,United States > Arizona > Northern Arizona > Winslow- Hwy’s 87 & 99 Corridors > Jacks Canyon,North America > United States > Arizona > Jack's Canyon,jack s canyon,96.0,68,68,0,exact_grade
6c32c1e9-c3e6-5d9a-9b62-561ad9cf9525,11886,Watermark,Watermark,sport,5.9,9,0,exact,United States > Oregon > Central Oregon > Smith Rock > (r) Pleasure Palace,North America > United States > Oregon > Smith Rock > Pleasure Palace,pleasure palace,93.8,4,4,0,exact_grade
6d4ee702-f54c-5e9a-9f14-fbb1ad6766ab,31551,Big Bone Lick,Big Bone Lick,sport,5.11d,17,0,exact,United States > Oregon > Central Oregon > Smith Rock > (l) Christian Brothers,North America > United States > Oregon > Smith Rock > Christian Brothers,christian brothers,94.7,20,20,0,exact_grade
6dbe23bc-634a-56f9-a535-ac975701917f,134208,On the Skids,On the Skids,sport,5.8,8,0,exact,United States > Utah > Wasatch Range > Central Wasatch > Big Cottonwood Canyon,North America > United States > Utah > Big Cottonwood,big cottonwood,80.0,41,41,0,exact_grade
6ddeb729-cd7f-5445-bbd4-bf7a6933f0c0,86046,Total Depravity,Total depravity,sport,5.11c,16,0,exact,United States > Oregon > Portland & The Gorge > Broughton Bluff > (9) Jungle Cliff,North America > United States > Oregon > Broughton Bluff > Jungle Cliff,jungle cliff,92.3,4,4,0,exact_grade
6eedea78-2744-5656-a700-90ec0e8e25f3,84094,Brolo El Cunado,Brolo El Cunado,sport,5.8,8,0,exact,United States > Kentucky > Red River Gorge > Pendergrass-Murray Recreational Preserve (PMRP) > Chica Bonita Wall,North America > United States > Kentucky > Red River Gorge > PMRP > Chica Bonita,chica bonita,82.8,11,11,0,exact_grade
703ae6b3-942a-4444-80cd-18fbcd6ffc0e,82982,Symptoms of a Bad Ballast,Symptoms of a Bad Ballast,boulder,v4,5,0,exact,Canada > British Columbia > Fraser Valley > The Stacks > Lower Left Stacks,North America > Canada > British Columbia > Fraser Valley > Hope > The Stacks > Lower Stacks,lower stacks,82.8,17,17,0,exact_grade
70733ebc-124f-516a-8eac-4d53b1bd0651,54088,All He's Got,All He’s Got,sport,5.11c,16,0,compact,United States > Wyoming > Lander Area > Wild Iris > Aspen Glade,North America > United States > Wyoming > Wild Iris > Aspen Glades,aspen glades,95.7,12,12,0,exact_grade
71930501-e47d-5d88-aa53-68c4dce3ed11,91539,Read 'em and Weep,Read 'em and Weep,sport,5.12c,21,1,exact,United States > Arizona > Northern Arizona > Winslow- Hwy’s 87 & 99 Corridors > Jacks Canyon,North America > United States > Arizona > Jack's Canyon,jack s canyon,96.0,69,69,0,near_grade
71ddbf5d-21bf-5272-9cc0-fe1b0524e255,18781,Ground Zero,Ground Zero,sport,5.12c,20,0,exact,United States > Arizona > Northern Arizona > Winslow- Hwy’s 87 & 99 Corridors > Jacks Canyon,North America > United States > Arizona > Jack's Canyon,jack s canyon,96.0,68,68,0,exact_grade
723bb648-9bb6-5617-9d24-00bc367f7624,43556,Silly Puddy,Silly Puddy,sport,5.12b/c,20,1,exact,United States > Oregon > Central Oregon > Smith Rock > (v) Monument Area,North America > United States > Oregon > Smith Rock > The Monument,monument,88.9,10,10,0,near_grade
723bc9a1-8a48-5d66-8066-f01e7a1c3307,110032,Little Hellion,Little Hellion,sport,5.9,9,0,exact,United States > Utah > Wasatch Range > Central Wasatch > Little Cottonwood Canyon,North America > United States > Utah > Little Cottonwood,little cottonwood,82.9,41,41,0,exact_grade
72856385-e5e8-5b18-9724-4856cbd345b3,69327,Nippin' Out,Nippin out,boulder,V3,5,1,exact,United States > New York > Adirondacks > H: Southern Mountains > Nine Corner Lake,North America > United States > New York > Nine Corners Lake,nine corners lake,97.0,15,15,0,near_grade
72f99a6b-c4da-514a-8af2-88800cb92a5e,76900,The Highlander,The Highlander,sport,5.12a,18,0,exact,United States > Utah > Wasatch Range > Central Wasatch > Big Cottonwood Canyon,North America > United States > Utah > Big Cottonwood,big cottonwood,80.0,41,41,0,exact_grade
732ff69d-3951-5957-9d7d-7a038ee1d5c5,70427,Tea Time,Tea Time,boulder,V0,1,0,exact,United States > New York > Adirondacks > H: Southern Mountains > Nine Corner Lake,North America > United States > New York > Nine Corners Lake,nine corners lake,97.0,14,14,0,exact_grade
73835aca-725b-523c-8f29-9dfdb744668c,57453,Gunned but Not Forgotten,Gunned but Not Forgotten,sport,5.10d,13,0,exact,"United States > West Virginia > New River Gorge, The > Summersville (Gauley River) Area > Summersville Lake (main)",North America > United States > West Virginia > New River Gorge > Summersville Lake,summersville lake,87.2,44,44,0,exact_grade
738d5228-c844-42ee-af38-e065de596b1c,64674,Trigger Warning,Trigger Warning,boulder,v5,6,0,exact,Canada > British Columbia > Fraser Valley > The Stacks > Lower Left Stacks,North America > Canada > British Columbia > Fraser Valley > Hope > The Stacks > Lower Stacks,lower stacks,82.8,17,17,0,exact_grade
73ff90c5-3858-53fc-8a83-93553ea96ca1,42215,Bet on Black,Bet on Black,sport,5.9,9,0,exact,United States > Arizona > Northern Arizona > Winslow- Hwy’s 87 & 99 Corridors > Jacks Canyon,North America > United States > Arizona > Jack's Canyon,jack s canyon,96.0,68,68,0,exact_grade
742828fe-a7d2-543f-8808-3270879052fc,124730,The Enemy Within,The Enemy Within,sport,5.12a,18,0,exact,United States > Utah > Wasatch Range > Central Wasatch > Big Cottonwood Canyon,North America > United States > Utah > Big Cottonwood,big cottonwood,80.0,41,41,0,exact_grade
742d0ece-1fbd-53cc-947f-4f6c480c2739,123937,Salem's Lot,Salem's Lot,sport,5.10b,12,1,exact,United States > Utah > Wasatch Range > Central Wasatch > Big Cottonwood Canyon,North America > United States > Utah > Big Cottonwood,big cottonwood,80.0,42,42,0,near_grade
743cfd12-a0fa-4c2d-906a-8cc0282c9eed,69209,Bamboo Banga,Bamboo Banga,boulder,v10-11,11,0,exact,Canada > British Columbia > Fraser Valley > The Stacks > Lower Right Stacks,North America > Canada > British Columbia > Fraser Valley > Hope > The Stacks > Lower Stacks > Lower Right,lower stacks,80.0,19,19,0,exact_grade
74af9f42-8ed3-57a7-bfdd-ae3d974da836,137999,Intergrity,Intergrity,sport,5.11c/d,15,1,exact,United States > Utah > Southwest Utah > Saint George > Crawdad Canyon / Veyo,North America > United States > Utah > St. George > Crawdad Canyon,crawdad canyon,84.8,42,42,0,near_grade
74b9671c-d9d9-4fe3-b6bc-299cbe6fb0d5,55009,Newsroom,Newsroom,boulder,v0,1,0,exact,Canada > British Columbia > Squamish > Stawamus Chief > North Wall Boulders,North America > Canada > British Columbia > Squamish > North Walls > Lower Sheriff's Badge Trail,north walls,95.2,53,53,0,exact_grade
74c322cb-1cfb-4b8b-9866-1f37c9394be7,237,Gillette,Gillette,boulder,v4,5,0,exact,Canada > British Columbia > Fraser Valley > The Stacks > Upper Right Stacks,North America > Canada > British Columbia > Fraser Valley > Hope > The Stacks > Upper Stacks,upper stacks,80.0,8,8,0,exact_grade
74c74c60-9721-58bf-9d3d-343452ee0d97,16384,Aggro Bumbly,Aggro Bumbly,sport,5.10d,13,0,exact,United States > Oregon > Central Oregon > Smith Rock > (r) Pleasure Palace,North America > United States > Oregon > Smith Rock > Pleasure Palace,pleasure palace,93.8,4,4,0,exact_grade
74f3cdd3-271b-4fa5-8ab6-c6cec1dc9721,40738,Banana Hammock,Banana Hammock,boulder,v2,3,0,exact,Canada > British Columbia > Kootenays West > Nelson > Bealby Boulders,North America > Canada > British Columbia > West Kootenay > Nelson > Bealby Rd,bealby rd,80.0,8,8,0,exact_grade
7529db62-5a6e-5122-b790-8a24ef1ea164,114782,Viral Pandemic,Viral Pandemic,sport,5.10c,12,0,exact,United States > Utah > Southwest Utah > Saint George > Crawdad Canyon / Veyo,North America > United States > Utah > St. George > Crawdad Canyon,crawdad canyon,84.8,41,41,0,exact_grade
755df411-14e4-4335-964e-b6a31c725028,18406,Direct Sunlight,Direct Sunlight,boulder,v2,3,0,exact,Canada > British Columbia > Fraser Valley > The Stacks > Lower Left Stacks,North America > Canada > British Columbia > Fraser Valley > Hope > The Stacks > Lower Stacks,lower stacks,82.8,17,17,0,exact_grade
7563a2c0-9e4f-5d14-8243-1a33b19f2b3f,21254,Narcissus Direct,Narcissus Direct,sport,5.12c/d,21,1,exact,"United States > West Virginia > New River Gorge, The > Summersville (Gauley River) Area > Summersville Lake (main)",North America > United States > West Virginia > New River Gorge > Summersville Lake,summersville lake,87.2,45,45,0,near_grade
7583950f-9e38-4a58-9fd9-8453f185e647,28344,Water is Life,Water is Life,boulder,v0,1,0,exact,Canada > British Columbia > Squamish > Stawamus Chief > North Wall Boulders,North America > Canada > British Columbia > Squamish > North Walls > The Clean Boulders > Death star,north walls,95.2,53,53,0,exact_grade
75ad53fd-efbc-5c03-9775-840f476f8b4c,113463,"No Way, Jose'","No way, jose",sport,5.11b,15,0,exact,"United States > West Virginia > New River Gorge, The > Summersville (Gauley River) Area > Summersville Lake (main)",North America > United States > West Virginia > New River Gorge > Summersville Lake,summersville lake,87.2,44,44,0,exact_grade
75dcfcb4-1f08-5398-8e35-56acfbbdbff8,18903,Sparkle and Fade,Sparkle and fade,sport,5.11a,14,0,exact,United States > Utah > Southwest Utah > Saint George > Crawdad Canyon / Veyo,North America > United States > Utah > St. George > Crawdad Canyon,crawdad canyon,84.8,41,41,0,exact_grade
7692857a-9812-5b97-a5dd-195cffc5468d,5243,Tales From the Grypt,Tales From the Grypt,sport,5.11c,15,1,exact,United States > Arizona > Northern Arizona > Winslow- Hwy’s 87 & 99 Corridors > Jacks Canyon,North America > United States > Arizona > Jack's Canyon,jack s canyon,96.0,69,69,0,near_grade
76a3d299-3da0-5f77-ad50-7f5a0dec2f9f,908,Entry Fee,Entry Fee,sport,5.10a,10,0,exact,United States > Oregon > Central Oregon > Smith Rock > (v) Monument Area,North America > United States > Oregon > Smith Rock > The Monument,monument,88.9,9,9,0,exact_grade
76b83373-014d-50cc-a399-44d4d7ffca8d,11217,Diplomatic Immunity,Diplomatic Immunity,trad,5.7,7,0,exact,United States > Nevada > Southern Nevada > Red Rocks > Willow Spring,North America > United States > Nevada > Red Rocks > Willow Springs > Ragged Edges,willow springs,96.3,11,11,0,exact_grade
77457d48-86d0-53a6-8d56-5f48c6da7e53,107771,Skinned Alive,Skinned Alive,sport,5.13b,23,0,exact,United States > California > San Bernardino Mountains > Highway 38 Crags > (c) Frustration Creek,North America > United States > California > Frustration Creek,frustration creek,94.4,7,7,0,exact_grade
77b84f80-30bb-520c-a64a-88c7147f872b,41927,Gloryhole,Gloryhole,sport,5.11b,15,0,exact,United States > Oregon > Central Oregon > Smith Rock > (yy) Basalt Rimrock,North America > United States > Oregon > Smith Rock > Basalt Rimrock,basalt rimrock,90.3,14,14,0,exact_grade
78991dc8-2bb4-56fc-9bf7-469cc3468e48,38649,Shake Down,Shake Down,sport,5.11a,14,0,exact,United States > Kentucky > Red River Gorge > Miller Fork Recreational Preserve (MFRP) > Coopers Cove,North America > United States > Kentucky > Red River Gorge > MFRP > Cooper's Cove,cooper s cove,96.0,6,6,0,exact_grade
78b68a3e-f1ca-57d7-be48-1538ebbe1d42,51057,Jack Frost,Jack Frost,sport,5.9,9,0,exact,United States > Arizona > Northern Arizona > Winslow- Hwy’s 87 & 99 Corridors > Jacks Canyon,North America > United States > Arizona > Jack's Canyon,jack s canyon,96.0,68,68,0,exact_grade
796fbb3b-0abc-5d0c-b79f-10c45f7927c4,98264,Cynthia's Arete,Cynthia's arete,boulder,V3,3,1,exact,United States > Utah > Wasatch Range > Central Wasatch > Little Cottonwood Canyon,North America > United States > Utah > Little Cottonwood,little cottonwood,82.9,42,42,0,near_grade
797d2715-f7ee-44a7-880b-d896472aad5e,35431,What you Need,What you Need,boulder,v5-6,6,0,exact,Canada > British Columbia > Fraser Valley > The Stacks > Lower Left Stacks,North America > Canada > British Columbia > Fraser Valley > Hope > The Stacks > Lower Stacks,lower stacks,82.8,17,17,0,exact_grade
79978734-c83f-53ba-9a8f-c48642981734,791,Jeff's Bunny Hop,Jeff's Bunny Hop,sport,5.8,8,0,exact,"United States > West Virginia > New River Gorge, The > Summersville (Gauley River) Area > Summersville Lake (main)",North America > United States > West Virginia > New River Gorge > Summersville Lake,summersville lake,87.2,44,44,0,exact_grade
7a2a7edf-a698-5682-9d60-d4a72e413cc7,25703,As the Jerks Fly,As The Jerks Fly,sport,5.12a/b,18,0,exact,United States > Utah > Southwest Utah > Saint George > Chuckawalla Wall,North America > United States > Utah > St. George > Chuckawalla,chuckawalla,81.5,17,17,0,exact_grade
7a9e1504-b513-558a-94d2-084ac60acb52,48170,Earth Boys,Earth Boys,sport,5.10b,11,0,exact,United States > Oregon > Central Oregon > Smith Rock > (l) Christian Brothers,North America > United States > Oregon > Smith Rock > Christian Brothers,christian brothers,94.7,20,20,0,exact_grade
7ab38dbe-b1f9-4fe7-b493-d29bb8204e0b,8775,The Porcupine Climb,The Porcupine Climb,sport,5.9,9,0,exact,Canada > Alberta > Bow Valley > Porcupine Creek > Blind Man's Bluff,North America > Canada > Alberta > Kananaskis > Porcupine Creek > Blind Man's Bluff Left,blind man s bluff left,87.2,3,3,0,exact_grade
7b0200e5-8cae-558d-a7c0-3d9d2c0bd1f0,128308,Pile Surgery,Pile Surgery,sport,5.12a,18,0,exact,United States > Utah > Wasatch Range > Central Wasatch > Big Cottonwood Canyon,North America > United States > Utah > Big Cottonwood,big cottonwood,80.0,41,41,0,exact_grade
7b0723cf-d757-59d5-b51a-c5b3190544a5,118348,Character Witness,Character Witness,sport,5.11a,14,0,exact,United States > Wyoming > Ten Sleep Canyon > Home Alone,North America > United States > Wyoming > Tensleep Canyon > Home Alone Wall,home alone wall,80.0,4,4,0,exact_grade
7b1eca3e-6b86-5115-83a3-20ce520b4b7a,51548,Back to Basics,Back To Basics,sport,5.10a,10,0,exact,United States > Arizona > Northern Arizona > Winslow- Hwy’s 87 & 99 Corridors > Jacks Canyon,North America > United States > Arizona > Jack's Canyon,jack s canyon,96.0,68,68,0,exact_grade
7b451649-e37d-4103-a35c-40e3ce87ec86,75001,Finger Scoop of Peanut Butter,Finger Scoop of Peanut Butter,boulder,v5,6,0,exact,Canada > British Columbia > Squamish > Stawamus Chief > North Wall Boulders,North America > Canada > British Columbia > Squamish > North Walls > The Magic Kingdom,north walls,95.2,53,53,0,exact_grade
7c3602e7-8fe4-5b8b-9ca7-dba96a40f542,68338,Lonesome Crowded West,Lonesome Crowded West,trad,5.9,9,0,exact,United States > Oregon > Central Oregon > Smith Rock > (z) Lower Gorge,North America > United States > Oregon > Smith Rock > Lower Gorge,lower gorge,91.7,11,11,0,exact_grade
7c64246e-bf1d-46ba-b86c-e4303f66416a,107376,Powder Keg,Powder Keg,boulder,v9,10,0,exact,Canada > British Columbia > Fraser Valley > The Stacks > Lower Right Stacks,North America > Canada > British Columbia > Fraser Valley > Hope > The Stacks > Lower Stacks,lower stacks,80.0,19,19,0,exact_grade
7c6654db-5555-5622-9286-69b9fac823be,83522,Feel the Chi,Feel the Chi,sport,5.10a/b,11,1,exact,United States > Oregon > Central Oregon > Smith Rock > (c) Shipwreck Wall,North America > United States > Oregon > Smith Rock > Shipwreck Wall,shipwreck wall,93.3,8,8,0,near_grade
7ce5b61f-ca67-57a1-b94d-e8c8a062e798,66860,Good Old Chuck,Good Old Chuck,sport,5.12b,19,0,exact,United States > Utah > Southwest Utah > Saint George > Chuckawalla Wall,North America > United States > Utah > St. George > Chuckawalla,chuckawalla,81.5,17,17,0,exact_grade
7d1779a6-3c84-4166-aaef-79d152ab9851,90013,Bucket City,Bucket City,sport,5.10b,11,0,exact,Canada > Alberta > Bow Valley > Grassi Lakes (Closed 2022) > Gardener's Wall,North America > Canada > Alberta > Bow Valley > Grassi Lakes > Gardeners Wall,gardeners wall,96.6,11,11,0,exact_grade
7d1e9ca3-1c36-5562-a311-895b4b55f1f9,16570,Wild Card,Wild Card,sport,5.12a,18,0,exact,United States > Arizona > Northern Arizona > Winslow- Hwy’s 87 & 99 Corridors > Jacks Canyon,North America > United States > Arizona > Jack's Canyon,jack s canyon,96.0,68,68,0,exact_grade
7d6c2a48-ef60-5ec8-8a64-8aa63988c85a,51854,Apostasy,Apostasy,sport,5.10a/b,10,0,exact,United States > Utah > Southwest Utah > Saint George > Chuckawalla Wall,North America > United States > Utah > St. George > Chuckawalla,chuckawalla,81.5,17,17,0,exact_grade
7dcc5e21-e1da-5156-a920-3d06643ce32f,93378,Chicken Eruptus,Chicken Eruptus,trad,5.10b,11,0,exact,United States > Nevada > Southern Nevada > Red Rocks > Willow Spring,North America > United States > Nevada > Red Rocks > Willow Springs > Ragged Edges,willow springs,96.3,11,11,0,exact_grade
7e0f6245-a333-5c8f-8191-ff7d7d229bb3,59799,Groove Dynamics,Groove Dynamics,sport,5.12a,18,0,exact,United States > California > San Bernardino Mountains > Highway 38 Crags > (c) Frustration Creek,North America > United States > California > Frustration Creek,frustration creek,94.4,7,7,0,exact_grade
7e2bd763-7c5b-484c-9e49-c1407ba1aa25,132,The Stream,The Stream,boulder,v5,5,1,exact,Canada > British Columbia > Fraser Valley > The Stacks > Upper Right Stacks,North America > Canada > British Columbia > Fraser Valley > Hope > The Stacks > Upper Stacks,upper stacks,80.0,9,9,0,near_grade
7eaeddc5-a8a2-57ef-8b51-9dfd45c11855,131499,Witchhunt,Witch Hunt,sport,5.10a,10,0,compact,United States > Utah > Wasatch Range > Central Wasatch > Big Cottonwood Canyon,North America > United States > Utah > Big Cottonwood,big cottonwood,80.0,41,41,0,exact_grade
7ef043ad-a2ac-4277-8e6f-f789c2a51154,140531,The Moment,The Moment,boulder,v0,1,0,exact,Canada > British Columbia > Squamish > Stawamus Chief > North Wall Boulders,North America > Canada > British Columbia > Squamish > North Walls > The Clean Boulders,north walls,95.2,53,53,0,exact_grade
7f88999f-b892-56a3-b9cd-c0b02dace039,107352,Taxidermy,Taxidermy,sport,5.12d,21,0,exact,United States > California > San Bernardino Mountains > Highway 38 Crags > (c) Frustration Creek,North America > United States > California > Frustration Creek,frustration creek,94.4,7,7,0,exact_grade
7fafaae1-eb05-5da3-88c5-725584466aba,49635,Crack in the Woods,Crack in the Woods,trad,5.8,9,1,exact,United States > Utah > Wasatch Range > Central Wasatch > Little Cottonwood Canyon,North America > United States > Utah > Little Cottonwood,little cottonwood,82.9,42,42,0,near_grade
7fb9ac8f-0f3d-5603-97ea-f64aaf9375d6,134353,Pitbulls on Crack,Pit Bulls on Crack,sport,5.12a,18,0,compact,United States > Utah > Wasatch Range > Central Wasatch > Big Cottonwood Canyon,North America > United States > Utah > Big Cottonwood,big cottonwood,80.0,41,41,0,exact_grade
80063adc-8ef3-5b37-b5bf-129614cc6f76,89397,Let It Ride,Let it Ride,sport,5.10a,10,0,exact,United States > Arizona > Northern Arizona > Winslow- Hwy’s 87 & 99 Corridors > Jacks Canyon,North America > United States > Arizona > Jack's Canyon,jack s canyon,96.0,68,68,0,exact_grade
802cf570-6c60-5cbf-bd4d-cb3690504d0a,55524,Armageddon,Armageddon,sport,5.11a,14,0,exact,United States > Oregon > Central Oregon > Smith Rock > (f) Cocaine Gully,North America > United States > Oregon > Smith Rock > Cocaine Gully,cocaine gully,92.9,7,7,0,exact_grade
805b2d7c-29db-44e1-a353-ab8e2b5e6133,137006,Arctic Outflow,Arctic outflow,trad,5.10a,10,0,exact,Canada > British Columbia > Squamish > Shannon Falls > Shannon Springs Wall,North America > Canada > British Columbia > Squamish > Shannon Springs,shannon springs,85.7,7,7,0,exact_grade
80bb4555-e771-5da5-8385-395dbe4a7366,17246,Bad Finger,Badfinger,trad,5.10b,11,0,compact,United States > Oregon > Central Oregon > Smith Rock > (z) Lower Gorge,North America > United States > Oregon > Smith Rock > Lower Gorge,lower gorge,91.7,11,11,0,exact_grade
81089a5e-81e4-54d0-87f8-d28c3d35cd19,23480,Hippie Dreams,Hippie Dreams,sport,5.7,8,1,exact,"United States > West Virginia > New River Gorge, The > Summersville (Gauley River) Area > Summersville Lake (main)",North America > United States > West Virginia > New River Gorge > Summersville Lake,summersville lake,87.2,45,45,0,near_grade
811015e0-7d81-46fe-995b-96a4403ca3e4,27960,Extinction,Extinction,boulder,v6,7,0,exact,Canada > Newfoundland and Labrador > Newfoundland > Avalon Peninsula > Butter Pot Park,North America > Canada > Newfoundland > Butterpot Park,butterpot park,96.6,3,3,0,exact_grade
81374e9b-ea72-4dfc-949e-befe0d61f5dc,31687,Killer Queen,Killer Queen,sport,5.12d,21,0,exact,Canada > Alberta > Banff National Park > Radium Highway (92 South) > Stanley Headwall (Rock),North America > Canada > Alberta > Banff National Park > Stanley Headwall > Stanley Sport > Gery's Wall,stanley headwall,86.5,10,10,0,exact_grade
8173d619-50f8-587d-b87f-fc7835f54e6d,4443,Popular Demand,Popular Demand,sport,5.10c,12,0,exact,United States > Utah > Southwest Utah > Saint George > Chuckawalla Wall,North America > United States > Utah > St. George > Chuckawalla,chuckawalla,81.5,17,17,0,exact_grade
82116f26-7254-5c41-aca3-b5a752b4e84a,18877,Addiction,Addiction,sport,5.11c,16,0,exact,United States > Kentucky > Red River Gorge > Miller Fork Recreational Preserve (MFRP) > Coopers Cove,North America > United States > Kentucky > Red River Gorge > MFRP > Cooper's Cove,cooper s cove,96.0,6,6,0,exact_grade
8244a028-76b6-5265-93b5-368b7312e50c,116176,Just Say No to Crack,Just Say No to Crack,sport,5.7,8,1,exact,United States > Utah > Wasatch Range > Central Wasatch > Little Cottonwood Canyon,North America > United States > Utah > Little Cottonwood,little cottonwood,82.9,42,42,0,near_grade
825d60a1-2ac6-5d06-9fde-6db9e9d14a30,69097,High Tide,High Tide,boulder,V4,5,0,exact,United States > New York > Adirondacks > H: Southern Mountains > Nine Corner Lake,North America > United States > New York > Nine Corners Lake,nine corners lake,97.0,14,14,0,exact_grade
826a36ab-f586-4a43-80cf-8b2d401e0fbf,3359,The Test,The Test,boulder,v2,3,0,exact,Canada > British Columbia > Squamish > Stawamus Chief > North Wall Boulders,North America > Canada > British Columbia > Squamish > North Walls > Lower Sheriff's Badge Trail,north walls,95.2,53,53,0,exact_grade
827ea559-2140-53ee-8c7a-8f84c6f4cb36,61885,Cool Ranch Flavor Extension,Cool Ranch Flavor Extension,sport,5.12a,18,0,exact,United States > Oregon > Central Oregon > Smith Rock > (g) Morning Glory Wall,North America > United States > Oregon > Smith Rock > Morning Glory Wall,morning glory wall,94.7,17,17,0,exact_grade
8292fb09-d339-4cfe-b9bf-7b4059dd114e,99990,Tyler's Dihedral,Tyler's Dihedral,boulder,V3,4,0,exact,Canada > British Columbia > Squamish > Stawamus Chief > North Wall Boulders,North America > Canada > British Columbia > Squamish > North Walls > The Clean Boulders,north walls,95.2,53,53,0,exact_grade
82da678c-42ed-5c2a-aa01-2131d60bcca2,85619,Starboard,Starboard,boulder,V1,2,0,exact,United States > North Carolina > 3. Piedmont Region > Crowders Mountain > Dixon School Boulders,North America > United States > North Carolina > Dixon School Road Boulders,dixon school road,82.8,4,4,0,exact_grade
831ab1d0-596e-4f4b-97a4-21ddaff8c7c2,4623,Ramble On,Ramble On,sport,5.8,8,0,exact,Canada > Alberta > Bow Valley > Porcupine Creek > Blind Man's Bluff,North America > Canada > Alberta > Kananaskis > Porcupine Creek > Blind Man's Bluff Centre,blind man s bluff centre,82.9,4,4,0,exact_grade
83a3e660-1bf0-5f41-b359-18b39c1dd7e5,130077,Get a Life,GET A LIFE,sport,5.11a,14,0,exact,United States > Utah > Wasatch Range > Central Wasatch > Big Cottonwood Canyon,North America > United States > Utah > Big Cottonwood,big cottonwood,80.0,41,41,0,exact_grade
83e85f9e-0eef-4bfb-9dce-7e4cae0d3fc9,59846,Honey Bee,Honey Bee,boulder,v0,1,0,exact,Canada > British Columbia > Squamish > Stawamus Chief > North Wall Boulders,North America > Canada > British Columbia > Squamish > North Walls > The Farm,north walls,95.2,53,53,0,exact_grade
846d81f1-0659-581b-a719-974cda206eec,127911,Melting Point,Melting Point,sport,5.10b,11,0,exact,United States > Utah > Wasatch Range > Central Wasatch > Big Cottonwood Canyon,North America > United States > Utah > Big Cottonwood,big cottonwood,80.0,41,41,0,exact_grade
846ec2c5-4f25-4b96-8ad4-c830f35ffbd2,32807,Barad-Dur,Barad Dur,trad,5.9,9,0,exact,Canada > British Columbia > Sunshine Coast > Powell River > Lois Lake Bluffs,North America > Canada > British Columbia > Sunshine Coast > Powell River > Lake Bluffs,lake bluffs,81.5,2,2,0,exact_grade
84a4ea28-fa81-54ff-aef0-7f414b629c27,46146,Virtuous Reality,Virtuous Reality,sport,5.11a,14,0,exact,United States > Arizona > Northern Arizona > Winslow- Hwy’s 87 & 99 Corridors > Jacks Canyon,North America > United States > Arizona > Jack's Canyon,jack s canyon,96.0,68,68,0,exact_grade
84e3cb74-1386-56b9-880d-be4be152df12,24387,Pocahontas Path,Pocahontas Path,sport,5.7,7,0,exact,United States > Kentucky > Red River Gorge > Pendergrass-Murray Recreational Preserve (PMRP) > Chica Bonita Wall,North America > United States > Kentucky > Red River Gorge > PMRP > Chica Bonita,chica bonita,82.8,11,11,0,exact_grade
84e463d4-d837-5abd-9038-716f659412fe,14978,The Four Nymphs,The Four Nymphs,sport,5.12b,19,0,exact,United States > Oregon > Central Oregon > Smith Rock > (yy) Basalt Rimrock,North America > United States > Oregon > Smith Rock > Basalt Rimrock,basalt rimrock,90.3,14,14,0,exact_grade
852b1114-4ed0-46ab-95bf-fba4f57c532b,75397,La montée du chameau,La montée du chameau,sport,5.8,8,0,exact,Canada > Quebec > Bas-Saint-Laurent > La montagne à Coton > Le fils à Coton,North America > Canada > Québec > Montagne à Coton > Fils à Coton,fils a coton,88.9,2,2,0,exact_grade
853f254a-62e5-5d25-8d6b-58c202d14289,126710,Pocket Runt,Pocket Runt,sport,5.11c,15,1,exact,United States > Arizona > Northern Arizona > Winslow- Hwy’s 87 & 99 Corridors > Jacks Canyon,North America > United States > Arizona > Jack's Canyon,jack s canyon,96.0,69,69,0,near_grade
859a2afb-b3f2-5ccc-a14e-ad1affd5fe93,112623,Hellish Inferno,Hellish Inferno,sport,5.11b,15,0,exact,United States > Utah > Wasatch Range > Central Wasatch > Little Cottonwood Canyon,North America > United States > Utah > Little Cottonwood,little cottonwood,82.9,41,41,0,exact_grade
85c731be-211a-5d5f-9eb8-630927800641,132873,The Wraith,The Wraith,sport,5.11a,14,0,exact,United States > Utah > Wasatch Range > Central Wasatch > Big Cottonwood Canyon,North America > United States > Utah > Big Cottonwood,big cottonwood,80.0,41,41,0,exact_grade
85e3df49-463f-4b10-bce4-659ebb25b206,124687,Ku's Arete,Ku's Arete,boulder,v5,6,0,exact,Canada > British Columbia > Fraser Valley > The Stacks > Lower Right Stacks,North America > Canada > British Columbia > Fraser Valley > Hope > The Stacks > Lower Stacks,lower stacks,80.0,19,19,0,exact_grade
860f396a-5685-5c81-a9ea-74ca2e83ab4c,92174,Planet Mechanic,Planet Mechanic,sport,5.12a,18,0,exact,United States > Oregon > Central Oregon > Smith Rock > (d) Aggro Gully,North America > United States > Oregon > Smith Rock > Aggro Gully,aggro gully,91.7,8,8,0,exact_grade
861b8333-9e20-548e-bdff-e1de091efd96,56959,Useless Beauty,Useless Beauty,sport,5.10a/b,11,1,exact,"United States > West Virginia > New River Gorge, The > Summersville (Gauley River) Area > Summersville Lake (main)",North America > United States > West Virginia > New River Gorge > Summersville Lake,summersville lake,87.2,45,45,0,near_grade
863a3ede-6e04-4094-a600-334e2f01ce48,18602,Another Roadside Distraction,Another Roadside Distraction,boulder,v1,2,0,exact,Canada > British Columbia > Kootenays West > Nelson > Bealby Boulders,North America > Canada > British Columbia > West Kootenay > Nelson > Bealby Rd,bealby rd,80.0,8,8,0,exact_grade
866611aa-f97b-55de-b819-086b2fdfa316,50782,Jack Pot,Jack Pot,sport,5.8,8,0,exact,United States > Arizona > Northern Arizona > Winslow- Hwy’s 87 & 99 Corridors > Jacks Canyon,North America > United States > Arizona > Jack's Canyon,jack s canyon,96.0,68,68,0,exact_grade
8747bffb-048a-507a-b9af-b4626d67a7d9,466,Baby Blue Eyes,Baby Blue Eyes,sport,5.10c,12,0,exact,United States > Kentucky > Red River Gorge > Pendergrass-Murray Recreational Preserve (PMRP) > Chica Bonita Wall,North America > United States > Kentucky > Red River Gorge > PMRP > Chica Bonita,chica bonita,82.8,11,11,0,exact_grade
87513460-2a50-5ccb-8210-f1d9c62081c1,16604,Mighty Morphin,Mighty Morphin,sport,5.11b,15,0,exact,United States > Arizona > Northern Arizona > Winslow- Hwy’s 87 & 99 Corridors > Jacks Canyon,North America > United States > Arizona > Jack's Canyon,jack s canyon,96.0,68,68,0,exact_grade
88470be6-9b7b-4048-9c9a-d64eba2a552b,32691,Sacrificial Vegetation,Sacrificial Vegetation,trad,5.9,9,0,exact,Canada > British Columbia > Sunshine Coast > Powell River > Lois Lake Bluffs,North America > Canada > British Columbia > Sunshine Coast > Powell River > Lake Bluffs,lake bluffs,81.5,2,2,0,exact_grade
88c983c8-9d3a-4323-9d4b-e019a0d7cdfd,115668,La Belle Province,La Belle Province,boulder,v2,3,0,exact,Canada > British Columbia > Fraser Valley > The Stacks > Lower Left Stacks,North America > Canada > British Columbia > Fraser Valley > Hope > The Stacks > Lower Stacks,lower stacks,82.8,17,17,0,exact_grade
8934a681-14ae-5782-a5f9-43e5e56c2f27,29860,Grab n' Go,Grab n' Go,sport,5.10d,13,0,exact,United States > Kentucky > Red River Gorge > Miller Fork Recreational Preserve (MFRP) > Coopers Cove,North America > United States > Kentucky > Red River Gorge > MFRP > Cooper's Cove,cooper s cove,96.0,6,6,0,exact_grade
899b6dba-9811-561a-a2cd-101d8c8d5c49,120156,Hammerhead,Hammerhead,sport,5.13b/c,23,0,exact,United States > Utah > Central Utah > Maple Canyon > Maple Canyon Road,North America > United States > Utah > Maple Canyon > The Compound,maple canyon,82.8,81,13,68,exact_grade
89b10af4-e152-5ff2-96c9-cb70b2f52004,122661,Lion's Jaw,Lion's Jaw,trad,5.8,8,0,exact,United States > Oregon > Central Oregon > Smith Rock > (g) Morning Glory Wall,North America > United States > Oregon > Smith Rock > Morning Glory Wall,morning glory wall,94.7,17,17,0,exact_grade
8a55cad6-9175-5a71-9bbc-c4043de4d95b,90342,Go Ahead and Jump,Go Ahead and Jump,trad,5.6,7,1,exact,United States > Nevada > Southern Nevada > Red Rocks > Willow Spring,North America > United States > Nevada > Red Rocks > Willow Springs > Ragged Edges,willow springs,96.3,12,12,0,near_grade
8a67448e-a759-4749-afc6-c3fce88089c2,140313,Totally Worth It,Totally Worth It,boulder,v2,3,0,exact,Canada > British Columbia > Fraser Valley > The Stacks > Lower Right Stacks,North America > Canada > British Columbia > Fraser Valley > Hope > The Stacks > Lower Stacks,lower stacks,80.0,19,19,0,exact_grade
8a827b9b-c975-5a5c-9ea0-3721655a7a2f,126847,Choir Boy,Choir Boy,sport,5.9,8,1,exact,United States > Utah > Wasatch Range > Central Wasatch > Big Cottonwood Canyon,North America > United States > Utah > Big Cottonwood,big cottonwood,80.0,42,42,0,near_grade
8a983164-685f-51ac-abe2-f2ffe0c7c4e2,13185,Blue Light Special,Blue Light Special,sport,5.11b,14,1,exact,United States > Oregon > Central Oregon > Smith Rock > (c) Shipwreck Wall,North America > United States > Oregon > Smith Rock > Shipwreck Wall,shipwreck wall,93.3,8,8,0,near_grade
8aaa1f2b-4ced-5312-8c0f-2f394c6ef19c,127093,Speed Trap,Speed Trap,sport,5.12b,19,0,exact,United States > Utah > Wasatch Range > Central Wasatch > Big Cottonwood Canyon,North America > United States > Utah > Big Cottonwood,big cottonwood,80.0,41,41,0,exact_grade
8aed71c5-fcac-5447-a9aa-c1fd9c5f25f6,79513,Purple Aces,Purple Aces,sport,5.11b/c,15,0,exact,United States > Oregon > Central Oregon > Smith Rock > (c) Shipwreck Wall,North America > United States > Oregon > Smith Rock > Shipwreck Wall,shipwreck wall,93.3,7,7,0,exact_grade
8af46934-671a-5931-89ab-cfb3d1fb8645,72178,Escalator,Escalator,boulder,V2,3,0,exact,United States > New York > Adirondacks > H: Southern Mountains > Nine Corner Lake,North America > United States > New York > Nine Corners Lake,nine corners lake,97.0,14,14,0,exact_grade
8b14d9c6-4389-4376-a360-1860c03c62c7,106365,Top of the Morning,Top of the Morning,boulder,v1,2,0,exact,Canada > British Columbia > Fraser Valley > The Stacks > Upper Right Stacks,North America > Canada > British Columbia > Fraser Valley > Hope > The Stacks > Upper Stacks,upper stacks,80.0,8,8,0,exact_grade
8b258c26-0e42-50c7-810f-4fe1cfdd6043,135521,Caesar's Pillar,Caesar's Pillar,sport,5.10c/d,13,1,exact,United States > Utah > Southwest Utah > Saint George > Crawdad Canyon / Veyo,North America > United States > Utah > St. George > Crawdad Canyon,crawdad canyon,84.8,42,42,0,near_grade
8be331b6-f4cb-4cb3-b6bc-bde690278c2e,36338,Shootin Ropes,Shootin' Ropes,boulder,v3-4,4,0,exact,Canada > British Columbia > Fraser Valley > The Stacks > Lower Left Stacks,North America > Canada > British Columbia > Fraser Valley > Hope > The Stacks > Lower Stacks,lower stacks,82.8,17,17,0,exact_grade
8c52b749-d78a-4896-af4d-1ccea6f0b4cd,4863,Quarter Pint,Quarter Pint,boulder,v5,6,0,exact,Canada > British Columbia > Fraser Valley > The Stacks > Lower Right Stacks,North America > Canada > British Columbia > Fraser Valley > Hope > The Stacks > Lower Stacks,lower stacks,80.0,19,19,0,exact_grade
8ca803dc-3f77-439e-a3b7-437b3020386f,48779,Ruée vers l'or,Ruée vers l'or,boulder,v6-,7,0,exact,Canada > Quebec > Mauricie > Site d'escalade de Trois-Rives > 10 - Les blocs,North America > Canada > Québec > Trois-Rives > Les blocs,les blocs,85.7,8,8,0,exact_grade
8d11e85f-7652-5e49-a92d-c8d22b93bff8,70676,Stoner Arete,Stoner Arete,boulder,V0,1,0,exact,United States > New York > Adirondacks > H: Southern Mountains > Nine Corner Lake,North America > United States > New York > Nine Corners Lake,nine corners lake,97.0,14,14,0,exact_grade
8d2df5ad-1cf6-50b2-b4e6-b173ef7c63dc,114717,Rise and Revolt,Rise and Revolt,sport,5.9+,9,0,exact,United States > Utah > Wasatch Range > Central Wasatch > Little Cottonwood Canyon,North America > United States > Utah > Little Cottonwood,little cottonwood,82.9,41,41,0,exact_grade
8d38164a-9dea-53c0-bb5d-2256307d545b,15249,Havana Smack,Havana smack,sport,5.13a,22,0,exact,United States > Oregon > Central Oregon > Smith Rock > (yy) Basalt Rimrock,North America > United States > Oregon > Smith Rock > Basalt Rimrock,basalt rimrock,90.3,14,14,0,exact_grade
8d45f72b-5687-56f4-aefb-a586a138bcf5,10648,Betty Cracker,Betty Cracker,sport,5.9,9,0,exact,United States > Arizona > Northern Arizona > Winslow- Hwy’s 87 & 99 Corridors > Jacks Canyon,North America > United States > Arizona > Jack's Canyon,jack s canyon,96.0,68,68,0,exact_grade
8d4e8e36-dc9b-4774-8a6f-9d0c20c820a9,61748,Canadian Pacific,Canadian Pacific,boulder,v2,3,0,exact,Canada > British Columbia > Kootenays West > Nelson > Bealby Boulders,North America > Canada > British Columbia > West Kootenay > Nelson > Bealby Rd,bealby rd,80.0,8,8,0,exact_grade
8d8c076a-424d-5461-82f3-b7a49a82fa3f,62737,Thai Stick,Thai Stick,sport,5.10d,13,0,exact,United States > Oregon > Portland & The Gorge > Broughton Bluff > (3) Red Wall,North America > United States > Oregon > Broughton Bluff > Red Wall,red wall,88.9,3,3,0,exact_grade
8db0e8d0-c802-44ec-a538-8fab0d68ccb5,10139,Shades of Gray,Shades of Gray,boulder,v2-3,3,0,exact,Canada > British Columbia > Fraser Valley > The Stacks > Lower Right Stacks,North America > Canada > British Columbia > Fraser Valley > Hope > The Stacks > Lower Stacks > Lower Right,lower stacks,80.0,19,19,0,exact_grade
8db1e8ea-159c-5c21-bd39-4ec65ba63a32,116619,Residentially Challenged,Residentially Challenged,sport,5.10c,12,0,exact,United States > Utah > Southwest Utah > Saint George > Crawdad Canyon / Veyo,North America > United States > Utah > St. George > Crawdad Canyon,crawdad canyon,84.8,41,41,0,exact_grade
8e44739c-f00f-5dee-8d1f-1c3464475038,18294,Get On The Ball,Get on the Ball,sport,5.10b,11,0,exact,United States > Oregon > Central Oregon > Smith Rock > (l) Christian Brothers,North America > United States > Oregon > Smith Rock > Christian Brothers,christian brothers,94.7,20,20,0,exact_grade
8e5175fb-c038-56e1-987f-44d38d6134a2,110165,Toxic Narcotic,Toxic Narcotic,sport,5.11c,17,1,exact,United States > Utah > Wasatch Range > Central Wasatch > Little Cottonwood Canyon,North America > United States > Utah > Little Cottonwood,little cottonwood,82.9,42,42,0,near_grade
8eb6d78f-cb35-5812-848d-92f2efa68ca5,24457,Def-Con 1,Def Con 1,sport,5.14a,26,0,exact,United States > Utah > Central Utah > Maple Canyon > Maple Canyon Road,North America > United States > Utah > Maple Canyon > The Compound,maple canyon,82.8,81,13,68,exact_grade
8ee9d38f-36bb-58b1-a12a-bea7938d32f7,138127,Somnambulance,Somnambulance,sport,5.11c,15,1,exact,United States > Utah > Southwest Utah > Saint George > Crawdad Canyon / Veyo,North America > United States > Utah > St. George > Crawdad Canyon,crawdad canyon,84.8,42,42,0,near_grade
8ef66a4a-fe54-5787-b1d7-4e37931558b5,34302,Hold or Fold,Hold or Fold,sport,5.12b,20,1,exact,United States > Arizona > Northern Arizona > Winslow- Hwy’s 87 & 99 Corridors > Jacks Canyon,North America > United States > Arizona > Jack's Canyon,jack s canyon,96.0,69,69,0,near_grade
8f4cefde-0131-55fb-8506-a96f2ae5ca73,69422,Spank the Monkey,Spank the Monkey,sport,5.12a,18,0,exact,United States > Oregon > Central Oregon > Smith Rock > (s) Monkey Face,North America > United States > Oregon > Smith Rock > Monkey Face,monkey face,91.7,3,3,0,exact_grade
8f4e58db-8e7f-53b6-a6ca-4324dfda60af,41024,Up for Grabs,Up For Grabs,sport,5.11d,17,0,exact,United States > Oregon > Central Oregon > Smith Rock > (d) Aggro Gully,North America > United States > Oregon > Smith Rock > Aggro Gully,aggro gully,91.7,8,8,0,exact_grade
8f5eb3c3-2b4c-42b6-890d-920426f8823c,12944,Rock McDirt,Rock McDirt,boulder,v4,5,0,exact,Canada > British Columbia > Fraser Valley > The Stacks > Lower Right Stacks,North America > Canada > British Columbia > Fraser Valley > Hope > The Stacks > Lower Stacks > Lower Right,lower stacks,80.0,19,19,0,exact_grade
8fea8c1d-2e71-40bd-ae6b-806c30bdc344,18705,Gardener's Question Time,Gardener's Question Time,sport,5.9,9,0,exact,Canada > Alberta > Bow Valley > Grassi Lakes (Closed 2022) > Gardener's Wall,North America > Canada > Alberta > Bow Valley > Grassi Lakes > Gardeners Wall,gardeners wall,96.6,11,11,0,exact_grade
90a5971b-bd1b-5e98-b11e-5157c8c66b7e,88634,Clown School,Clown school,sport,5.10a,10,0,exact,"United States > West Virginia > New River Gorge, The > Summersville (Gauley River) Area > Summersville Lake (main)",North America > United States > West Virginia > New River Gorge > Summersville Lake,summersville lake,87.2,44,44,0,exact_grade
90c27dba-fe05-57e3-9eec-5ec336d3d8af,135236,Kid Gloves,Kid Gloves,sport,5.10b,11,0,exact,United States > Utah > Wasatch Range > Central Wasatch > Big Cottonwood Canyon,North America > United States > Utah > Big Cottonwood,big cottonwood,80.0,41,41,0,exact_grade
9169111b-692f-56f3-a4c4-718e88a848e7,102508,Torrid Zone,Torrid Zone,sport,5.12a,18,0,exact,United States > Oregon > Central Oregon > Smith Rock > (yy) Basalt Rimrock,North America > United States > Oregon > Smith Rock > Basalt Rimrock,basalt rimrock,90.3,14,14,0,exact_grade
91a2fb97-44af-5eb7-850a-fc2cf2596c8f,88676,Spray Down,Spray Down,sport,5.10c,12,0,exact,United States > Utah > Central Utah > Maple Canyon > Maple Canyon Road,North America > United States > Utah > Maple Canyon > Bumper Wall,maple canyon,82.8,81,13,68,exact_grade
91a871e4-5770-5bc3-9b05-bd0d54c8a122,33890,Snake Jam,Snake Jam,boulder,V3,4,0,exact,United States > North Carolina > 3. Piedmont Region > Crowders Mountain > Dixon School Boulders,North America > United States > North Carolina > Dixon School Road Boulders,dixon school road,82.8,4,4,0,exact_grade
92302878-c641-5682-8e23-b4c8368ca285,10925,Manifest Destiny,Manifest Destiny,sport,5.12a,18,0,exact,United States > Utah > Southwest Utah > Saint George > Crawdad Canyon / Veyo,North America > United States > Utah > St. George > Crawdad Canyon,crawdad canyon,84.8,41,41,0,exact_grade
924c92eb-3c05-4012-991a-52600bade8ab,140612,Turd Ferguson,Turd Ferguson,boulder,V3,3,1,exact,Canada > British Columbia > Squamish > Stawamus Chief > North Wall Boulders,North America > Canada > British Columbia > Squamish > North Walls > The Dark Side,north walls,95.2,54,54,0,near_grade
929f6457-51c8-4bee-b4df-9b903eb4aa2a,26963,Metropolis,Metropolis,sport,5.9,9,0,exact,Canada > Alberta > Bow Valley > Porcupine Creek > Blind Man's Bluff,North America > Canada > Alberta > Kananaskis > Porcupine Creek > Blind Man's Bluff Left,blind man s bluff left,87.2,3,3,0,exact_grade
92aad564-a906-5b5c-b0f5-ad35548a3d9b,18430,Jack Jumped,Jack Jumped,sport,5.11a,14,0,exact,United States > Arizona > Northern Arizona > Winslow- Hwy’s 87 & 99 Corridors > Jacks Canyon,North America > United States > Arizona > Jack's Canyon,jack s canyon,96.0,68,68,0,exact_grade
92b81f30-0210-5e41-a874-83e9953c0f2e,43277,My Special Purpose,My Special purpose,boulder,V4,5,0,exact,United States > Utah > Wasatch Range > Central Wasatch > Little Cottonwood Canyon,North America > United States > Utah > Little Cottonwood,little cottonwood,82.9,41,41,0,exact_grade
93463637-7873-5469-ab0e-4d243216ce8c,42085,Surfer Rosa,Surfer Rosa,sport,5.12d,21,0,exact,"United States > West Virginia > New River Gorge, The > Summersville (Gauley River) Area > Summersville Lake (main)",North America > United States > West Virginia > New River Gorge > Summersville Lake,summersville lake,87.2,44,44,0,exact_grade
938c3066-10d3-5b00-bde3-3f3be317903f,115148,Double Cross,Double Cross,sport,5.11b,15,0,exact,United States > Utah > Southwest Utah > Saint George > Chuckawalla Wall,North America > United States > Utah > St. George > Chuckawalla,chuckawalla,81.5,17,17,0,exact_grade
93b6b9e8-df6a-581e-ba2a-9d980d0d7cf2,25524,Bloodshot,Bloodshot,sport,5.11c,15,1,exact,United States > Oregon > Central Oregon > Smith Rock > (f) Cocaine Gully,North America > United States > Oregon > Smith Rock > Cocaine Gully,cocaine gully,92.9,8,8,0,near_grade
94192beb-ac3a-5fad-a08f-482991a76092,51437,Bored Stiff,Bored Stiff,boulder,V5,6,0,exact,United States > Utah > Wasatch Range > Central Wasatch > Little Cottonwood Canyon,North America > United States > Utah > Little Cottonwood,little cottonwood,82.9,41,41,0,exact_grade
94431a0d-e90d-5adf-b4f6-0185d7176582,127517,Take Your Pick,Take Your Pick,sport,5.10a,10,0,exact,United States > Arizona > Northern Arizona > Winslow- Hwy’s 87 & 99 Corridors > Jacks Canyon,North America > United States > Arizona > Jack's Canyon,jack s canyon,96.0,68,68,0,exact_grade
94b841d1-f332-5059-83a1-94e65a1576d9,91055,Worthy Whoopsie,Worthy Whoopsie,sport,5.11a,14,0,exact,United States > Utah > Wasatch Range > Central Wasatch > Big Cottonwood Canyon,North America > United States > Utah > Big Cottonwood,big cottonwood,80.0,41,41,0,exact_grade
94c9f0d7-f2bd-582a-a52d-5881a0789f5c,59384,Gaper Crack,Gaper Crack,sport,5.10b,11,0,exact,United States > Utah > Southwest Utah > Saint George > Crawdad Canyon / Veyo,North America > United States > Utah > St. George > Crawdad Canyon,crawdad canyon,84.8,41,41,0,exact_grade
94f4c84c-6b15-5189-a58a-f5d94e428fed,117063,Gape Index,Gape Index,sport,5.10c,12,0,exact,United States > Utah > Southwest Utah > Saint George > Crawdad Canyon / Veyo,North America > United States > Utah > St. George > Crawdad Canyon,crawdad canyon,84.8,41,41,0,exact_grade
9527834d-6eba-5752-825e-f437c1c3e2b8,63032,Cragger Rimjob,Cragger Rimjob,boulder,V6,7,0,exact,United States > Utah > Wasatch Range > Central Wasatch > Little Cottonwood Canyon,North America > United States > Utah > Little Cottonwood,little cottonwood,82.9,41,41,0,exact_grade
953d9aa8-6363-5aa6-b3f9-fc1f1685c8d8,65100,Little Big Horn,Little big horn,trad,5.9+,9,0,exact,United States > Nevada > Southern Nevada > Red Rocks > Willow Spring,North America > United States > Nevada > Red Rocks > Willow Springs,willow springs,96.3,11,11,0,exact_grade
95a68750-80f9-4bcb-8238-77e4d08c8819,48338,Good People,Good People,boulder,v1,2,0,exact,Canada > British Columbia > Squamish > Stawamus Chief > North Wall Boulders,North America > Canada > British Columbia > Squamish > North Walls > Lower Sheriff's Badge Trail,north walls,95.2,53,53,0,exact_grade
96044765-816f-4f5b-8c13-f7ed5db5114a,99825,Get Off My Lawn!,Get off my lawn,boulder,v5,6,0,exact,Canada > British Columbia > Fraser Valley > The Stacks > Upper Right Stacks,North America > Canada > British Columbia > Fraser Valley > Hope > The Stacks > Upper Stacks,upper stacks,80.0,8,8,0,exact_grade
965a13cf-cf66-54f3-b1e0-c1cdfb60c85d,90726,Two Times Arete,Two Times Arete,sport,5.7,7,0,exact,United States > Utah > Central Utah > Maple Canyon > Maple Canyon Road,North America > United States > Utah > Maple Canyon > Platform Wall,maple canyon,82.8,81,13,68,exact_grade
966cc105-3141-5193-a6f2-931a3518729c,88892,The Hooker Next Door,The Hooker Next Door,sport,5.12a,18,0,exact,United States > Oregon > Central Oregon > Smith Rock > (yy) Basalt Rimrock,North America > United States > Oregon > Smith Rock > Basalt Rimrock,basalt rimrock,90.3,14,14,0,exact_grade
968023e9-e26d-508c-b460-9a29892170e5,118521,Always Keep it Loaded,Always keep it loaded,sport,5.12a,18,0,exact,United States > Wyoming > Ten Sleep Canyon > Home Alone,North America > United States > Wyoming > Tensleep Canyon > Home Alone Wall,home alone wall,80.0,4,4,0,exact_grade
96878f33-6d6d-5aed-8962-aef42b2e2e0f,89320,Cows in Agony,Cows in Agony,sport,5.11a,14,0,exact,United States > Oregon > Central Oregon > Smith Rock > Mesa Verde Wall,North America > United States > Oregon > Smith Rock > Mesa Verde,mesa verde,80.0,3,3,0,exact_grade
96959aa5-ec42-5b4a-9b8a-beae17e2e50a,27109,Night-Flying Woman,Night Flying Woman,sport,5.11a,14,0,exact,United States > Wyoming > Lander Area > Wild Iris > Aspen Glade,North America > United States > Wyoming > Wild Iris > Aspen Glades,aspen glades,95.7,12,12,0,exact_grade
96edef0d-ae45-412d-8400-1008465e34e8,66667,Chicken Lips and Assholes,Chicken Lips and Assholes,boulder,v6+,7,0,exact,Canada > British Columbia > Squamish > Stawamus Chief > North Wall Boulders,North America > Canada > British Columbia > Squamish > North Walls > The Farm,north walls,95.2,53,53,0,exact_grade
97bc53b1-95e5-5a9f-9b96-66780364a217,114078,Butthead,Butthead,sport,5.10c,12,0,exact,United States > Utah > Southwest Utah > Saint George > Crawdad Canyon / Veyo,North America > United States > Utah > St. George > Crawdad Canyon,crawdad canyon,84.8,41,41,0,exact_grade
97e7ae76-f0c0-54e4-a089-8a06e3eee722,13361,Blasphemy,Blasphemy,sport,5.11a,14,0,exact,United States > Oregon > Central Oregon > Smith Rock > (l) Christian Brothers,North America > United States > Oregon > Smith Rock > Christian Brothers,christian brothers,94.7,20,20,0,exact_grade
981218fc-63d0-5bbb-83fc-d61e9db8de77,61636,Ride The Lightning,Ride the Lightning,sport,5.11b/c,15,0,exact,United States > Oregon > Central Oregon > Smith Rock > (u) Red Wall,North America > United States > Oregon > Smith Rock > Red Wall,red wall,88.9,7,7,0,exact_grade
98172490-a04a-58bc-91eb-b0032408eead,32206,Sand Puppy,Sand Puppy,sport,5.9+,9,0,exact,United States > Utah > Southwest Utah > Saint George > Chuckawalla Wall,North America > United States > Utah > St. George > Chuckawalla,chuckawalla,81.5,17,17,0,exact_grade
983e0ddd-d048-5b59-a0a5-a2fc80fe63db,99915,Jacks Crown,Jack's Crown,sport,5.10a,10,0,compact,United States > Arizona > Northern Arizona > Winslow- Hwy’s 87 & 99 Corridors > Jacks Canyon,North America > United States > Arizona > Jack's Canyon,jack s canyon,96.0,68,68,0,exact_grade
984ef3e4-336c-552a-be90-0fbfc19b7205,96817,Jersey Shore,Jersey Shore,trad,5.7,7,0,exact,United States > Oregon > Central Oregon > Smith Rock > (yy) Basalt Rimrock,North America > United States > Oregon > Smith Rock > Basalt Rimrock,basalt rimrock,90.3,14,14,0,exact_grade
98a94e8b-3231-5861-bea2-bf0fdb68f456,17058,Twisted Sister,Twisted Sister,sport,5.12b,20,1,exact,United States > Arizona > Northern Arizona > Winslow- Hwy’s 87 & 99 Corridors > Jacks Canyon,North America > United States > Arizona > Jack's Canyon,jack s canyon,96.0,69,69,0,near_grade
9a85e3e3-4d9b-461c-adb0-102b416d127a,2728,Blinded by the Height,Blinded by the height,boulder,v3,3,1,exact,Canada > British Columbia > Fraser Valley > The Stacks > Lower Left Stacks,North America > Canada > British Columbia > Fraser Valley > Hope > The Stacks > Lower Stacks,lower stacks,82.8,18,18,0,near_grade
9ab91744-7329-535e-ae83-7beb034cc7c4,13502,Gun Lust,Gun Lust,sport,5.10c,12,0,exact,"United States > West Virginia > New River Gorge, The > Summersville (Gauley River) Area > Summersville Lake (main)",North America > United States > West Virginia > New River Gorge > Summersville Lake,summersville lake,87.2,44,44,0,exact_grade
9ad0ecfa-aea3-507d-8acf-edc08e842b77,38630,Jack Splat,Jack Splat,sport,5.10c,12,0,exact,United States > Arizona > Northern Arizona > Winslow- Hwy’s 87 & 99 Corridors > Jacks Canyon,North America > United States > Arizona > Jack's Canyon,jack s canyon,96.0,68,68,0,exact_grade
9aef2344-788f-5cc6-98a9-59b4697211c1,31767,This Old Route,This old route,sport,5.11a/b,15,1,exact,United States > Arizona > Northern Arizona > Winslow- Hwy’s 87 & 99 Corridors > Jacks Canyon,North America > United States > Arizona > Jack's Canyon,jack s canyon,96.0,69,69,0,near_grade
9b66fcb2-0c49-4b86-b628-9aeefb04a998,127006,Peaceful Warrior,Peaceful Warrior,trad,5.9,9,0,exact,Canada > British Columbia > Squamish > The Smoke Bluffs > Cabin Boy's Office,North America > Canada > British Columbia > Squamish > Smoke Bluffs > Cabin Boy’s Office,cabin boys office,97.1,4,4,0,exact_grade
9b83a846-0a09-563c-b99c-20ec958e930a,16456,Swiss Arete,Swiss Arete,sport,5.12a,18,0,exact,United States > Arizona > Northern Arizona > Winslow- Hwy’s 87 & 99 Corridors > Jacks Canyon,North America > United States > Arizona > Jack's Canyon,jack s canyon,96.0,68,68,0,exact_grade
9cb96601-90b4-425b-91bd-512061d9eec5,130300,Couldn't Get It Up,Couldn't Get It Up,boulder,v9,10,0,exact,Canada > British Columbia > Fraser Valley > The Stacks > Upper Left Stacks,North America > Canada > British Columbia > Fraser Valley > Hope > The Stacks > Upper Stacks,upper stacks,82.8,5,5,0,exact_grade
9cd2a995-e138-5f8c-a3a5-5ad82bce0240,10306,Jack of all Trades,Jack of all Trades,sport,5.11c,15,1,exact,United States > Arizona > Northern Arizona > Winslow- Hwy’s 87 & 99 Corridors > Jacks Canyon,North America > United States > Arizona > Jack's Canyon,jack s canyon,96.0,69,69,0,near_grade
9d056fe5-d7ea-56c4-bfc5-4d9515afd877,128732,Megalopolis,MEGALOPOLIS,sport,5.11a,14,0,exact,United States > Utah > Wasatch Range > Central Wasatch > Big Cottonwood Canyon,North America > United States > Utah > Big Cottonwood,big cottonwood,80.0,41,41,0,exact_grade
9d5337f1-e1ac-5e42-a0ed-9488296c2032,107820,Group Therapy,Group Therapy,trad,5.7,7,0,exact,United States > Nevada > Southern Nevada > Red Rocks > White Rock Spring,North America > United States > Nevada > Red Rocks > White Rock Springs,white rock springs,97.1,2,2,0,exact_grade
9d835caf-8bd8-5ce4-884c-303185f55e0c,84106,White Stripes,White Stripes,boulder,V3,4,0,exact,United States > North Carolina > 3. Piedmont Region > Crowders Mountain > Dixon School Boulders,North America > United States > North Carolina > Dixon School Road Boulders,dixon school road,82.8,4,4,0,exact_grade
9dba9873-6c64-4a5b-afa9-6f4cdcf1ed12,50000,The Land that Time Forgot,The Land That Time Forgot,boulder,V6,7,0,exact,Canada > British Columbia > Squamish > Stawamus Chief > North Wall Boulders,North America > Canada > British Columbia > Squamish > North Walls > The Lost World,north walls,95.2,53,53,0,exact_grade
9dc92dd0-d023-5fb7-b771-ac02cbd6af7d,84593,Cheaper Than a Movie,Cheaper Than a Movie,trad,5.8,8,0,exact,United States > Kentucky > Red River Gorge > Pendergrass-Murray Recreational Preserve (PMRP) > Chica Bonita Wall,North America > United States > Kentucky > Red River Gorge > PMRP > Chica Bonita,chica bonita,82.8,11,11,0,exact_grade
9dcc0563-fe44-5668-8919-69fd1942c1e9,38472,Sheer Stress,Sheer Stress,trad,5.10a,10,0,exact,United States > Oregon > Portland & The Gorge > Broughton Bluff > (3) Red Wall,North America > United States > Oregon > Broughton Bluff > Red Wall,red wall,88.9,3,3,0,exact_grade
9de85344-a9fd-59ae-969b-342d1ea19dd5,83457,Soaring Overhead,Soaring Overhead,sport,5.12a,18,0,exact,United States > Utah > Southwest Utah > Parowan > Parowan Gap (all crags),North America > United States > Utah > Cedar City > Parowan Gap,parowan gap,84.6,3,3,0,exact_grade
9e0a88d6-17ae-5c41-b22e-e08828152af3,73861,Echame La Culpa,Echame La Culpa,sport,5.11b/c,16,1,exact,United States > Oregon > Central Oregon > Smith Rock > (z) Lower Gorge,North America > United States > Oregon > Smith Rock > Lower Gorge,lower gorge,91.7,12,12,0,near_grade
9e303202-b1a6-41f3-b8f6-b037e16c5722,70332,Short People Have More Fun,Short People Have More Fun,sport,5.9,9,0,exact,Canada > British Columbia > Kootenays West > Rossland > Rossland - Better Than Nothing,North America > Canada > British Columbia > Better Than Nothing,better than nothing,80.9,3,3,0,exact_grade
9e8d0fdb-f964-54af-b7b5-5f991f16467c,91893,Summer Rain,Summer Rain,sport,5.13a,22,0,exact,United States > California > San Bernardino Mountains > Highway 38 Crags > (c) Frustration Creek,North America > United States > California > Frustration Creek,frustration creek,94.4,7,7,0,exact_grade
9e952f54-a8da-41f9-9b7c-db9623f1cd49,13176,Beerophobia,Beerophobia,sport,5.11b,15,0,exact,Canada > Alberta > Banff National Park > Radium Highway (92 South) > Stanley Headwall (Rock),North America > Canada > Alberta > Banff National Park > Stanley Headwall > Stanley Sport > Gery's Wall,stanley headwall,86.5,10,10,0,exact_grade
9ea3f185-11d3-5a7f-9c9b-172e6660b343,10818,Sexorcisto,Sexorcisto,sport,5.10c,12,0,exact,United States > Wyoming > Ten Sleep Canyon > Home Alone,North America > United States > Wyoming > Tensleep Canyon > Home Alone Wall,home alone wall,80.0,4,4,0,exact_grade
9ecd7cd3-0ec1-4dd1-8fc9-f638aca92498,99498,Shortcut,Shortcut,sport,5.10a,10,0,exact,Canada > Alberta > Bow Valley > Porcupine Creek > Blind Man's Bluff,North America > Canada > Alberta > Kananaskis > Porcupine Creek > Blind Man's Bluff Centre,blind man s bluff centre,82.9,4,4,0,exact_grade
9ee8027e-c2ce-5ed9-9d45-a1cd97c14de7,121619,Bar-B-Que,Bar B Que,sport,5.10a,10,0,exact,United States > Utah > Southwest Utah > Saint George > Crawdad Canyon / Veyo,North America > United States > Utah > St. George > Crawdad Canyon,crawdad canyon,84.8,41,41,0,exact_grade
9f6f1aad-af1b-5cf0-9f82-de3a9af3d64f,34719,Nest Egg,Nest Egg,boulder,V7,9,1,exact,United States > Utah > Wasatch Range > Central Wasatch > Little Cottonwood Canyon,North America > United States > Utah > Little Cottonwood,little cottonwood,82.9,42,42,0,near_grade
a02f6cde-fda4-4e0a-9016-846021e0c585,111211,Frère de sang,Frère de sang,boulder,v0,1,0,exact,Canada > Quebec > Mauricie > Site d'escalade de Trois-Rives > 10 - Les blocs,North America > Canada > Québec > Trois-Rives > Les blocs,les blocs,85.7,8,8,0,exact_grade
a133c31f-7f36-4857-8545-2a19ec8a19cc,93650,Trepanning Extension,Trepanning Extension,boulder,v7,8,0,exact,Canada > British Columbia > Fraser Valley > The Stacks > Upper Left Stacks,North America > Canada > British Columbia > Fraser Valley > Hope > The Stacks > Upper Stacks,upper stacks,82.8,5,5,0,exact_grade
a14fb060-ef9b-50cd-98f2-a63737c25ff5,4358,Overboard,Overboard,sport,5.11c,15,1,exact,United States > Oregon > Central Oregon > Smith Rock > (g) Morning Glory Wall,North America > United States > Oregon > Smith Rock > Morning Glory Wall,morning glory wall,94.7,18,18,0,near_grade
a1509c20-1fa8-572c-ac2e-2e9298aafcda,7567,Up Country,Up Country,sport,5.12a,18,0,exact,United States > Oregon > Central Oregon > Smith Rock > (zz) Upper Gorge,North America > United States > Oregon > Smith Rock > Upper Gorge,upper gorge,88.0,3,3,0,exact_grade
a18f80da-93f4-5016-96f4-79ce20bca746,75198,Black and White John and Mary,Black and White John and Mary,trad,5.10c,12,0,exact,United States > Utah > Wasatch Range > Central Wasatch > Little Cottonwood Canyon,North America > United States > Utah > Little Cottonwood,little cottonwood,82.9,41,41,0,exact_grade
a1b7a838-085c-4b8d-a2c5-b81eef0a91b0,110547,Double tranchant,Double tranchant,boulder,v5,6,0,exact,Canada > Quebec > Mauricie > Site d'escalade de Trois-Rives > 10 - Les blocs,North America > Canada > Québec > Trois-Rives > Les blocs,les blocs,85.7,8,8,0,exact_grade
a2128de1-065d-5c8a-be47-646b39fcb9f1,14124,Delusions,delusions,sport,5.11c,17,1,exact,United States > California > San Bernardino Mountains > Highway 38 Crags > (c) Frustration Creek,North America > United States > California > Frustration Creek,frustration creek,94.4,8,8,0,near_grade
a2186adf-53da-4a87-9c85-9d1e652858d9,16504,Young Problem,Young Problem,boulder,v1,2,0,exact,Canada > British Columbia > Squamish > Stawamus Chief > North Wall Boulders,North America > Canada > British Columbia > Squamish > North Walls > Action Man,north walls,95.2,53,53,0,exact_grade
a2d939d5-aaa8-4d6f-a8d8-db80a9fde8fd,133296,Fat Fuck,Fat Fuck,boulder,v2,3,0,exact,Canada > British Columbia > Fraser Valley > The Stacks > Lower Left Stacks,North America > Canada > British Columbia > Fraser Valley > Hope > The Stacks > Lower Stacks,lower stacks,82.8,17,17,0,exact_grade
a36518db-aeac-595e-8fa5-2d048ff87118,80485,Wind Chill,Windchill,sport,5.10a,10,0,compact,United States > Arizona > Northern Arizona > Winslow- Hwy’s 87 & 99 Corridors > Jacks Canyon,North America > United States > Arizona > Jack's Canyon,jack s canyon,96.0,68,68,0,exact_grade
a407d7bd-3687-5dbc-ae33-416760b85ee4,47865,Hang 'Em High,Hang em High,sport,5.12a,18,0,exact,United States > Arizona > Northern Arizona > Winslow- Hwy’s 87 & 99 Corridors > Jacks Canyon,North America > United States > Arizona > Jack's Canyon,jack s canyon,96.0,68,68,0,exact_grade
a4472f11-ac7d-5ef5-9e3c-ceda49e73424,29887,Special Forces,Special Forces,sport,5.13b,23,0,exact,United States > Utah > Central Utah > Maple Canyon > Maple Canyon Road,North America > United States > Utah > Maple Canyon > The Compound,maple canyon,82.8,81,13,68,exact_grade
a4591e9a-475d-5a80-8b23-a07a55e8bd06,137868,Ape Variation,Ape Variation,sport,5.12c,20,0,exact,United States > Utah > Southwest Utah > Saint George > Crawdad Canyon / Veyo,North America > United States > Utah > St. George > Crawdad Canyon,crawdad canyon,84.8,41,41,0,exact_grade
a49df4f2-5262-504d-b8ef-b23f5ac6c625,20318,We Be Toys,We Be Toys,sport,5.10a,10,0,exact,United States > Oregon > Central Oregon > Smith Rock > (r) Pleasure Palace,North America > United States > Oregon > Smith Rock > Pleasure Palace,pleasure palace,93.8,4,4,0,exact_grade
a4b19ce3-1b0a-5440-bb68-dfd7de43ed2a,56594,The Stoney Surfer,The Stoney Surfer,sport,5.12b,19,0,exact,United States > Oregon > Central Oregon > Smith Rock > (c) Shipwreck Wall,North America > United States > Oregon > Smith Rock > Shipwreck Wall,shipwreck wall,93.3,7,7,0,exact_grade
a4cd4dd1-71af-57ce-a6d6-6ec8f03df51b,40376,Vote with a Bullet,Vote With A Bullet,sport,5.13b,23,0,exact,United States > Utah > Central Utah > Maple Canyon > Maple Canyon Road,North America > United States > Utah > Maple Canyon > The Compound,maple canyon,82.8,81,13,68,exact_grade
a4d0372a-be9f-5ab6-ad54-ff5f47399fa7,47326,Phantasmagoria,Phantasmagoria,sport,5.10c,12,0,exact,United States > Oregon > Central Oregon > Smith Rock > (u) Red Wall,North America > United States > Oregon > Smith Rock > Red Wall,red wall,88.9,7,7,0,exact_grade
a560c638-8575-59b8-9507-f38cab370a81,57621,Give the Dog a Bone,Give the Dog a Bone,sport,5.11a,14,0,exact,United States > Utah > Wasatch Range > Central Wasatch > Big Cottonwood Canyon,North America > United States > Utah > Big Cottonwood,big cottonwood,80.0,41,41,0,exact_grade
a5bb7970-2ef1-52d6-8a12-ad5444667605,60517,Bolt From the Blue,Bolt From The Blue,sport,5.12a,18,0,exact,United States > Oregon > Central Oregon > Smith Rock > (c) Shipwreck Wall,North America > United States > Oregon > Smith Rock > Shipwreck Wall,shipwreck wall,93.3,7,7,0,exact_grade
a5c93d20-ec81-5127-bfc6-dde3baf501a3,87654,Cowboy in the Dirt,Cowboy in the Dirt,sport,5.8,8,0,exact,"United States > West Virginia > New River Gorge, The > Summersville (Gauley River) Area > Whippoorwill",North America > United States > West Virginia > New River Gorge > Whipporwill,whipporwill,95.7,2,2,0,exact_grade
a5d3687a-a4d2-5c60-bb62-744384adbdf1,35516,Jackin For Change,Jackin for Change,sport,5.11d,17,0,exact,United States > Arizona > Northern Arizona > Winslow- Hwy’s 87 & 99 Corridors > Jacks Canyon,North America > United States > Arizona > Jack's Canyon,jack s canyon,96.0,68,68,0,exact_grade
a5d7c45f-57b5-46ae-9c44-72f8af12c836,23363,Crossover,Crossover,boulder,v0,1,0,exact,Canada > British Columbia > Squamish > Stawamus Chief > North Wall Boulders,North America > Canada > British Columbia > Squamish > North Walls > The Clean Boulders > Death star,north walls,95.2,53,53,0,exact_grade
a6342baa-ec7b-5920-9938-fca69aec600a,36879,Nacho Cheese,Nacho Cheese,sport,5.12d,21,0,exact,United States > Oregon > Central Oregon > Smith Rock > (g) Morning Glory Wall,North America > United States > Oregon > Smith Rock > Morning Glory Wall,morning glory wall,94.7,17,17,0,exact_grade
a63557c9-34d5-49a8-ad02-6827296dbb00,68860,Baked Traverse,Baked Traverse,boulder,V3,4,0,exact,Canada > British Columbia > Squamish > Stawamus Chief > North Wall Boulders,North America > Canada > British Columbia > Squamish > North Walls > The Dark Side,north walls,95.2,53,53,0,exact_grade
a65360f6-fa64-42f1-b0d3-7fdf9c545e53,13353,Lady Slipper,Lady slipper,sport,5.10a/b,10,0,exact,Canada > Ontario > Ontario South Bouldering and Rock > Lion's Head > Lady Slipper Wall,North America > Canada > Ontario > Lion's head > Lady Slipper,lady slipper,82.8,5,5,0,exact_grade
a65a5541-ab10-478a-9ca6-beb087289aae,84937,Cheap Thrill,Cheap Thrill,boulder,V0,1,0,exact,Canada > British Columbia > Squamish > Stawamus Chief > North Wall Boulders,North America > Canada > British Columbia > Squamish > North Walls > The Dark Side,north walls,95.2,53,53,0,exact_grade
a69fe28b-4501-527b-8d2e-fad9fe003646,28701,Hijacked,Hijacked,sport,5.12b,19,0,exact,United States > Arizona > Northern Arizona > Winslow- Hwy’s 87 & 99 Corridors > Jacks Canyon,North America > United States > Arizona > Jack's Canyon,jack s canyon,96.0,68,68,0,exact_grade
a6c7e25f-62e2-5184-93a2-69ae997ee0ed,44569,Miss Yvonne Rode the Horse,Miss Yvonne Rode the Horse,sport,5.11a,15,1,exact,United States > Wyoming > Lander Area > Wild Iris > Aspen Glade,North America > United States > Wyoming > Wild Iris > Aspen Glades,aspen glades,95.7,13,13,0,near_grade
a6d729cc-7331-5502-835b-cf079ff24654,61801,Sweating Bullets,Sweating Bullets,sport,5.10a,10,0,exact,United States > Wyoming > Lander Area > Wild Iris > Aspen Glade,North America > United States > Wyoming > Wild Iris > Aspen Glades,aspen glades,95.7,12,12,0,exact_grade
a797e9ba-4993-5c20-96d6-61f31cc5bb4b,134484,Bend Over Dorothy,Bend Over Dorothy,sport,5.11a,14,0,exact,United States > Utah > Southwest Utah > Saint George > Crawdad Canyon / Veyo,North America > United States > Utah > St. George > Crawdad Canyon,crawdad canyon,84.8,41,41,0,exact_grade
a7f4b682-101a-5a80-9a41-130b364ce39c,33960,Crack Dealer,Crack Dealer,sport,5.11a/b,15,1,exact,United States > Arizona > Northern Arizona > Winslow- Hwy’s 87 & 99 Corridors > Jacks Canyon,North America > United States > Arizona > Jack's Canyon,jack s canyon,96.0,69,69,0,near_grade
a80f2f92-aee1-4391-9184-2040180bdb29,134027,A pig named Thor,A Pig Named Thor,boulder,v7,8,0,exact,Canada > British Columbia > Fraser Valley > The Stacks > Upper Left Stacks,North America > Canada > British Columbia > Fraser Valley > Hope > The Stacks > Upper Stacks,upper stacks,82.8,5,5,0,exact_grade
a9145a39-1235-589f-993c-c60a2c04678b,84329,My Way or The Highway,My Way or the Highway,sport,5.9,9,0,exact,United States > Kentucky > Red River Gorge > Pendergrass-Murray Recreational Preserve (PMRP) > Chica Bonita Wall,North America > United States > Kentucky > Red River Gorge > PMRP > Chica Bonita,chica bonita,82.8,11,11,0,exact_grade
a9872996-500f-573e-9fae-2c5786462b4c,132780,Kemosabe,Kemosabe,trad,5.10a,10,0,exact,United States > Nevada > Southern Nevada > Red Rocks > Willow Spring,North America > United States > Nevada > Red Rocks > Willow Springs > Ragged Edges,willow springs,96.3,11,11,0,exact_grade
aa14ce98-6789-5977-b752-7470ade42043,57503,Moon Pie Deluxe,Moon Pie Deluxe,sport,5.10d,12,1,exact,"United States > West Virginia > New River Gorge, The > Summersville (Gauley River) Area > Summersville Lake (main)",North America > United States > West Virginia > New River Gorge > Summersville Lake,summersville lake,87.2,45,45,0,near_grade
aa1d5159-4c6b-54e7-af6a-8b77b81a50a2,59022,Road Kill,Road Kill,sport,5.10c/d,12,0,exact,United States > Kentucky > Red River Gorge > Miller Fork Recreational Preserve (MFRP) > Coopers Cove,North America > United States > Kentucky > Red River Gorge > MFRP > Cooper's Cove,cooper s cove,96.0,6,6,0,exact_grade
aa3abe99-c743-4c77-939b-c4d60dbc9568,35686,The Whisker,The Whisker,boulder,v2,3,0,exact,Canada > British Columbia > Squamish > Stawamus Chief > North Wall Boulders,North America > Canada > British Columbia > Squamish > North Walls > Action Man,north walls,95.2,53,53,0,exact_grade
aa94ab3b-ebc1-44aa-b9d4-789b5283ebf7,896,It's Tricky,It's Tricky,boulder,V3,3,1,exact,Canada > British Columbia > Squamish > Stawamus Chief > North Wall Boulders,North America > Canada > British Columbia > Squamish > North Walls > Upper Sheriff's Badge Trail,north walls,95.2,54,54,0,near_grade
aa94f61e-a705-467a-aae1-d37495458bde,110127,Chance unique,Chance unique,boulder,v1,2,0,exact,Canada > Quebec > Mauricie > Site d'escalade de Trois-Rives > 10 - Les blocs,North America > Canada > Québec > Trois-Rives > Les blocs,les blocs,85.7,8,8,0,exact_grade
ab096366-67bb-49c5-9380-3351f562341c,6068,Dear Leader,Dear Leader,boulder,v0,1,0,exact,Canada > British Columbia > Squamish > Stawamus Chief > North Wall Boulders,North America > Canada > British Columbia > Squamish > North Walls > Upper Sheriff's Badge Trail,north walls,95.2,53,53,0,exact_grade
ab20dd1e-6567-5bb1-b310-84595d64ca69,6087,Flight Path,Flight path,sport,5.10b,11,0,exact,"United States > West Virginia > New River Gorge, The > Summersville (Gauley River) Area > Summersville Lake (main)",North America > United States > West Virginia > New River Gorge > Summersville Lake,summersville lake,87.2,44,44,0,exact_grade
ab3c385d-130d-5d76-9fcc-c2440bdf14e2,90031,The Ferret's Dead,The Ferret's Dead,trad,5.9,9,0,exact,United States > Oregon > Central Oregon > Smith Rock > (z) Lower Gorge,North America > United States > Oregon > Smith Rock > Lower Gorge,lower gorge,91.7,11,11,0,exact_grade
abb0124a-cc20-5d57-b1a3-2a5ed2cde0c9,13306,Anonymity,Anonymity,sport,5.9,9,0,exact,United States > Oregon > Central Oregon > Smith Rock > (g) Morning Glory Wall,North America > United States > Oregon > Smith Rock > Morning Glory Wall,morning glory wall,94.7,17,17,0,exact_grade
abb2c721-9a2c-59c5-bc65-0bce6673b0da,37143,Hot Drama Teacher,Hot Drama Teacher,sport,5.11a,14,0,exact,United States > Kentucky > Red River Gorge > Pendergrass-Murray Recreational Preserve (PMRP) > Chica Bonita Wall,North America > United States > Kentucky > Red River Gorge > PMRP > Chica Bonita,chica bonita,82.8,11,11,0,exact_grade
abb6d0f9-0e70-50d5-b70f-0ea36c9c3dab,31908,Hooked On Pockets,Hooked on pockets,sport,5.12c/d,21,1,exact,United States > Arizona > Northern Arizona > Winslow- Hwy’s 87 & 99 Corridors > Jacks Canyon,North America > United States > Arizona > Jack's Canyon,jack s canyon,96.0,69,69,0,near_grade
abc943f1-4f3f-4c34-998d-6743fa85694d,110801,Point blanc,Point blanc,boulder,v1,2,0,exact,Canada > Quebec > Mauricie > Site d'escalade de Trois-Rives > 10 - Les blocs,North America > Canada > Québec > Trois-Rives > Les blocs,les blocs,85.7,8,8,0,exact_grade
abd42f6f-03a7-4079-bb15-79d986ebab38,111472,La fratrie,La fratrie,boulder,v2,3,0,exact,Canada > Quebec > Mauricie > Site d'escalade de Trois-Rives > 10 - Les blocs,North America > Canada > Québec > Trois-Rives > Les blocs,les blocs,85.7,8,8,0,exact_grade
ac12e960-77a5-5680-9402-5597e26a72f0,4226,Little Buckaroo,Little Buckaroo,sport,5.11b,15,0,exact,United States > Wyoming > Lander Area > Wild Iris > Aspen Glade,North America > United States > Wyoming > Wild Iris > Aspen Glades,aspen glades,95.7,12,12,0,exact_grade
ad238c22-0549-54ce-b262-a0f571703907,140403,Powder Up the Nose,Powder up the Nose,sport,5.10d,13,0,exact,United States > Oregon > Central Oregon > Smith Rock > (f) Cocaine Gully,North America > United States > Oregon > Smith Rock > Cocaine Gully,cocaine gully,92.9,7,7,0,exact_grade
ad3cb443-a1be-5c69-9251-4f4aa1586cc6,134109,Dense Pack,Dense Pack,trad,5.10d,12,1,exact,United States > Nevada > Southern Nevada > Red Rocks > Willow Spring,North America > United States > Nevada > Red Rocks > Willow Springs > Ragged Edges,willow springs,96.3,12,12,0,near_grade
ad67619a-9156-4646-9557-e78708f1734a,111065,Le cadet,Le cadet,boulder,v0,1,0,exact,Canada > Quebec > Mauricie > Site d'escalade de Trois-Rives > 10 - Les blocs,North America > Canada > Québec > Trois-Rives > Les blocs,les blocs,85.7,8,8,0,exact_grade
adbcb0d4-1407-5ba1-a420-76372c428e38,133268,I Stink Therefore I Am,I Stink therefore I Am,sport,5.11b,15,0,exact,United States > Utah > Southwest Utah > Saint George > Crawdad Canyon / Veyo,North America > United States > Utah > St. George > Crawdad Canyon,crawdad canyon,84.8,41,41,0,exact_grade
ae21f38e-9794-508f-97ea-7ea5fc8ad2a6,25944,On the Porch,On The Porch,sport,5.9,9,0,exact,"United States > West Virginia > New River Gorge, The > Summersville (Gauley River) Area > Summersville Lake (main)",North America > United States > West Virginia > New River Gorge > Summersville Lake,summersville lake,87.2,44,44,0,exact_grade
ae482ffd-f6e6-54b5-af35-405a592577cb,103203,A Little Help from My Friends,A little help from my friends,sport,5.11a,14,0,exact,United States > Utah > Southwest Utah > Saint George > Crawdad Canyon / Veyo,North America > United States > Utah > St. George > Crawdad Canyon,crawdad canyon,84.8,41,41,0,exact_grade
af7ad7f4-a127-4c34-a1ad-ee72f11d49bc,15941,Drive Through French Fries,Drive Through French Fries,boulder,v4+,6,1,exact,Canada > British Columbia > Fraser Valley > The Stacks > Lower Right Stacks,North America > Canada > British Columbia > Fraser Valley > Hope > The Stacks > Lower Stacks,lower stacks,80.0,20,20,0,near_grade
b007e6b4-38bd-597a-88f5-83a6f7fb783e,19080,Homerpalooza,Homerpalooza,sport,5.12a,18,0,exact,United States > Utah > Southwest Utah > Saint George > Crawdad Canyon / Veyo,North America > United States > Utah > St. George > Crawdad Canyon,crawdad canyon,84.8,41,41,0,exact_grade
b012348e-fec3-4cbb-9689-62094e6483d2,86674,Apron Strings,Apron Strings,trad,5.10b,11,0,exact,Canada > British Columbia > Squamish > Stawamus Chief > Grand Wall Base Area,North America > Canada > British Columbia > Squamish > The Chief > Grand Wall,grand wall,80.0,5,5,0,exact_grade
b0727730-4994-4ef9-a3fb-d96ee07b7c47,7083,Mental Peace,Mental Peace,trad,5.10a,10,0,exact,Canada > British Columbia > Squamish > Shannon Falls > Shannon Springs Wall,North America > Canada > British Columbia > Squamish > Shannon Springs,shannon springs,85.7,7,7,0,exact_grade
b0d3bd78-c219-50c6-89bf-557400094328,119900,Lighter Burden of Priesthood,Lighter Burden of Priesthood,boulder,V8,9,0,exact,United States > New York > Adirondacks > H: Southern Mountains > Nine Corner Lake,North America > United States > New York > Nine Corners Lake,nine corners lake,97.0,14,14,0,exact_grade
b0f253d0-6ddc-55dd-b569-e6468d0980fd,81005,Time To Shower,Time to Shower,sport,5.8,8,0,exact,United States > Oregon > Central Oregon > Smith Rock > (c) Shipwreck Wall,North America > United States > Oregon > Smith Rock > Shipwreck Wall,shipwreck wall,93.3,7,7,0,exact_grade
b117dbed-79b2-58af-bb8c-abca1a532eb3,136617,Soul To Squeeze,Soul to Squeeze,boulder,V10,11,0,exact,United States > Washington > Northeast Corner & Spokane > Spokane Area > Tum Tum,"North America > United States > Washington > Tum Tum, WA",tum tum wa,82.4,2,2,0,exact_grade
b154549c-712f-56fa-9c73-d3f66a42742a,62508,Rude Boys,Rude Boys,sport,5.13b/c,23,0,exact,United States > Oregon > Central Oregon > Smith Rock > (l) Christian Brothers,North America > United States > Oregon > Smith Rock > Christian Brothers,christian brothers,94.7,20,20,0,exact_grade
b1841b85-bbe6-4e1c-9ce1-c16da9a0cbfc,106330,Double Jeu,Double jeu,sport,5.11b,15,0,exact,Canada > Quebec > Lanaudiere > Lac du Cap > Banlieue,North America > Canada > Québec > Lac du Cap > La Banlieue,la banlieue,84.2,9,9,0,exact_grade
b2187a54-2162-4c49-bc22-1454fee8017b,110660,Point noir,Point noir,boulder,v0,1,0,exact,Canada > Quebec > Mauricie > Site d'escalade de Trois-Rives > 10 - Les blocs,North America > Canada > Québec > Trois-Rives > Les blocs,les blocs,85.7,8,8,0,exact_grade
b22384de-6125-4c6a-8008-377fb111dbcc,116651,Hydrogen,Hydrogen,boulder,v2,3,0,exact,Canada > British Columbia > Squamish > Stawamus Chief > North Wall Boulders,North America > Canada > British Columbia > Squamish > North Walls > The Clean Boulders > Death star,north walls,95.2,53,53,0,exact_grade
b23a926f-5db8-583a-98bd-e2eb298a4800,17512,Jack be Nimble,Jack Be Nimble,sport,5.12a,18,0,exact,United States > Arizona > Northern Arizona > Winslow- Hwy’s 87 & 99 Corridors > Jacks Canyon,North America > United States > Arizona > Jack's Canyon,jack s canyon,96.0,68,68,0,exact_grade
b23df7d3-9844-514a-811c-a41ad0b35e88,20102,When Rats Attack,When Rats Attack,sport,5.10b,11,0,exact,United States > Kentucky > Red River Gorge > Pendergrass-Murray Recreational Preserve (PMRP) > Chica Bonita Wall,North America > United States > Kentucky > Red River Gorge > PMRP > Chica Bonita,chica bonita,82.8,11,11,0,exact_grade
b2a7f618-16a4-4a5c-bb4c-98d60a478f5b,81186,Hash Dreams,Hash Dreams,boulder,v4+,5,0,exact,Canada > British Columbia > Sunshine Coast > Raven's Cry Connector,North America > Canada > British Columbia > Sunshine Coast > Raven’s Cry Connector Boulders,ravens cry connector,97.6,3,3,0,exact_grade
b2b72d53-6ad8-5378-b9fc-3f001bcb6524,34624,Physicality,Physicality,boulder,V7,9,1,exact,United States > Utah > Wasatch Range > Central Wasatch > Little Cottonwood Canyon,North America > United States > Utah > Little Cottonwood,little cottonwood,82.9,42,42,0,near_grade
b315388d-9710-4bd3-a4bf-d6e6c6167abe,11182,Unnecessary Accessory,Unnecessary accessory,boulder,v4,5,0,exact,Canada > British Columbia > Squamish > Stawamus Chief > North Wall Boulders,North America > Canada > British Columbia > Squamish > North Walls > The Magic Kingdom,north walls,95.2,53,53,0,exact_grade
b3bdd4eb-9585-5cf4-8dac-24536541adc8,78643,State of Panic,State of Panic,sport,5.11c,15,1,exact,United States > Arizona > Northern Arizona > Winslow- Hwy’s 87 & 99 Corridors > Jacks Canyon,North America > United States > Arizona > Jack's Canyon,jack s canyon,96.0,69,69,0,near_grade
b4759318-e124-4251-9a63-c1ce3e9267df,3913,Livin' in Paradise,Livin' in Paradise,sport,5.12a,18,0,exact,Canada > Alberta > Banff National Park > Radium Highway (92 South) > Stanley Headwall (Rock),North America > Canada > Alberta > Banff National Park > Stanley Headwall > Multipitch Routes,stanley headwall,86.5,10,10,0,exact_grade
b4a5d08a-5706-5a77-a255-9e687839d414,108269,Insane in the Brain,Insane in the Brain,sport,5.11a/b,14,0,exact,United States > Utah > Wasatch Range > Central Wasatch > Little Cottonwood Canyon,North America > United States > Utah > Little Cottonwood,little cottonwood,82.9,41,41,0,exact_grade
b4cece89-ae4f-481c-ad54-e83171cdd0b0,52516,Cradle Robber Light,Cradle robber light,boulder,v6,7,0,exact,Canada > British Columbia > Squamish > Stawamus Chief > North Wall Boulders,North America > Canada > British Columbia > Squamish > North Walls > The Magic Kingdom,north walls,95.2,53,53,0,exact_grade
b56cdad7-9fcc-5fb1-b9f0-60b7cc188f38,35671,Best Seller,Best Seller,sport,5.9,9,0,exact,United States > Arizona > Northern Arizona > Winslow- Hwy’s 87 & 99 Corridors > Jacks Canyon,North America > United States > Arizona > Jack's Canyon,jack s canyon,96.0,68,68,0,exact_grade
b5ccda49-ea7d-5f43-8d4a-f63630a1815e,13560,Dances with Clams,Dances With Clams,sport,5.10a/b,10,0,exact,United States > Oregon > Central Oregon > Smith Rock > (u) Red Wall,North America > United States > Oregon > Smith Rock > Red Wall,red wall,88.9,7,7,0,exact_grade
b60935d6-94c0-5475-a030-d8699d0736b3,78173,Under the Milky Way,Under the Milky Way,sport,5.11d,17,0,exact,"United States > West Virginia > New River Gorge, The > Summersville (Gauley River) Area > Summersville Lake (main)",North America > United States > West Virginia > New River Gorge > Summersville Lake,summersville lake,87.2,44,44,0,exact_grade
b6e1fb1c-d436-546a-b27e-c25abd8ed12c,114137,The Undersir Abules,The Undersir Abules,sport,5.10b,11,0,exact,United States > Utah > Wasatch Range > Central Wasatch > Little Cottonwood Canyon,North America > United States > Utah > Little Cottonwood,little cottonwood,82.9,41,41,0,exact_grade
b6f0de34-ca44-44a2-9e21-e1c1f86c0d73,38349,Lost World Overhang,Lost World Overhang,boulder,v2,3,0,exact,Canada > British Columbia > Squamish > Stawamus Chief > North Wall Boulders,North America > Canada > British Columbia > Squamish > North Walls > The Lost World,north walls,95.2,53,53,0,exact_grade
b73580f7-ddaa-5911-88d6-a9014171275a,9574,Thorazine,Thorazine,boulder,V8,9,0,exact,United States > New York > Adirondacks > H: Southern Mountains > Nine Corner Lake,North America > United States > New York > Nine Corners Lake,nine corners lake,97.0,14,14,0,exact_grade
b7af779e-0cc6-5f87-8619-7a72e60c08d1,125531,Karmic Whiplash,Karmic Whiplash,sport,5.12b,19,0,exact,United States > Utah > Wasatch Range > Central Wasatch > Big Cottonwood Canyon,North America > United States > Utah > Big Cottonwood,big cottonwood,80.0,41,41,0,exact_grade
b811f5d6-c536-5d95-a77d-317d927f4d2d,7596,Delayed Stress Syndrome,Delayed Stress Syndrome,sport,5.11b,14,1,exact,"United States > West Virginia > New River Gorge, The > Summersville (Gauley River) Area > Summersville Lake (main)",North America > United States > West Virginia > New River Gorge > Summersville Lake,summersville lake,87.2,45,45,0,near_grade
b845830c-1e93-59e1-9d48-43fc3f2382b0,33923,Dave's Problem,Dave's Problem,boulder,V3,4,0,exact,United States > New York > Adirondacks > H: Southern Mountains > Nine Corner Lake,North America > United States > New York > Nine Corners Lake,nine corners lake,97.0,14,14,0,exact_grade
b86196e4-8cce-5299-a34f-8e7db54d9771,66867,Tombstone Bullets,Tombstone Bullets,sport,5.10c,12,0,exact,United States > Utah > Southwest Utah > Saint George > Chuckawalla Wall,North America > United States > Utah > St. George > Chuckawalla,chuckawalla,81.5,17,17,0,exact_grade
b893bf33-2ef9-50a3-92e7-ed76c585de8f,50909,Smilin' Jack,Smilin' Jack,sport,5.11c,15,1,exact,"United States > West Virginia > New River Gorge, The > Summersville (Gauley River) Area > Summersville Lake (main)",North America > United States > West Virginia > New River Gorge > Summersville Lake,summersville lake,87.2,45,45,0,near_grade
b8a7ab2c-4098-507a-8d22-d2fbd8ff5e19,89386,Inception,Inception,boulder,V11,12,0,exact,United States > Utah > Wasatch Range > Central Wasatch > Little Cottonwood Canyon,North America > United States > Utah > Little Cottonwood,little cottonwood,82.9,41,41,0,exact_grade
b8b8586b-9d7c-4191-a471-a7fe115bacdb,116667,Rub-a-dub-dub,Rub-a-dub-dub,boulder,v4,5,0,exact,Canada > British Columbia > Squamish > Stawamus Chief > North Wall Boulders,North America > Canada > British Columbia > Squamish > North Walls > The Clean Boulders,north walls,95.2,53,53,0,exact_grade
b96edcc4-ee3c-59c2-b939-a6895d2294e6,54589,Well Hung,Well Hung,sport,5.11a,14,0,exact,United States > Oregon > Portland & The Gorge > Broughton Bluff > (6) Bat Wall,North America > United States > Oregon > Broughton Bluff > Bat Wall,bat wall,88.9,7,7,0,exact_grade
b9b5f042-2355-5c67-b925-3ff02463e210,128867,Easy Money,Easy Money,sport,5.7,8,1,exact,United States > Arizona > Northern Arizona > Winslow- Hwy’s 87 & 99 Corridors > Jacks Canyon,North America > United States > Arizona > Jack's Canyon,jack s canyon,96.0,69,69,0,near_grade
b9e2a600-e812-5945-8b52-6fed6d57afe9,15500,Shake 'n Flake,Shake n Flake,sport,5.11b,15,0,exact,United States > Oregon > Central Oregon > Smith Rock > (f) Cocaine Gully,North America > United States > Oregon > Smith Rock > Cocaine Gully,cocaine gully,92.9,7,7,0,exact_grade
ba21b7bc-9b3b-54af-999b-530332730c9b,117537,Revenge of the Nerds,Revenge of the Nerds,sport,5.11a,14,0,exact,United States > Utah > Wasatch Range > Central Wasatch > Little Cottonwood Canyon,North America > United States > Utah > Little Cottonwood,little cottonwood,82.9,41,41,0,exact_grade
ba5faa15-3c83-52c5-8f1c-a5ecd5bf8fc0,91288,Pretty Pasties,Pretty Pasties,sport,5.11b,15,0,exact,United States > Arizona > Northern Arizona > Winslow- Hwy’s 87 & 99 Corridors > Jacks Canyon,North America > United States > Arizona > Jack's Canyon,jack s canyon,96.0,68,68,0,exact_grade
baba9c59-d949-53f0-8d26-be2527e341f2,132343,Submachine,Sub Machine,sport,5.11a,14,0,compact,United States > Utah > Wasatch Range > Central Wasatch > Big Cottonwood Canyon,North America > United States > Utah > Big Cottonwood,big cottonwood,80.0,41,41,0,exact_grade
bac3d739-1b56-40f0-a647-c55ee4f7df44,8925,Small but Short,Small but Short,sport,5.10a,10,0,exact,Canada > Alberta > Bow Valley > Porcupine Creek > Blind Man's Bluff,North America > Canada > Alberta > Kananaskis > Porcupine Creek > Blind Man's Bluff Centre,blind man s bluff centre,82.9,4,4,0,exact_grade
bacc6182-a5f4-55e6-9f17-2364fa4d3c9e,72520,Freebase,Freebase,sport,5.12a,18,0,exact,United States > Oregon > Central Oregon > Smith Rock > (f) Cocaine Gully,North America > United States > Oregon > Smith Rock > Cocaine Gully,cocaine gully,92.9,7,7,0,exact_grade
bad7e588-48ba-48c2-b88b-e0667e3fa798,8349,Exasperator,Exasperator,trad,5.10c,12,0,exact,Canada > British Columbia > Squamish > Stawamus Chief > Grand Wall Base Area,North America > Canada > British Columbia > Squamish > The Chief > Grand Wall,grand wall,80.0,5,5,0,exact_grade
bad9635c-d082-5ad0-9b28-c0ff0d48f101,17077,Californios,Californios,sport,5.11b,15,0,exact,United States > Wyoming > Lander Area > Wild Iris > Aspen Glade,North America > United States > Wyoming > Wild Iris > Aspen Glades,aspen glades,95.7,12,12,0,exact_grade
bb1174f0-2c8b-5782-95c3-a6dd2a79afb5,8359,More Sandy than Kevin,More Sandy Than Kevin,sport,5.10d,14,1,exact,United States > Oregon > Central Oregon > Smith Rock > (c) Shipwreck Wall,North America > United States > Oregon > Smith Rock > Shipwreck Wall,shipwreck wall,93.3,8,8,0,near_grade
bbe35be2-8128-5786-8c35-47935765412a,48457,Manson Family Reunion,Manson Family Reunion,sport,5.12c,21,1,exact,United States > Oregon > Portland & The Gorge > Broughton Bluff > (6) Bat Wall,North America > United States > Oregon > Broughton Bluff > Bat Wall,bat wall,88.9,8,8,0,near_grade
bbe5174a-d6dc-50ca-adc0-b52dfb875740,17587,Honed Improvement,Honed Improvement,sport,5.12b,18,1,exact,United States > Arizona > Northern Arizona > Winslow- Hwy’s 87 & 99 Corridors > Jacks Canyon,North America > United States > Arizona > Jack's Canyon,jack s canyon,96.0,69,69,0,near_grade
bc2893a2-9bd5-465f-98e6-7528a77b1c13,134984,Bomb Track,Bomb Track,sport,5.12b,18,1,exact,Canada > Alberta > Banff National Park > Radium Highway (92 South) > Stanley Headwall (Rock),North America > Canada > Alberta > Banff National Park > Stanley Headwall > Stanley Sport > Gery's Wall,stanley headwall,86.5,11,11,0,near_grade
bc5a8d20-d55f-50c8-aa9a-17a077fa4257,80582,Breathing in Aether,Breathing in Aether,sport,5.11d,16,1,exact,United States > Oregon > Central Oregon > Smith Rock > (v) Monument Area,North America > United States > Oregon > Smith Rock > The Monument,monument,88.9,10,10,0,near_grade
bcc7f831-43b6-5c04-bb3b-5f8f141546a1,135098,Haven't A Clue,Haven't A Clue,sport,5.8,8,0,exact,United States > Utah > Wasatch Range > Central Wasatch > Big Cottonwood Canyon,North America > United States > Utah > Big Cottonwood,big cottonwood,80.0,41,41,0,exact_grade
bd59c752-9809-51fb-a518-58644874b7b0,126195,Bourbon Street,Bourbon Street,sport,5.10d,13,0,exact,United States > Utah > Wasatch Range > Central Wasatch > Big Cottonwood Canyon,North America > United States > Utah > Big Cottonwood,big cottonwood,80.0,41,41,0,exact_grade
bda55b17-2b95-54ea-b49d-c4410d3812dc,53581,Whore's Gold,Whore’s Gold,sport,5.12a,18,0,compact,United States > Wyoming > Lander Area > Wild Iris > Aspen Glade,North America > United States > Wyoming > Wild Iris > Aspen Glades,aspen glades,95.7,12,12,0,exact_grade
bdf71755-922f-5545-9cab-0893acb7597c,32653,Spiderline,Spiderline,trad,5.7,7,0,exact,United States > Nevada > Southern Nevada > Red Rocks > Willow Spring,North America > United States > Nevada > Red Rocks > Willow Springs,willow springs,96.3,11,11,0,exact_grade
be1eae36-3258-4d7c-9865-e6bb5e1c49bc,29752,Knacker Cracker,Knacker Cracker,trad,5.11b,15,0,exact,Canada > British Columbia > Squamish > Stawamus Chief > Grand Wall Base Area,North America > Canada > British Columbia > Squamish > The Chief > Grand Wall,grand wall,80.0,5,5,0,exact_grade
bf010170-57c4-49dd-8f6f-b589405c89af,32114,Chain of Fools,Chain Of Fools,sport,5.9,9,0,exact,Canada > British Columbia > Kootenays West > Rossland > Rossland - Better Than Nothing,North America > Canada > British Columbia > Better Than Nothing,better than nothing,80.9,3,3,0,exact_grade
bf0f67a5-5f71-44b1-b234-bce2053c1287,63342,The Barrel,The Barrel,boulder,v0+,1,0,exact,Canada > British Columbia > Squamish > Stawamus Chief > North Wall Boulders,North America > Canada > British Columbia > Squamish > North Walls > The Farm,north walls,95.2,53,53,0,exact_grade
bf5c9029-f2ce-5ba8-a130-8d43345c0b2f,30638,King Cobra,King cobra,sport,5.12a,18,0,exact,United States > Kentucky > Red River Gorge > Pendergrass-Murray Recreational Preserve (PMRP) > Chica Bonita Wall,North America > United States > Kentucky > Red River Gorge > PMRP > Chica Bonita,chica bonita,82.8,11,11,0,exact_grade
bfd9d736-e683-472d-9771-33009ce3d435,134301,Westorium,Westorium,boulder,v9,10,0,exact,Canada > British Columbia > Fraser Valley > The Stacks > Lower Right Stacks,North America > Canada > British Columbia > Fraser Valley > Hope > The Stacks > Lower Stacks,lower stacks,80.0,19,19,0,exact_grade
c02dd787-7c1c-5256-8e9a-50abd41d1f00,133880,Feels Like the First Time,Feels Like the First Time,boulder,V4,5,0,exact,United States > Washington > Northeast Corner & Spokane > Spokane Area > Tum Tum,"North America > United States > Washington > Tum Tum, WA",tum tum wa,82.4,2,2,0,exact_grade
c0549ece-abca-5536-989e-d7155eae7ef2,113798,Ego Massage,Ego Massage,sport,5.8+,8,0,exact,United States > Utah > Southwest Utah > Saint George > Crawdad Canyon / Veyo,North America > United States > Utah > St. George > Crawdad Canyon,crawdad canyon,84.8,41,41,0,exact_grade
c0854e2b-f622-5b1f-8f06-5c6c2349ba99,30480,Good Morning,Good morning,boulder,V1,2,0,exact,United States > New York > Adirondacks > H: Southern Mountains > Nine Corner Lake,North America > United States > New York > Nine Corners Lake,nine corners lake,97.0,14,14,0,exact_grade
c1161e24-19c6-536b-92ba-0b97492e14f0,59609,Knotts Landing,Knotts Landing,sport,5.10c,12,0,exact,United States > Utah > Southwest Utah > Saint George > Crawdad Canyon / Veyo,North America > United States > Utah > St. George > Crawdad Canyon,crawdad canyon,84.8,41,41,0,exact_grade
c1351574-1c7d-5836-8ec0-86dae582468e,116512,Veil of Ignorance,Veil of Ignorance,sport,5.10b,11,0,exact,United States > Utah > Southwest Utah > Saint George > Crawdad Canyon / Veyo,North America > United States > Utah > St. George > Crawdad Canyon,crawdad canyon,84.8,41,41,0,exact_grade
c17cf355-8f5f-4196-8df0-a29fc0863fc8,30011,Bar Exam,Bar Exam,boulder,v6,7,0,exact,Canada > British Columbia > Squamish > Stawamus Chief > North Wall Boulders,North America > Canada > British Columbia > Squamish > North Walls > The Burial Grounds,north walls,95.2,53,53,0,exact_grade
c1950f0c-a7ee-520c-a667-91be186b264e,62197,Orange Express,Orange Express,sport,5.10b,12,1,exact,"United States > West Virginia > New River Gorge, The > Summersville (Gauley River) Area > Summersville Lake (main)",North America > United States > West Virginia > New River Gorge > Summersville Lake,summersville lake,87.2,45,45,0,near_grade
c1c77601-0b78-5919-9b9d-88f760e1db65,126958,Better than Bitter,Better Than Bitter,sport,5.10b/c,11,0,exact,United States > Utah > Wasatch Range > Central Wasatch > Big Cottonwood Canyon,North America > United States > Utah > Big Cottonwood,big cottonwood,80.0,41,41,0,exact_grade
c23e76dc-103d-5860-90b3-d001f76ad8af,71522,Pop or Drop,Pop Or Drop,boulder,V4,5,0,exact,United States > New York > Adirondacks > H: Southern Mountains > Nine Corner Lake,North America > United States > New York > Nine Corners Lake,nine corners lake,97.0,14,14,0,exact_grade
c2b8d286-ac8d-5adb-a1e1-da0e2b55194a,139670,Starvation Fruit,Starvation Fruit,sport,5.14b,26,1,exact,United States > Oregon > Central Oregon > Smith Rock > (a) Picnic Lunch Wall,North America > United States > Oregon > Smith Rock > Picnic Lunch Wall,picnic lunch wall,94.4,4,4,0,near_grade
c3035987-a8a6-56ad-bba4-6841d28ea19d,83998,Ace in the Hole,Ace in the Hole,sport,5.10b,11,0,exact,United States > Arizona > Northern Arizona > Winslow- Hwy’s 87 & 99 Corridors > Jacks Canyon,North America > United States > Arizona > Jack's Canyon,jack s canyon,96.0,68,68,0,exact_grade
c3177e0b-4bc8-4ec0-8a07-b9027f09158d,76127,Marco's Slab,Marco’s Slab,boulder,v0,1,0,compact,Canada > British Columbia > Fraser Valley > The Stacks > Lower Right Stacks,North America > Canada > British Columbia > Fraser Valley > Hope > The Stacks > Lower Stacks,lower stacks,80.0,19,19,0,exact_grade
c351dd41-6db3-52c1-9ec8-2070f73979d9,31800,Diesel Therapy,Diesel therapy,sport,5.11a,14,0,exact,United States > Kentucky > Red River Gorge > Miller Fork Recreational Preserve (MFRP) > Coopers Cove,North America > United States > Kentucky > Red River Gorge > MFRP > Cooper's Cove,cooper s cove,96.0,6,6,0,exact_grade
c3625488-4b21-55f4-ac81-9590de3191b2,55980,Sending in the Rain,Sending in the Rain,sport,5.8,8,0,exact,United States > Kentucky > Red River Gorge > Miller Fork Recreational Preserve (MFRP) > Coopers Cove,North America > United States > Kentucky > Red River Gorge > MFRP > Cooper's Cove,cooper s cove,96.0,6,6,0,exact_grade
c37c0c55-7f8a-5045-a76a-3fde61bcdd61,104185,One percent,One Percent,sport,5.11d,17,0,exact,United States > Utah > Central Utah > Maple Canyon > Maple Canyon Road,North America > United States > Utah > Maple Canyon > The Compound,maple canyon,82.8,81,13,68,exact_grade
c3902131-c903-597a-bed4-758852efcb31,60728,Breaking Dawn,Breaking Dawn,boulder,V10,11,0,exact,United States > Utah > Wasatch Range > Central Wasatch > Little Cottonwood Canyon,North America > United States > Utah > Little Cottonwood,little cottonwood,82.9,41,41,0,exact_grade
c41a55e9-762e-4d1a-9061-d8e2561fe8e2,90430,Caffeine Bomb,Caffeine Bomb,boulder,v2,3,0,exact,Canada > British Columbia > Fraser Valley > The Stacks > Lower Right Stacks,North America > Canada > British Columbia > Fraser Valley > Hope > The Stacks > Lower Stacks,lower stacks,80.0,19,19,0,exact_grade
c42979ea-e42e-55d1-ae85-3e43d0462575,37214,Road to the Sun,Road to the Sun,sport,5.8,8,0,exact,United States > Utah > Southwest Utah > Saint George > Crawdad Canyon / Veyo,North America > United States > Utah > St. George > Crawdad Canyon,crawdad canyon,84.8,41,41,0,exact_grade
c48c8913-a6bf-55ac-91a7-dd407ff9e605,9908,Enemy Wind,Enemy Wind,sport,5.11c,15,1,exact,United States > Arizona > Northern Arizona > Winslow- Hwy’s 87 & 99 Corridors > Jacks Canyon,North America > United States > Arizona > Jack's Canyon,jack s canyon,96.0,69,69,0,near_grade
c4abaa9c-e7e5-5d7a-a3a7-f07d87d84b50,96750,Cobble Stoned,Cobble Stoned,sport,5.10c,12,0,exact,United States > Utah > Southwest Utah > Parowan > Parowan Gap (all crags),North America > United States > Utah > Cedar City > Parowan Gap,parowan gap,84.6,3,3,0,exact_grade
c4efc28a-0df0-5cdb-ac19-cf952a660e8c,36953,Times Square,Times Square,sport,5.11a,14,0,exact,United States > Utah > Wasatch Range > Central Wasatch > Big Cottonwood Canyon,North America > United States > Utah > Big Cottonwood,big cottonwood,80.0,41,41,0,exact_grade
c52d9dde-94da-45a1-8612-b1a8614d9f8a,12513,Skunks Do it in Tevas,Skunks do it in Tevas,sport,5.9,9,0,exact,Canada > Ontario > Ontario South Bouldering and Rock > Lion's Head > Lady Slipper Wall,North America > Canada > Ontario > Lion's head > Lady Slipper,lady slipper,82.8,5,5,0,exact_grade
c5465fba-3590-5238-b084-c7fb472db5ba,83155,Mouth Music,Mouth Music,sport,5.12a,18,0,exact,United States > Utah > Southwest Utah > Parowan > Parowan Gap (all crags),North America > United States > Utah > Cedar City > Parowan Gap,parowan gap,84.6,3,3,0,exact_grade
c5b1a9ee-5129-466e-9099-0cf27076eb64,139603,Feu d’Automne,Feu d'automne,trad,5.10a,10,0,compact,Canada > Quebec > Lanaudiere > Lac du Cap > Banlieue,North America > Canada > Québec > Lac du Cap > La Banlieue,la banlieue,84.2,9,9,0,exact_grade
c5b781fb-1b40-580d-88c9-9376580e3f29,83449,Where the Sidewalk Ends,Where The Sidewalk Ends,sport,5.10d,13,0,exact,United States > Kentucky > Red River Gorge > Miller Fork Recreational Preserve (MFRP) > Coopers Cove,North America > United States > Kentucky > Red River Gorge > MFRP > Cooper's Cove,cooper s cove,96.0,6,6,0,exact_grade
c77314bb-1c63-437b-a46c-d253c5d96ecd,70004,Age of Winters,Age of Winters,boulder,V1,2,0,exact,Canada > British Columbia > Squamish > Stawamus Chief > North Wall Boulders,North America > Canada > British Columbia > Squamish > North Walls > The Dark Side,north walls,95.2,53,53,0,exact_grade
c79fc558-0c57-5163-b921-c14b2acfe9be,30086,Lunatic To Love,Lunatic to Love,sport,5.9+,10,1,exact,United States > Oregon > Central Oregon > Smith Rock > (l) Christian Brothers,North America > United States > Oregon > Smith Rock > Christian Brothers,christian brothers,94.7,21,21,0,near_grade
c7c25f97-4df1-5348-9ee8-935532887ede,126775,Tricks are for Kids,Tricks are for Kids,trad,5.10a,10,0,exact,United States > Nevada > Southern Nevada > Red Rocks > Willow Spring,North America > United States > Nevada > Red Rocks > Willow Springs,willow springs,96.3,11,11,0,exact_grade
c894aaf3-b0ca-5086-af9d-9620079deeb4,8841,Mr. Hanky,Mr. Hanky,sport,5.11c,15,1,exact,United States > Utah > Central Utah > Maple Canyon > Maple Canyon Road,North America > United States > Utah > Maple Canyon > The Compound,maple canyon,82.8,82,14,68,near_grade
c8d1a0b5-1019-44ed-9f8a-79f8d1594cf0,113842,Magica Moment,Magica Moment,sport,5.11a,14,0,exact,Canada > Ontario > Ontario South Bouldering and Rock > Lion's Head > Lady Slipper Wall,North America > Canada > Ontario > Lion's head > Lady Slipper,lady slipper,82.8,5,5,0,exact_grade
c937ba77-11d0-537c-98ea-297f2def1812,35413,Ruth Guns,Ruth Guns,boulder,V3,5,1,exact,United States > Utah > Wasatch Range > Central Wasatch > Little Cottonwood Canyon,North America > United States > Utah > Little Cottonwood,little cottonwood,82.9,42,42,0,near_grade
c93c3b71-ce65-4c08-ad2d-4088f3a668b0,19637,Product of Imagination,Product of Imagination,sport,5.12b,19,0,exact,Canada > British Columbia > Okanagan > Cedar Park > Devil's Furnace,North America > Canada > British Columbia > Kelowna > Cedar Park > Devils furnace,devils furnace,96.6,2,2,0,exact_grade
c99f84cb-40a5-5187-93f3-c2ca35df7eaa,108013,Between Iraq and a Hard Place,Between Iraq and a Hard Place,sport,5.11a,14,0,exact,United States > Utah > Wasatch Range > Central Wasatch > Little Cottonwood Canyon,North America > United States > Utah > Little Cottonwood,little cottonwood,82.9,41,41,0,exact_grade
c9c27df5-c75e-556a-a87a-8cf68f7a4a38,85634,The Graduate,The Graduate,trad,5.10b,11,0,exact,United States > Nevada > Southern Nevada > Red Rocks > Willow Spring,North America > United States > Nevada > Red Rocks > Willow Springs,willow springs,96.3,11,11,0,exact_grade
cabac4f7-7da7-58eb-bd4c-7407b60d5677,117129,Black Hash,Black Hash,sport,5.9,9,0,exact,United States > Utah > Wasatch Range > Central Wasatch > Little Cottonwood Canyon,North America > United States > Utah > Little Cottonwood,little cottonwood,82.9,41,41,0,exact_grade
cad16a10-1379-4786-88e5-633d1ae2b2c4,137723,Bouleau Jaune,Bouleau Jaune,sport,5.10d,12,1,exact,Canada > Quebec > Lanaudiere > Lac du Cap > Banlieue,North America > Canada > Québec > Lac du Cap > La Banlieue,la banlieue,84.2,10,10,0,near_grade
cb0be08f-ee01-46c9-b98f-4f787ad65d38,64018,Bella Donna,Bella Donna,boulder,V1,2,0,exact,Canada > British Columbia > Squamish > Stawamus Chief > North Wall Boulders,North America > Canada > British Columbia > Squamish > North Walls > The Dark Side,north walls,95.2,53,53,0,exact_grade
cb9a796f-c8a0-4f6b-b561-407f4f5cdad7,62250,Snowblind,Snowblind,sport,5.10a,10,0,exact,Canada > Alberta > Bow Valley > Porcupine Creek > Blind Man's Bluff,North America > Canada > Alberta > Kananaskis > Porcupine Creek > Blind Man's Bluff Right,blind man s bluff right,85.0,3,3,0,exact_grade
cc0b0761-e200-44b9-96dc-75e3302fa251,117181,What you Want,What you Want,boulder,v2,3,0,exact,Canada > British Columbia > Fraser Valley > The Stacks > Lower Left Stacks,North America > Canada > British Columbia > Fraser Valley > Hope > The Stacks > Lower Stacks,lower stacks,82.8,17,17,0,exact_grade
cc3ce759-0529-53d9-8c56-5d38688787e6,30713,Left Pile,Left Pile,sport,5.12b,19,0,exact,United States > Utah > Wasatch Range > Central Wasatch > Big Cottonwood Canyon,North America > United States > Utah > Big Cottonwood,big cottonwood,80.0,41,41,0,exact_grade
ccaca748-773f-5d76-9504-2a5fc568edd0,3734,The Seep,The Seep,sport,5.10b,11,0,exact,United States > Oregon > Central Oregon > Smith Rock > (zz) Upper Gorge,North America > United States > Oregon > Smith Rock > Upper Gorge,upper gorge,88.0,3,3,0,exact_grade
cd260ea0-6e7b-57b5-ac35-86e1f2d511d1,15854,Chicken McNuggets,Chicken McNuggets,sport,5.10b,11,0,exact,United States > Oregon > Central Oregon > Smith Rock > (f) Cocaine Gully,North America > United States > Oregon > Smith Rock > Cocaine Gully,cocaine gully,92.9,7,7,0,exact_grade
cd321700-5bfb-538d-8bfa-be05133663db,75355,Woman In The Meadow,Woman In The Meadow,sport,5.11a,14,0,exact,United States > Oregon > Central Oregon > Smith Rock > (yy) Basalt Rimrock,North America > United States > Oregon > Smith Rock > Basalt Rimrock,basalt rimrock,90.3,14,14,0,exact_grade
cd8ad3bc-b22e-4833-a80f-51fddd1ea074,2193,Horrorculture,Horrorculture,sport,5.8,8,0,exact,Canada > Alberta > Bow Valley > Grassi Lakes (Closed 2022) > Gardener's Wall,North America > Canada > Alberta > Bow Valley > Grassi Lakes > Gardeners Wall,gardeners wall,96.6,11,11,0,exact_grade
cdc4d9b8-e5e1-5c4a-a405-a1546c2c5ef1,45090,Drink and Wickedness,Drink and Wickedness,sport,5.13a,22,0,exact,United States > Wyoming > Lander Area > Wild Iris > Aspen Glade,North America > United States > Wyoming > Wild Iris > Aspen Glades,aspen glades,95.7,12,12,0,exact_grade
cddc31de-8c91-58a3-a22d-87de12e9eabc,135247,Strung Out Charlie Brown,Strung out Charlie Brown,sport,5.11c,15,1,exact,United States > Utah > Southwest Utah > Saint George > Crawdad Canyon / Veyo,North America > United States > Utah > St. George > Crawdad Canyon,crawdad canyon,84.8,42,42,0,near_grade
ce62738b-aa10-5087-9b25-c4cd19c11269,137740,High Fidelity,High Fidelity,sport,5.12a,18,0,exact,United States > Utah > Southwest Utah > Saint George > Crawdad Canyon / Veyo,North America > United States > Utah > St. George > Crawdad Canyon,crawdad canyon,84.8,41,41,0,exact_grade
ce6c7259-4b2b-5fc5-8b47-6b65120a5f7c,21850,The Origin,The Origin,boulder,V5,6,0,exact,United States > New York > Adirondacks > H: Southern Mountains > Nine Corner Lake,North America > United States > New York > Nine Corners Lake,nine corners lake,97.0,14,14,0,exact_grade
cec12804-ebdb-5bbb-9ff6-8f5facb25e97,19913,Going Ballistic,Going Ballistic,sport,5.10d,13,0,exact,"United States > West Virginia > New River Gorge, The > Summersville (Gauley River) Area > Summersville Lake (main)",North America > United States > West Virginia > New River Gorge > Summersville Lake,summersville lake,87.2,44,44,0,exact_grade
cf23eb12-7442-4510-9e10-b55d83029825,9242,Wet Dream,Wet Dream,trad,5.10a,10,0,exact,Canada > British Columbia > Squamish > The Smoke Bluffs > Cabin Boy's Office,North America > Canada > British Columbia > Squamish > Smoke Bluffs > Cabin Boy’s Office,cabin boys office,97.1,4,4,0,exact_grade
cf4ea8c0-ab26-5317-bb77-60f8d2da8eea,19180,Crooked Crack,Crooked Crack,trad,5.6,7,1,exact,United States > Nevada > Southern Nevada > Red Rocks > Willow Spring,North America > United States > Nevada > Red Rocks > Willow Springs > Ragged Edges,willow springs,96.3,12,12,0,near_grade
cf6f8c30-70ce-4876-a5b6-69adb51c30e2,99666,Hamstrong,Hamstrong,boulder,v4,5,0,exact,Canada > British Columbia > Fraser Valley > The Stacks > Upper Right Stacks,North America > Canada > British Columbia > Fraser Valley > Hope > The Stacks > Upper Stacks,upper stacks,80.0,8,8,0,exact_grade
cf8e8d6b-711f-5e3e-86f1-bad2cbe93447,38452,Direct North Face of Shothole,Direct North Face of Shothole,boulder,V0,1,0,exact,United States > Utah > Wasatch Range > Central Wasatch > Little Cottonwood Canyon,North America > United States > Utah > Little Cottonwood,little cottonwood,82.9,41,41,0,exact_grade
cff096df-f0db-4dac-916a-c39350f870aa,107192,La 131 nord,La 131 nord,sport,5.10b,11,0,exact,Canada > Quebec > Lanaudiere > Lac du Cap > Banlieue,North America > Canada > Québec > Lac du Cap > La Banlieue,la banlieue,84.2,9,9,0,exact_grade
d1175d50-21fc-498a-acab-d81267f55bd4,101668,Clockwork Orange,Clockwork Orange,sport,5.12a,18,0,exact,Canada > Alberta > Banff National Park > Radium Highway (92 South) > Stanley Headwall (Rock),North America > Canada > Alberta > Banff National Park > Stanley Headwall > Stanley Sport > Gery's Wall,stanley headwall,86.5,10,10,0,exact_grade
d183c97f-402b-480e-82b9-772482d03d7f,86671,I must mention Gentians,I Must Mention Gentians,sport,5.10a,10,0,exact,Canada > Alberta > Bow Valley > Grassi Lakes (Closed 2022) > Gardener's Wall,North America > Canada > Alberta > Bow Valley > Grassi Lakes > Gardeners Wall,gardeners wall,96.6,11,11,0,exact_grade
d1a0d264-e21d-548b-8472-0be45f67834f,97303,Collective Mind,Collective Mind,boulder,V9,9,1,exact,United States > Washington > Northeast Corner & Spokane > Spokane Area > Tum Tum,"North America > United States > Washington > Tum Tum, WA",tum tum wa,82.4,3,3,0,near_grade
d1c0ad78-d34b-560f-a2f8-c45bada0c211,42823,She Might be a Liar,She might be a liar,sport,5.11b,15,0,exact,United States > Kentucky > Red River Gorge > Pendergrass-Murray Recreational Preserve (PMRP) > Chica Bonita Wall,North America > United States > Kentucky > Red River Gorge > PMRP > Chica Bonita,chica bonita,82.8,11,11,0,exact_grade
d24ccd6f-ab98-544c-aea5-27bc9ca167bc,37676,Sidewalk Café,Sidewalk Café,sport,5.11c,16,0,exact,United States > Oregon > Central Oregon > Smith Rock > (yy) Basalt Rimrock,North America > United States > Oregon > Smith Rock > Basalt Rimrock,basalt rimrock,90.3,14,14,0,exact_grade
d49446de-f194-5667-ae86-91d5a395c35f,98456,Sands of Anarchy,Sands of Anarchy,sport,5.10b,11,0,exact,United States > Utah > Southwest Utah > Saint George > Chuckawalla Wall,North America > United States > Utah > St. George > Chuckawalla,chuckawalla,81.5,17,17,0,exact_grade
d4ba29ee-f1de-539f-8982-1b65558477ba,25743,Drilling Zona,Drilling Zona,sport,5.11c,16,0,exact,United States > Oregon > Central Oregon > Smith Rock > (yy) Basalt Rimrock,North America > United States > Oregon > Smith Rock > Basalt Rimrock,basalt rimrock,90.3,14,14,0,exact_grade
d4e92faa-33f4-5e87-96ec-2a9cb4d831cd,99917,Sheer Energy,Sheer energy,trad,5.10a,10,0,exact,United States > Oregon > Portland & The Gorge > Broughton Bluff > (3) Red Wall,North America > United States > Oregon > Broughton Bluff > Red Wall,red wall,88.9,3,3,0,exact_grade
d4f358fe-3316-54ea-b71a-58e2896f9518,131495,Big Spender,Big Spender,sport,5.11c,15,1,exact,United States > Arizona > Northern Arizona > Winslow- Hwy’s 87 & 99 Corridors > Jacks Canyon,North America > United States > Arizona > Jack's Canyon,jack s canyon,96.0,69,69,0,near_grade
d5055861-0b5a-5e59-bfdd-f9ffcc5eac1e,5533,Second Coming,Second Coming,sport,5.12a,18,0,exact,United States > Utah > Southwest Utah > Saint George > Chuckawalla Wall,North America > United States > Utah > St. George > Chuckawalla,chuckawalla,81.5,17,17,0,exact_grade
d5702894-8fcd-5053-85ae-67005e06bf1b,11346,Moons of Pluto,Moons Of Pluto,sport,5.10d,13,0,exact,United States > Oregon > Central Oregon > Smith Rock > Mesa Verde Wall,North America > United States > Oregon > Smith Rock > Mesa Verde,mesa verde,80.0,3,3,0,exact_grade
d623b561-086c-4d21-98e4-b180fdd2a37d,42841,Scott’s Other Problem,Scott's Other Problem,boulder,v0-,1,0,compact,Canada > British Columbia > Squamish > Stawamus Chief > North Wall Boulders,North America > Canada > British Columbia > Squamish > North Walls > Action Man,north walls,95.2,53,53,0,exact_grade
d6cf2b0b-f19c-57de-90aa-2276eabafe05,21985,Slots O Fun,Slots O Fun,sport,5.10a,10,0,exact,United States > Arizona > Northern Arizona > Winslow- Hwy’s 87 & 99 Corridors > Jacks Canyon,North America > United States > Arizona > Jack's Canyon,jack s canyon,96.0,68,68,0,exact_grade
d6d1ef12-9aa5-41b8-8438-63d35230568f,41424,Techycardia,Techycardia,boulder,v6,7,0,exact,Canada > British Columbia > Fraser Valley > The Stacks > Lower Left Stacks,North America > Canada > British Columbia > Fraser Valley > Hope > The Stacks > Lower Stacks,lower stacks,82.8,17,17,0,exact_grade
d78f67e5-3b93-58fb-85a4-231d65816a73,133810,Mitosis Hurts,Mitosis hurts,sport,5.10b,11,0,exact,United States > Utah > Southwest Utah > Saint George > Crawdad Canyon / Veyo,North America > United States > Utah > St. George > Crawdad Canyon,crawdad canyon,84.8,41,41,0,exact_grade
d7ee2fad-7ba1-5585-b5c6-13c8d32d9d67,112219,Rocky Top Hilton,Rocky Top Hilton,sport,5.10a,10,0,exact,"United States > West Virginia > New River Gorge, The > Summersville (Gauley River) Area > Summersville Lake (main)",North America > United States > West Virginia > New River Gorge > Summersville Lake,summersville lake,87.2,44,44,0,exact_grade
d7fc0241-9559-57f0-ae82-1946be87acf1,73777,Willy on a Stick,Willy on a Stick,sport,5.11a,14,0,exact,United States > Utah > Central Utah > Maple Canyon > Maple Canyon Road,North America > United States > Utah > Maple Canyon > Willy Wall,maple canyon,82.8,81,13,68,exact_grade
d93c8d85-0797-5e18-86ce-2b0095d37580,22475,Superstition,Superstition,sport,5.10c,13,1,exact,United States > Oregon > Portland & The Gorge > Broughton Bluff > (6) Bat Wall,North America > United States > Oregon > Broughton Bluff > Bat Wall,bat wall,88.9,8,8,0,near_grade
d95b1be6-0bd9-5f63-b58e-133ac937df51,66699,Still Waiting,Still Waiting,sport,5.12a,18,0,exact,United States > Utah > Southwest Utah > Saint George > Chuckawalla Wall,North America > United States > Utah > St. George > Chuckawalla,chuckawalla,81.5,17,17,0,exact_grade
d99f142c-5267-4876-9e71-33149fcb7d68,139457,Les Amis,Les amis,sport,5.10c,12,0,exact,Canada > Quebec > Lanaudiere > Lac du Cap > Banlieue,North America > Canada > Québec > Lac du Cap > La Banlieue,la banlieue,84.2,9,9,0,exact_grade
d9a51a91-17a5-583a-82ec-7d87a4534871,34881,Total Lack of Jack,Total Lack of Jack,sport,5.10c,12,0,exact,United States > Arizona > Northern Arizona > Winslow- Hwy’s 87 & 99 Corridors > Jacks Canyon,North America > United States > Arizona > Jack's Canyon,jack s canyon,96.0,68,68,0,exact_grade
d9b6b9db-df29-52d6-b851-55763fc4124c,15522,Pilgrimage,Pilgrimage,sport,5.12a,18,0,exact,United States > Utah > Southwest Utah > Saint George > Chuckawalla Wall,North America > United States > Utah > St. George > Chuckawalla,chuckawalla,81.5,17,17,0,exact_grade
da00470a-3527-52df-94ee-15904527bf74,84629,Skid Row Variation,Skid Row Variation,sport,5.11a,15,1,exact,United States > Utah > Wasatch Range > Central Wasatch > Big Cottonwood Canyon,North America > United States > Utah > Big Cottonwood,big cottonwood,80.0,42,42,0,near_grade
da2008a2-9365-5a76-923d-0bfbcbbc2c05,114408,Trapezius,Trapezius,sport,5.12b,19,0,exact,"United States > West Virginia > New River Gorge, The > Summersville (Gauley River) Area > Summersville Lake (main)",North America > United States > West Virginia > New River Gorge > Summersville Lake,summersville lake,87.2,44,44,0,exact_grade
da30208f-0a40-5b95-acf4-f162debeda20,823,Sniff the Drill,Sniff the Drill,sport,5.8,8,0,exact,"United States > West Virginia > New River Gorge, The > Summersville (Gauley River) Area > Summersville Lake (main)",North America > United States > West Virginia > New River Gorge > Summersville Lake,summersville lake,87.2,44,44,0,exact_grade
da6190f8-386f-44ce-ac3e-5d8a5ea56fd0,27576,Blind Alley,Blind Alley,sport,5.11b,15,0,exact,Canada > Alberta > Bow Valley > Porcupine Creek > Blind Man's Bluff,North America > Canada > Alberta > Kananaskis > Porcupine Creek > Blind Man's Bluff Right,blind man s bluff right,85.0,3,3,0,exact_grade
db079e28-e81c-5e7b-91f1-35fd7efbf83f,129637,Always Smooth,Always Smooth,sport,5.11b,15,0,exact,United States > Arizona > Northern Arizona > Winslow- Hwy’s 87 & 99 Corridors > Jacks Canyon,North America > United States > Arizona > Jack's Canyon,jack s canyon,96.0,68,68,0,exact_grade
db1158f7-08cb-4afb-befc-f664c04d9865,13604,Reverse Reverse,Reverse Reverse,boulder,v3,4,0,exact,Canada > British Columbia > Fraser Valley > The Stacks > Lower Left Stacks,North America > Canada > British Columbia > Fraser Valley > Hope > The Stacks > Lower Stacks,lower stacks,82.8,17,17,0,exact_grade
db20129e-f53b-54a5-8b6f-f16f4b9d3eef,127239,Plimsol Line,Plimsol Line,sport,5.12b,19,0,exact,United States > Utah > Wasatch Range > Central Wasatch > Big Cottonwood Canyon,North America > United States > Utah > Big Cottonwood,big cottonwood,80.0,41,41,0,exact_grade
db2383e8-5488-50d7-97b7-40abdcea257e,23802,Suicide Blonde,Suicide Blonde,sport,5.13b,23,0,exact,"United States > West Virginia > New River Gorge, The > Summersville (Gauley River) Area > Summersville Lake (main)",North America > United States > West Virginia > New River Gorge > Summersville Lake,summersville lake,87.2,44,44,0,exact_grade
db24d7e2-2419-540f-ae37-e04c8d0c23a3,133469,Theme Book,Theme Book,trad,5.9,9,0,exact,United States > Nevada > Southern Nevada > Red Rocks > Willow Spring,North America > United States > Nevada > Red Rocks > Willow Springs > Ragged Edges,willow springs,96.3,11,11,0,exact_grade
db7330b8-30c3-5837-909e-041a5938e04a,5173,Cry Baby,Cry Baby,sport,5.12a,18,0,exact,United States > Arizona > Northern Arizona > Winslow- Hwy’s 87 & 99 Corridors > Jacks Canyon,North America > United States > Arizona > Jack's Canyon,jack s canyon,96.0,68,68,0,exact_grade
dc7d1ddb-6632-5421-b235-c47d66d8cad8,11146,The Burl Master,The Burl Master,sport,5.13c,24,0,exact,United States > Oregon > Central Oregon > Smith Rock > (d) Aggro Gully,North America > United States > Oregon > Smith Rock > Aggro Gully,aggro gully,91.7,8,8,0,exact_grade
dc8f0130-11cd-52bf-85cb-7a2c65d11adb,43793,Well Digger,Well Digger,sport,5.11b,15,0,exact,United States > Oregon > Portland & The Gorge > Broughton Bluff > (6) Bat Wall,North America > United States > Oregon > Broughton Bluff > Bat Wall,bat wall,88.9,7,7,0,exact_grade
dca5fad2-276b-550f-a4f1-d72e0bec9a11,21890,Rainbow Connection,Rainbow Connection,sport,5.10b,11,0,exact,United States > Oregon > Central Oregon > Smith Rock > (c) Shipwreck Wall,North America > United States > Oregon > Smith Rock > Shipwreck Wall,shipwreck wall,93.3,7,7,0,exact_grade
dcde95d3-6c7e-5d7c-a4ea-53a040096bb9,61696,Bag Lunch,Bag Lunch,sport,5.8,8,0,exact,United States > Utah > Southwest Utah > Saint George > Crawdad Canyon / Veyo,North America > United States > Utah > St. George > Crawdad Canyon,crawdad canyon,84.8,41,41,0,exact_grade
dcdee9b0-c11a-5805-b87f-ed2af86afe55,92753,Goggle I Bee,Goggle I Bee,sport,5.7,7,0,exact,United States > Utah > Central Utah > Maple Canyon > Maple Canyon Road,North America > United States > Utah > Maple Canyon > Willy Wall,maple canyon,82.8,81,13,68,exact_grade
dcfcf31a-55e0-529c-b4a0-c527999471de,19641,Jack Off,Jack Off,sport,5.8,8,0,exact,United States > Arizona > Northern Arizona > Winslow- Hwy’s 87 & 99 Corridors > Jacks Canyon,North America > United States > Arizona > Jack's Canyon,jack s canyon,96.0,68,68,0,exact_grade
dd8d15bb-015e-5b2b-a679-aa947ab72b27,50161,Little Wicked Thing,Little Wicked Thing,sport,5.10a,10,0,exact,United States > Oregon > Central Oregon > Smith Rock > (r) Pleasure Palace,North America > United States > Oregon > Smith Rock > Pleasure Palace,pleasure palace,93.8,4,4,0,exact_grade
ddc90f3c-7fa6-4093-a02c-507dd669e76f,21454,Tourista,Tourista,boulder,v6,7,0,exact,Canada > British Columbia > Kootenays West > Nelson > Bealby Boulders,North America > Canada > British Columbia > West Kootenay > Nelson > Bealby Rd,bealby rd,80.0,8,8,0,exact_grade
dde96b86-70c2-4984-bd8f-1e7847e36d2b,28686,Distance to Empty,Distance to Empty,sport,5.12b,19,0,exact,Canada > Alberta > Banff National Park > Radium Highway (92 South) > Stanley Headwall (Rock),North America > Canada > Alberta > Banff National Park > Stanley Headwall > Stanley Sport > Gery's Wall,stanley headwall,86.5,10,10,0,exact_grade
ddf446be-8f73-4fda-86f3-f74a3db76129,308,Arêtetion,Aretetion,boulder,v6,6,1,exact,Canada > British Columbia > Fraser Valley > The Stacks > Lower Left Stacks,North America > Canada > British Columbia > Fraser Valley > Hope > The Stacks > Lower Stacks,lower stacks,82.8,18,18,0,near_grade
de135783-161d-5de6-969c-6b4a4b497dca,24334,Good Dobby,Good Dobby,sport,5.10c,12,0,exact,United States > Oregon > Central Oregon > Smith Rock > (v) Monument Area,North America > United States > Oregon > Smith Rock > The Monument,monument,88.9,9,9,0,exact_grade
de7710b9-4ed9-51e0-b821-5361d2d6953b,27559,Wildfire,Wildfire,trad,5.10b,11,0,exact,United States > Oregon > Central Oregon > Smith Rock > (z) Lower Gorge,North America > United States > Oregon > Smith Rock > Lower Gorge,lower gorge,91.7,11,11,0,exact_grade
deacfb5f-898b-536b-a8a0-59a2e55d03b8,137223,Walk the Walk,Walk the Walk,sport,5.10b,11,0,exact,United States > Utah > Southwest Utah > Saint George > Crawdad Canyon / Veyo,North America > United States > Utah > St. George > Crawdad Canyon,crawdad canyon,84.8,41,41,0,exact_grade
df751705-76fd-5e17-8c46-0539d8fe6f7d,85127,Longitude,Longitude,boulder,V1,2,0,exact,United States > North Carolina > 3. Piedmont Region > Crowders Mountain > Dixon School Boulders,North America > United States > North Carolina > Dixon School Road Boulders,dixon school road,82.8,4,4,0,exact_grade
df79b7e5-f156-4618-a984-ccf01858f3d9,50014,Weed 'Em and Reap,Weed 'em and Reap,sport,5.10b,11,0,exact,Canada > Alberta > Bow Valley > Grassi Lakes (Closed 2022) > Gardener's Wall,North America > Canada > Alberta > Bow Valley > Grassi Lakes > Gardeners Wall,gardeners wall,96.6,11,11,0,exact_grade
df8893ad-a6a3-50d6-b7cc-6e31d8b6e6fe,3312,Bolt From the Blue Start,Bolt From The Blue Start,sport,5.11b,14,1,exact,United States > Oregon > Central Oregon > Smith Rock > (c) Shipwreck Wall,North America > United States > Oregon > Smith Rock > Shipwreck Wall,shipwreck wall,93.3,8,8,0,near_grade
dffe91be-6210-4fb7-aba0-d07ab9065243,138776,Le Kraken,Le kraken,trad,5.10a,9,1,exact,Canada > Quebec > Lanaudiere > Lac du Cap > Banlieue,North America > Canada > Québec > Lac du Cap > La Banlieue,la banlieue,84.2,10,10,0,near_grade
e0520763-fdfc-5d4e-878d-c810782b361c,9946,Bats in the Belfry,Bats in the Belfry,sport,5.11a,14,0,exact,United States > Arizona > Northern Arizona > Winslow- Hwy’s 87 & 99 Corridors > Jacks Canyon,North America > United States > Arizona > Jack's Canyon,jack s canyon,96.0,68,68,0,exact_grade
e06f032b-5109-4cfa-92b6-c66fdb6f7e10,41082,High Tea,High Tea,boulder,v2,3,0,exact,Canada > British Columbia > Fraser Valley > The Stacks > Upper Right Stacks,North America > Canada > British Columbia > Fraser Valley > Hope > The Stacks > Upper Stacks,upper stacks,80.0,8,8,0,exact_grade
e108f402-65b2-5307-95b9-44142c13054b,9482,Ridin' the Short Buzz,Ridin' the Short Buzz,sport,5.9,9,0,exact,United States > Kentucky > Red River Gorge > Pendergrass-Murray Recreational Preserve (PMRP) > Chica Bonita Wall,North America > United States > Kentucky > Red River Gorge > PMRP > Chica Bonita,chica bonita,82.8,11,11,0,exact_grade
e136d1bd-7bcc-53e1-938c-62394a278763,31099,Poker Face,Poker Face,sport,5.11b,15,0,exact,United States > Arizona > Northern Arizona > Winslow- Hwy’s 87 & 99 Corridors > Jacks Canyon,North America > United States > Arizona > Jack's Canyon,jack s canyon,96.0,68,68,0,exact_grade
e244b844-9afe-56cf-963e-2c69e0470a91,85476,Go Right,Go Right,boulder,V3,4,0,exact,United States > Utah > Wasatch Range > Central Wasatch > Little Cottonwood Canyon,North America > United States > Utah > Little Cottonwood,little cottonwood,82.9,41,41,0,exact_grade
e256868c-9995-5c92-9453-dd61acb1068b,111807,Meat Puppets,Meat puppets,sport,5.12c,20,0,exact,United States > Utah > Wasatch Range > Central Wasatch > Little Cottonwood Canyon,North America > United States > Utah > Little Cottonwood,little cottonwood,82.9,41,41,0,exact_grade
e2ebb69b-a02f-5cee-8755-e1374ab1579e,30064,Unpopular Mechanics,Unpopular Mechanics,sport,5.12c,21,1,exact,United States > Arizona > Northern Arizona > Winslow- Hwy’s 87 & 99 Corridors > Jacks Canyon,North America > United States > Arizona > Jack's Canyon,jack s canyon,96.0,69,69,0,near_grade
e340f527-b42d-540f-8a59-0a688c4f3fe0,10620,Kill The Hate,Kill The Hate,sport,5.13a,22,0,exact,United States > Oregon > Central Oregon > Smith Rock > (d) Aggro Gully,North America > United States > Oregon > Smith Rock > Aggro Gully,aggro gully,91.7,8,8,0,exact_grade
e366af5d-0065-573d-a6a3-2444a0173cdd,23987,Bop Till You Drop,Bop Till You Drop,sport,5.11a,14,0,exact,United States > Oregon > Central Oregon > Smith Rock > (r) Pleasure Palace,North America > United States > Oregon > Smith Rock > Pleasure Palace,pleasure palace,93.8,4,4,0,exact_grade
e3e38d0b-f8f1-5fff-b38c-cfd395cbaf64,44066,Meow Mix,Meow Mix,sport,5.11c,16,0,exact,United States > Oregon > Central Oregon > Smith Rock > (v) Monument Area,North America > United States > Oregon > Smith Rock > The Monument,monument,88.9,9,9,0,exact_grade
e3ee6248-0eef-5fb5-ace8-69442d3a5f40,770,That Eight,That Eight,sport,5.8-,8,0,exact,"United States > West Virginia > New River Gorge, The > Summersville (Gauley River) Area > Summersville Lake (main)",North America > United States > West Virginia > New River Gorge > Summersville Lake,summersville lake,87.2,44,44,0,exact_grade
e40acdd9-b8b6-5260-b48a-eda42d2dc454,14972,Staloner,Staloner,sport,5.13a,22,0,exact,United States > Utah > Southwest Utah > Saint George > Chuckawalla Wall,North America > United States > Utah > St. George > Chuckawalla,chuckawalla,81.5,17,17,0,exact_grade
e422dd62-ae2a-5f51-85b9-7dfc1a6a081d,14266,Voodoo Surfing,Voodoo Surfing,sport,5.10b/c,11,0,exact,"United States > West Virginia > New River Gorge, The > Summersville (Gauley River) Area > Summersville Lake (main)",North America > United States > West Virginia > New River Gorge > Summersville Lake,summersville lake,87.2,44,44,0,exact_grade
e454713d-8b88-550a-872d-e2711fe0bb2b,73758,Mutt Ridin Monkey,Mutt Ridin Monkey,sport,5.10d,13,0,exact,United States > Wyoming > Lander Area > Wild Iris > Aspen Glade,North America > United States > Wyoming > Wild Iris > Aspen Glades,aspen glades,95.7,12,12,0,exact_grade
e4754a49-012f-566f-9010-dc1b59ad1e23,114124,Skinny Legs,Skinny Legs,sport,5.13b,23,0,exact,"United States > West Virginia > New River Gorge, The > Summersville (Gauley River) Area > Summersville Lake (main)",North America > United States > West Virginia > New River Gorge > Summersville Lake > D.C. Memorial Boulders,summersville lake,87.2,44,44,0,exact_grade
e4dd65d2-6a20-591e-ae3a-a5b68329fda8,110335,Taco Chips,Taco Chips,sport,5.13a,22,0,exact,United States > Oregon > Central Oregon > Smith Rock > (g) Morning Glory Wall,North America > United States > Oregon > Smith Rock > Morning Glory Wall,morning glory wall,94.7,17,17,0,exact_grade
e4f04cb3-e476-5716-91f6-414eb075723e,15135,Stephan's Dihedral,Stephan's Dihedral,boulder,V7,8,0,exact,United States > Utah > Wasatch Range > Central Wasatch > Little Cottonwood Canyon,North America > United States > Utah > Little Cottonwood,little cottonwood,82.9,41,41,0,exact_grade
e4f2870d-130c-537f-a118-425daadd7bbb,132095,Lethal Weapon,Lethal Weapon,trad,5.8+,8,0,exact,United States > Nevada > Southern Nevada > Red Rocks > Willow Spring,North America > United States > Nevada > Red Rocks > Willow Springs > Ragged Edges,willow springs,96.3,11,11,0,exact_grade
e4f89daf-9e04-542d-a73b-aaef2c169767,37636,Maverick,Maverick,sport,5.10a,10,0,exact,United States > Arizona > Northern Arizona > Winslow- Hwy’s 87 & 99 Corridors > Jacks Canyon,North America > United States > Arizona > Jack's Canyon,jack s canyon,96.0,68,68,0,exact_grade
e5a45f80-d663-4199-a34f-b2b813b079ea,106601,Le dernier raisin,Le dernier raisin,sport,5.11c,16,0,exact,Canada > Quebec > Lanaudiere > Lac du Cap > Banlieue,North America > Canada > Québec > Lac du Cap > La Banlieue,la banlieue,84.2,9,9,0,exact_grade
e5bce9d9-7526-4020-88b3-3cc65093229e,5860,Pothole Alley,Pothole Alley,sport,5.9+,9,0,exact,Canada > Alberta > Bow Valley > Grassi Lakes (Closed 2022) > Gardener's Wall,North America > Canada > Alberta > Bow Valley > Grassi Lakes > Gardeners Wall,gardeners wall,96.6,11,11,0,exact_grade
e681f695-5510-5f97-989d-589195636815,129376,Card Shark,Card Shark,sport,5.11c,15,1,exact,United States > Arizona > Northern Arizona > Winslow- Hwy’s 87 & 99 Corridors > Jacks Canyon,North America > United States > Arizona > Jack's Canyon,jack s canyon,96.0,69,69,0,near_grade
e69af396-98ac-5825-b923-a986d98aebb5,114268,Anti Hero's,Anti Hero's,sport,5.10c,13,1,exact,United States > Utah > Wasatch Range > Central Wasatch > Little Cottonwood Canyon,North America > United States > Utah > Little Cottonwood,little cottonwood,82.9,42,42,0,near_grade
e6ce3a7d-51a4-5be3-a5c1-9b2c2acbf61e,130474,Glass Ocean,Glass Ocean,sport,5.8+,8,0,exact,United States > Utah > Wasatch Range > Central Wasatch > Big Cottonwood Canyon,North America > United States > Utah > Big Cottonwood,big cottonwood,80.0,41,41,0,exact_grade
e6eb63e5-1033-5476-8554-2613652dc6aa,5423,Crosstown Traffic,Crosstown Traffic,sport,5.11a,14,0,exact,United States > Arizona > Northern Arizona > Winslow- Hwy’s 87 & 99 Corridors > Jacks Canyon,North America > United States > Arizona > Jack's Canyon,jack s canyon,96.0,68,68,0,exact_grade
e78e4824-5034-4121-b931-ecfdfc3c1fca,66663,Japanese Cowboy,Japanese Cowboy,boulder,v4+,6,1,exact,Canada > British Columbia > Squamish > Stawamus Chief > North Wall Boulders,North America > Canada > British Columbia > Squamish > North Walls > The Clean Boulders,north walls,95.2,54,54,0,near_grade
e792ddde-41d0-55b8-92d2-0b18c8967370,140788,Six Shooter,Six shooter,sport,5.11d,18,1,exact,United States > Arizona > Northern Arizona > Winslow- Hwy’s 87 & 99 Corridors > Jacks Canyon,North America > United States > Arizona > Jack's Canyon > Moenkopi > Cracker Jacks,jack s canyon,96.0,69,69,0,near_grade
e7ed31e7-e9f7-59d5-9d2e-a0b46190e65a,33138,Cowgirl Diplomacy,Cowgirl diplomacy,sport,5.12c,20,0,exact,United States > Arizona > Northern Arizona > Winslow- Hwy’s 87 & 99 Corridors > Jacks Canyon,North America > United States > Arizona > Jack's Canyon,jack s canyon,96.0,68,68,0,exact_grade
e8399fd2-f169-5d3a-abd7-f8014adbdee3,132665,Dense Dunce,Dense Dunce,trad,5.8+,8,0,exact,United States > Nevada > Southern Nevada > Red Rocks > Willow Spring,North America > United States > Nevada > Red Rocks > Willow Springs > Ragged Edges,willow springs,96.3,11,11,0,exact_grade
e8b5efee-7ef5-596d-88c2-fd1281b02666,36860,Revelations,Revelations,sport,5.9,9,0,exact,United States > Oregon > Central Oregon > Smith Rock > (l) Christian Brothers,North America > United States > Oregon > Smith Rock > Christian Brothers,christian brothers,94.7,20,20,0,exact_grade
e8e9aa02-bdaa-5622-b32b-1d6a3b2c4008,129518,The Maize,The Maize,sport,5.12a,18,0,exact,United States > Utah > Wasatch Range > Central Wasatch > Big Cottonwood Canyon,North America > United States > Utah > Big Cottonwood,big cottonwood,80.0,41,41,0,exact_grade
e8ec0c76-a376-4699-9b41-96addeca1981,111667,Badge of Honour,Badge of Honour,boulder,v0,1,0,exact,Canada > British Columbia > Squamish > Stawamus Chief > North Wall Boulders,North America > Canada > British Columbia > Squamish > North Walls > Lower Sheriff's Badge Trail,north walls,95.2,53,53,0,exact_grade
e95e39b9-2fe8-5a6a-96ef-9a337d6041b2,54873,Minimancer,Minimancer,sport,5.9,9,0,exact,United States > Oregon > Portland & The Gorge > Broughton Bluff > (9) Jungle Cliff,North America > United States > Oregon > Broughton Bluff > Jungle Cliff,jungle cliff,92.3,4,4,0,exact_grade
e9714660-7017-423e-b068-1f9ae6fa6094,120,Filtered Light,Filtered Light,boulder,v3-4,4,0,exact,Canada > British Columbia > Fraser Valley > The Stacks > Lower Left Stacks,North America > Canada > British Columbia > Fraser Valley > Hope > The Stacks > Lower Stacks,lower stacks,82.8,17,17,0,exact_grade
e9a2b574-d230-5fa4-bb50-34eb81c6b9e6,90404,Morning Dew,Morning Dew,trad,5.9,9,0,exact,United States > Oregon > Central Oregon > Smith Rock > (yy) Basalt Rimrock,North America > United States > Oregon > Smith Rock > Basalt Rimrock,basalt rimrock,90.3,14,14,0,exact_grade
ea4fc3e8-3431-54a5-ab73-420bc99c852d,113940,Barney With An Attitude,Barney with an Attitude,sport,5.9,9,0,exact,United States > Utah > Southwest Utah > Saint George > Crawdad Canyon / Veyo,North America > United States > Utah > St. George > Crawdad Canyon,crawdad canyon,84.8,41,41,0,exact_grade
ea885ce0-3d13-5a87-aa33-11942d5714bb,44142,Deep Throat,Deep Throat,sport,5.13c,24,0,exact,"United States > West Virginia > New River Gorge, The > Summersville (Gauley River) Area > Summersville Lake (main)",North America > United States > West Virginia > New River Gorge > Summersville Lake,summersville lake,87.2,44,44,0,exact_grade
eaab9e7f-63a9-4a06-a361-aa40fa47c91e,139201,Camnivore,Camnivore,trad,5.8,8,0,exact,Canada > Quebec > Lanaudiere > Lac du Cap > Banlieue,North America > Canada > Québec > Lac du Cap > La Banlieue,la banlieue,84.2,9,9,0,exact_grade
eb40d51c-1bb5-5f9e-9e3b-055c2760e201,30252,Metamorphic Dawning,Metamorphic Dawning,sport,5.10c,12,0,exact,United States > Oregon > Central Oregon > Smith Rock > (yy) Basalt Rimrock,North America > United States > Oregon > Smith Rock > Basalt Rimrock,basalt rimrock,90.3,14,14,0,exact_grade
eb6ecae3-d0bf-48ab-af56-db2227ea3af8,21683,Mr. Green,Mr Green,boulder,v0,1,0,exact,Canada > British Columbia > Squamish > Stawamus Chief > North Wall Boulders,North America > Canada > British Columbia > Squamish > North Walls > The Clean Boulders > Death star,north walls,95.2,53,53,0,exact_grade
ebbe8c2e-1d9e-5136-8d2f-6c66d1e0b887,132213,Hemorrhagic Fever,Hemorrhagic Fever,sport,5.10c,12,0,exact,United States > Utah > Southwest Utah > Saint George > Crawdad Canyon / Veyo,North America > United States > Utah > St. George > Crawdad Canyon,crawdad canyon,84.8,41,41,0,exact_grade
ebd3fb97-b81c-4ca8-87ff-11312dcdea33,10013,Nick's Adventure,Nick's Adventure,boulder,v0,1,0,exact,Canada > British Columbia > Squamish > Stawamus Chief > North Wall Boulders,North America > Canada > British Columbia > Squamish > North Walls > The Lost World,north walls,95.2,53,53,0,exact_grade
ec84d26f-7ac7-4b67-86a8-7d62fcb17d3d,18600,Breakerfall,Breakerfall,boulder,v1,2,0,exact,Canada > British Columbia > Fraser Valley > The Stacks > Lower Right Stacks,North America > Canada > British Columbia > Fraser Valley > Hope > The Stacks > Lower Stacks > Lower Right,lower stacks,80.0,19,19,0,exact_grade
ec856c12-7355-5b1b-9260-64eaf5ed54e2,65678,Holier Than Thou,Holier Than Thou,sport,5.11b,15,0,exact,United States > Oregon > Central Oregon > Smith Rock > (l) Christian Brothers,North America > United States > Oregon > Smith Rock > Christian Brothers,christian brothers,94.7,20,20,0,exact_grade
ed3ec730-96a3-5fec-9b98-d3e1211367c1,23455,Gorilla Love Affair,Gorilla Love Affair,sport,5.11a,14,0,exact,United States > Oregon > Portland & The Gorge > Broughton Bluff > (9) Jungle Cliff,North America > United States > Oregon > Broughton Bluff > Jungle Cliff,jungle cliff,92.3,4,4,0,exact_grade
ed40237e-0da1-5677-925a-90e69efd8f3d,20679,Culture of Fear,Culture of Fear,sport,5.12b,19,0,exact,United States > Oregon > Central Oregon > Smith Rock > (l) Christian Brothers,North America > United States > Oregon > Smith Rock > Christian Brothers,christian brothers,94.7,20,20,0,exact_grade
edbb0353-9c35-5bff-8096-3c8869fe18fe,81663,Light on the Path,Light On The Path,sport,5.10a,10,0,exact,United States > Oregon > Central Oregon > Smith Rock > (g) Morning Glory Wall,North America > United States > Oregon > Smith Rock > Morning Glory Wall,morning glory wall,94.7,17,17,0,exact_grade
ede718dd-c3b5-5663-ab73-bb8adc09b457,23560,Vicious Fish,Vicious Fish,sport,5.13d,24,1,exact,United States > Oregon > Central Oregon > Smith Rock > (g) Morning Glory Wall,North America > United States > Oregon > Smith Rock > Morning Glory Wall,morning glory wall,94.7,18,18,0,near_grade
eecbd606-02cd-406a-909b-cadcc60b2e7d,4791,Zigidy Zags,Zigidy Zags,trad,5.10a,10,0,exact,Canada > British Columbia > Squamish > The Smoke Bluffs > Cabin Boy's Office,North America > Canada > British Columbia > Squamish > Smoke Bluffs > Cabin Boy’s Office,cabin boys office,97.1,4,4,0,exact_grade
ef89667e-51e5-4747-9dad-337bc25f2285,54401,Limelight Low,Limelight Low,boulder,v9-10,11,1,exact,Canada > British Columbia > Fraser Valley > The Stacks > Lower Right Stacks,North America > Canada > British Columbia > Fraser Valley > Hope > The Stacks > Lower Stacks > Lower Right,lower stacks,80.0,20,20,0,near_grade
effd30c0-84a3-4399-8635-d1e2b5d28322,124665,As Easy As It Looks,As Easy As It Looks,boulder,v0,2,1,exact,Canada > British Columbia > Fraser Valley > The Stacks > Lower Right Stacks,North America > Canada > British Columbia > Fraser Valley > Hope > The Stacks > Lower Stacks,lower stacks,80.0,20,20,0,near_grade
f001ad78-2375-4076-b791-17d980eedad5,4301,Streaker,Streaker,sport,5.8,8,0,exact,Canada > Alberta > Bow Valley > Porcupine Creek > Blind Man's Bluff,North America > Canada > Alberta > Kananaskis > Porcupine Creek > Blind Man's Bluff Left,blind man s bluff left,87.2,3,3,0,exact_grade
f05da067-fec2-506c-ba54-d738cfd7a36f,117265,Hell Fire,Hell Fire,sport,5.10b,12,1,exact,United States > Utah > Wasatch Range > Central Wasatch > Little Cottonwood Canyon,North America > United States > Utah > Little Cottonwood,little cottonwood,82.9,42,42,0,near_grade
f0df5fcf-fd56-5399-b3a0-3ca4c3e23870,98681,Monkey Boy,Monkey Boy,sport,5.12b,19,0,exact,United States > Oregon > Central Oregon > Smith Rock > (d) Aggro Gully,North America > United States > Oregon > Smith Rock > Aggro Gully,aggro gully,91.7,8,8,0,exact_grade
f15f6591-08f9-5200-be40-116098be9a09,11827,The Dude Abides,The Dude Abides,sport,5.11c,15,1,exact,United States > Kentucky > Red River Gorge > Pendergrass-Murray Recreational Preserve (PMRP) > Chica Bonita Wall,North America > United States > Kentucky > Red River Gorge > PMRP > Chica Bonita,chica bonita,82.8,12,12,0,near_grade
f16d5b3c-fb39-5268-83dd-6dbd9affef41,109886,Whiskey and Weed Power,Whiskey and Weed Power,sport,5.11b,15,0,exact,United States > Utah > Wasatch Range > Central Wasatch > Little Cottonwood Canyon,North America > United States > Utah > Little Cottonwood,little cottonwood,82.9,41,41,0,exact_grade
f174613e-f7b0-43df-9739-8ff9f41870cf,130432,A True Story,A True Story,boulder,v9,10,0,exact,Canada > British Columbia > Fraser Valley > The Stacks > Upper Left Stacks,North America > Canada > British Columbia > Fraser Valley > Hope > The Stacks > Upper Stacks,upper stacks,82.8,5,5,0,exact_grade
f22d7c4d-b344-52e1-ab8d-43229253ace4,5151,Under Attack,Under Attack,sport,5.12a,18,0,exact,United States > Arizona > Northern Arizona > Winslow- Hwy’s 87 & 99 Corridors > Jacks Canyon,North America > United States > Arizona > Jack's Canyon,jack s canyon,96.0,68,68,0,exact_grade
f2b0a2b3-5032-5365-9262-be1b419004e6,7935,Souled Out,Souled Out,sport,5.9,9,0,exact,"United States > West Virginia > New River Gorge, The > Summersville (Gauley River) Area > Summersville Lake (main)",North America > United States > West Virginia > New River Gorge > Summersville Lake,summersville lake,87.2,44,44,0,exact_grade
f357eab5-841c-5f74-8ac8-48fe49a9edef,45338,The Good Die Young,The Good Die Young,sport,5.10b,11,0,exact,United States > Oregon > Central Oregon > Smith Rock > (v) Monument Area,North America > United States > Oregon > Smith Rock > The Monument,monument,88.9,9,9,0,exact_grade
f366f9b2-61ff-5151-99d3-92a4109fcb89,34033,As the Crows Fly,As the Crows Fly,sport,5.11b,15,0,exact,United States > Utah > Southwest Utah > Saint George > Chuckawalla Wall,North America > United States > Utah > St. George > Chuckawalla,chuckawalla,81.5,17,17,0,exact_grade
f3d6a2c5-9d54-52a4-b80d-2273e6daa510,3773,Menace Alert,Menace Alert,sport,5.9+,9,0,exact,"United States > West Virginia > New River Gorge, The > Summersville (Gauley River) Area > Summersville Lake (main)",North America > United States > West Virginia > New River Gorge > Summersville Lake,summersville lake,87.2,44,44,0,exact_grade
f3fbcdbd-93e0-567f-9910-3d306caf1220,69222,Cat Scan,Cat Scan,sport,5.11b,15,0,exact,United States > Oregon > Central Oregon > Smith Rock > (g) Morning Glory Wall,North America > United States > Oregon > Smith Rock > Morning Glory Wall,morning glory wall,94.7,17,17,0,exact_grade
f419ae70-bee9-4a26-b682-23bae20e9105,94579,Chainsaw Massacre,Chainsaw Massacre,trad,5.10d,13,0,exact,Canada > British Columbia > Squamish > The Smoke Bluffs > Cabin Boy's Office,North America > Canada > British Columbia > Squamish > Smoke Bluffs > Cabin Boy’s Office,cabin boys office,97.1,4,4,0,exact_grade
f4584d83-6b93-4e82-9140-7e9376834d2e,106485,Infinity Slab,Infinity Slab,boulder,v3,4,0,exact,Canada > British Columbia > Fraser Valley > The Stacks > Lower Left Stacks,North America > Canada > British Columbia > Fraser Valley > Hope > The Stacks > Lower Stacks,lower stacks,82.8,17,17,0,exact_grade
f463684d-116f-5a03-8b0e-e0a2deb72df8,119008,Brown Eyed Girl,Brown Eyed Girl,sport,5.10a,10,0,exact,United States > Kentucky > Red River Gorge > Pendergrass-Murray Recreational Preserve (PMRP) > Chica Bonita Wall,North America > United States > Kentucky > Red River Gorge > PMRP > Chica Bonita,chica bonita,82.8,11,11,0,exact_grade
f506dea9-55af-56cc-929e-21fbdee32256,86225,Rub my Butt,Rub My Butt,boulder,V4,5,0,exact,United States > Utah > Wasatch Range > Central Wasatch > Little Cottonwood Canyon,North America > United States > Utah > Little Cottonwood,little cottonwood,82.9,41,41,0,exact_grade
f50ca264-a4a0-5715-8d49-8a2379a2c5b5,139654,Zebra Seam,Zebra seam,sport,5.11d,17,0,exact,United States > Oregon > Central Oregon > Smith Rock > (g) Morning Glory Wall,North America > United States > Oregon > Smith Rock > Morning Glory Wall,morning glory wall,94.7,17,17,0,exact_grade
f529f4e4-b5e1-4227-8407-8a4153d97bcf,3702,Elbow Gravy,Elbow Gravy,boulder,V5,5,1,exact,Canada > British Columbia > Squamish > Stawamus Chief > North Wall Boulders,North America > Canada > British Columbia > Squamish > North Walls > Upper Sheriff's Badge Trail,north walls,95.2,54,54,0,near_grade
f55d5976-e154-5e24-bf57-7531bc7c0585,47761,Undertow,Undertow,sport,5.12b,19,0,exact,United States > Oregon > Central Oregon > Smith Rock > (c) Shipwreck Wall,North America > United States > Oregon > Smith Rock > Shipwreck Wall,shipwreck wall,93.3,7,7,0,exact_grade
f66cf54d-6bad-587a-a51b-d450db82645e,132330,Cretin's Retreat,Cretins Retreat,trad,5.10c,12,0,compact,United States > Oregon > Central Oregon > Smith Rock > (z) Lower Gorge,North America > United States > Oregon > Smith Rock > Lower Gorge,lower gorge,91.7,11,11,0,exact_grade
f69c4a0c-d7fb-5b6e-8a4e-b912908ccee7,49616,Simple Minds,Simple Minds,sport,5.11d,17,0,exact,"United States > West Virginia > New River Gorge, The > Summersville (Gauley River) Area > Summersville Lake (main)",North America > United States > West Virginia > New River Gorge > Summersville Lake,summersville lake,87.2,44,44,0,exact_grade
f70e75a2-8bd1-57db-86c3-635eba2d5990,64224,Fuel Injected,Fuel Injected,sport,5.13a,22,0,exact,United States > California > San Bernardino Mountains > Highway 38 Crags > (c) Frustration Creek,North America > United States > California > Frustration Creek,frustration creek,94.4,7,7,0,exact_grade
f8412e3a-5dce-5214-a0dd-f8f8eb660ca4,124727,Friendly Fire,Friendly fire,sport,5.12c,20,0,exact,United States > Arizona > Northern Arizona > Winslow- Hwy’s 87 & 99 Corridors > Jacks Canyon,North America > United States > Arizona > Jack's Canyon,jack s canyon,96.0,68,68,0,exact_grade
f8b44d13-e654-52cd-83f7-b225134964e5,107215,Liquid Gold,Liquid Gold,sport,5.13c,23,1,exact,United States > California > San Bernardino Mountains > Highway 38 Crags > (c) Frustration Creek,North America > United States > California > Frustration Creek,frustration creek,94.4,8,8,0,near_grade
f911760b-9230-5c38-8a96-2340dd66591b,18384,Zone of Exclusion,Zone of Exclusion,sport,5.12a,18,0,exact,United States > Arizona > Northern Arizona > Winslow- Hwy’s 87 & 99 Corridors > Jacks Canyon,North America > United States > Arizona > Jack's Canyon,jack s canyon,96.0,68,68,0,exact_grade
f94b8656-938e-4e70-9c3b-de4f24dc3c30,140139,Wicapi Omani,Wicapi omani,sport,5.11c,16,0,exact,Canada > Quebec > Lanaudiere > Lac du Cap > Banlieue,North America > Canada > Québec > Lac du Cap > La Banlieue,la banlieue,84.2,9,9,0,exact_grade
f97a50aa-e9b1-5941-878f-41acd51c79c6,88389,Baby With A Nail Gun,Baby with a nail gun,sport,5.10c,12,0,exact,"United States > West Virginia > New River Gorge, The > Summersville (Gauley River) Area > Summersville Lake (main)",North America > United States > West Virginia > New River Gorge > Summersville Lake,summersville lake,87.2,44,44,0,exact_grade
fa436a0c-beb3-5b34-a0b6-98fbfbadf6d4,13202,Castles Made of Sand,Castles Made of Sand,sport,5.11c,16,0,exact,United States > Oregon > Central Oregon > Smith Rock > (v) Monument Area,North America > United States > Oregon > Smith Rock > The Monument,monument,88.9,9,9,0,exact_grade
fa4f6283-589c-5f77-99e1-4b5e3f5a6d30,14192,Da Kine Corner,Da Kine Corner,sport,5.12c,20,0,exact,United States > Oregon > Central Oregon > Smith Rock > (g) Morning Glory Wall,North America > United States > Oregon > Smith Rock > Morning Glory Wall,morning glory wall,94.7,17,17,0,exact_grade
fabd42c6-1ea1-591d-82f4-ea03c4a8f3a5,73121,Total Lack of Jump,Total Lack of Jump,sport,5.12a,18,0,exact,United States > Arizona > Northern Arizona > Winslow- Hwy’s 87 & 99 Corridors > Jacks Canyon,North America > United States > Arizona > Jack's Canyon,jack s canyon,96.0,68,68,0,exact_grade
fb5303e7-94c3-4633-abe5-33e1c9623c83,106058,La Renarde,La renarde,sport,5.10c,12,0,exact,Canada > Quebec > Lanaudiere > Lac du Cap > Banlieue,North America > Canada > Québec > Lac du Cap > La Banlieue,la banlieue,84.2,9,9,0,exact_grade
fbb9c503-ba05-45d6-a49a-0da3960075b4,81682,Not Drew's,Not Drew's,boulder,v0,1,0,exact,Canada > British Columbia > Fraser Valley > The Stacks > Lower Left Stacks,North America > Canada > British Columbia > Fraser Valley > Hope > The Stacks > Lower Stacks,lower stacks,82.8,17,17,0,exact_grade
fc1d55e2-8f89-403c-9f62-a80f12ffab7a,6261,Butt Surfer,Butt Surfer,boulder,v4,5,0,exact,Canada > British Columbia > Fraser Valley > The Stacks > Lower Right Stacks,North America > Canada > British Columbia > Fraser Valley > Hope > The Stacks > Lower Stacks,lower stacks,80.0,19,19,0,exact_grade
fc864396-4f4c-57f9-9c2a-2b91e1c81362,74896,Blackened,Blackened,sport,5.10a,10,0,exact,United States > Arizona > Northern Arizona > Winslow- Hwy’s 87 & 99 Corridors > Jacks Canyon,North America > United States > Arizona > Jack's Canyon,jack s canyon,96.0,68,68,0,exact_grade
fc885db2-b581-4671-81cd-ad6d12e1707e,12,Detached Flake,Detached Flake,boulder,v1,1,1,exact,Canada > British Columbia > Squamish > Stawamus Chief > North Wall Boulders,North America > Canada > British Columbia > Squamish > North Walls > The Farm,north walls,95.2,54,54,0,near_grade
fd1d348b-8f18-4501-a8ec-c84d22f0b5bf,35192,So! You Think You Know Good Kung-Fu?,"So, you think you know good Kung Fu",sport,5.11d,17,0,exact,Canada > Ontario > Ontario South Bouldering and Rock > Lion's Head > Lady Slipper Wall,North America > Canada > Ontario > Lion's head > Lady Slipper,lady slipper,82.8,5,5,0,exact_grade
fd898746-8126-4d34-8749-2961ae957376,128892,Holocene,Holocene,boulder,v2,3,0,exact,Canada > Newfoundland and Labrador > Newfoundland > Avalon Peninsula > Butter Pot Park,North America > Canada > Newfoundland > Butterpot Park,butterpot park,96.6,3,3,0,exact_grade
fe2698c4-f6b1-430e-a3e3-00a8f935c526,13858,The Docks,The Docks,boulder,v1,2,0,exact,Canada > British Columbia > Squamish > Stawamus Chief > North Wall Boulders,North America > Canada > British Columbia > Squamish > North Walls > Lower Sheriff's Badge Trail,north walls,95.2,53,53,0,exact_grade
fe634199-14bf-4faa-8ca1-d3a9e74abd66,9271,Cirrostratus,Cirrostratus,boulder,v3,4,0,exact,Canada > British Columbia > Fraser Valley > The Stacks > Lower Right Stacks,North America > Canada > British Columbia > Fraser Valley > Hope > The Stacks > Lower Stacks,lower stacks,80.0,19,19,0,exact_grade
ff140c76-2faf-4f9f-a1b6-ae47ca47dbcb,106205,Roadtrip,Roadtrip,sport,5.10b,10,1,exact,Canada > Quebec > Lanaudiere > Lac du Cap > Banlieue,North America > Canada > Québec > Lac du Cap > La Banlieue,la banlieue,84.2,10,10,0,near_grade
ff3c56c1-d35f-56df-8c2e-6f7f133389d4,46422,Try To Be Hip,Try to Be Hip,sport,5.12a,18,0,exact,United States > Oregon > Central Oregon > Smith Rock > (z) Lower Gorge,North America > United States > Oregon > Smith Rock > Lower Gorge,lower gorge,91.7,11,11,0,exact_grade
ff4f2b17-61b2-44c2-a6e7-c45ac3fc8cf7,94998,Holes to Heaven,Holes to Heaven,sport,5.10a,10,0,exact,Canada > Alberta > Bow Valley > Grassi Lakes (Closed 2022) > Gardener's Wall,North America > Canada > Alberta > Bow Valley > Grassi Lakes > Gardeners Wall,gardeners wall,96.6,11,11,0,exact_grade
ffb40d92-3c68-5e16-9715-a6a34ecbac2d,113039,Still Life,Still Life,sport,5.14b,27,0,exact,"United States > West Virginia > New River Gorge, The > Summersville (Gauley River) Area > Summersville Lake (main)",North America > United States > West Virginia > New River Gorge > Summersville Lake,summersville lake,87.2,44,44,0,exact_grade
ffd6ceab-1a5d-4bce-ab79-bda377ea8e97,865,Blowhole,Blowhole,boulder,v2,3,0,exact,Canada > British Columbia > Squamish > Stawamus Chief > North Wall Boulders,North America > Canada > British Columbia > Squamish > North Walls > The Farm,north walls,95.2,53,53,0,exact_grade
ffe453b6-9fd9-5011-b6f1-76dbd368939b,11243,Sports Book,Sports Book,sport,5.10a/b,10,0,exact,United States > Arizona > Northern Arizona > Winslow- Hwy’s 87 & 99 Corridors > Jacks Canyon,North America > United States > Arizona > Jack's Canyon,jack s canyon,96.0,68,68,0,exact_grade
